organisationunitid,organisationunitname,district_name,district_code,province_name,province_code,organisationunitcode,2015-06-27,2016-06-26,2017-06-26,2018-06-26,2019-06-27,2020-06-26,2021-06-26,2022-06-26,2023-06-27,2024-06-26,2025-06-26,2015-09-29,2016-09-28,2017-09-28,2018-09-28,2019-09-29,2020-09-28,2021-09-28,2022-09-28,2023-09-29,2024-09-28,2025-09-28,2015-04-25,2016-04-24,2017-04-25,2018-04-25,2019-04-25,2020-04-24,2021-04-25,2022-04-25,2023-04-25,2024-04-24,2025-04-25,2015-08-29,2016-08-28,2017-08-28,2018-08-28,2019-08-29,2020-08-28,2021-08-28,2022-08-28,2023-08-29,2024-08-28,2025-08-28,2016-03-25,2017-03-25,2018-03-26,2019-03-26,2020-03-25,2021-03-25,2022-03-26,2023-03-26,2024-03-25,2025-03-25,2016-02-24,2017-02-23,2018-02-24,2019-02-24,2020-02-24,2021-02-24,2022-02-24,2023-02-24,2024-02-24,2025-02-24,2015-05-26,2016-05-25,2017-05-26,2018-05-26,2019-05-26,2020-05-25,2021-05-26,2022-05-26,2023-05-26,2024-05-25,2025-05-26,2015-10-29,2016-10-28,2017-10-29,2018-10-29,2019-10-29,2020-10-28,2021-10-29,2022-10-29,2023-10-29,2024-10-28,2025-10-29,2016-01-26,2017-01-25,2018-01-26,2019-01-26,2020-01-26,2021-01-25,2022-01-26,2023-01-26,2024-01-26,2025-01-25,2015-11-28,2016-11-27,2017-11-28,2018-11-28,2019-11-28,2020-11-27,2021-11-28,2022-11-28,2023-11-28,2024-11-27,2025-11-28,2015-12-27,2016-12-27,2017-12-27,2018-12-27,2019-12-28,2020-12-27,2021-12-27,2022-12-27,2023-12-28,2024-12-27,2015-07-28,2016-07-27,2017-07-27,2018-07-28,2019-07-28,2020-07-27,2021-07-27,2022-07-28,2023-07-28,2024-07-27,2025-07-28
YubZ3SsXpMk,10905 Falgunanda Rural Municipality,109 PANCHTHAR,109,1 Koshi Province,1,10905,2.0,0,2.0,3.0,0,1.0,2.0,0,0,1.0,0,0,3.0,3.0,3.0,2.0,2.0,0,0,0,0,0,2.0,0,0,0,0,1.0,1.0,0,0,0,0,1.0,0,3.0,2.0,3.0,4.0,2.0,0,0,2.0,3.0,1.0,0,0,2.0,1.0,0,0,0,0,0,0,0,0,0,0,0,0,0,0,0,0,1.0,1.0,0,0,0,2.0,2.0,0,0,0,0,1.0,2.0,2.0,1.0,1.0,0,1.0,0,0,1.0,0,0,0,0,0,0,0,0,0,0,0,0,0,0,1.0,1.0,0,0,0,0,0,0,0,1.0,1.0,0,0,0,0,0,0,1.0,2.0,3.0,3.0,6.0,1.0,3.0,1.0,0,1.0,4.0
UYA23UmgomU,30802 Lalitpur Metropolitan City,308 LALITPUR,308,3 Bagmati Province,3,30802,0,0,0,0,0,0,0,0,0,0,0,4.0,0,0,0,0,0,0,0,0,0,0,0,0,0,0,0,0,0,0,0,0,0,2.0,0,0,0,0,0,0,0,0,0,0,0,0,0,0,0,0,0,0,1.0,0,0,0,0,0,0,0,0,0,0,0,0,4.0,0,0,0,0,0,0,0,0,0,0,0,0,0,0,0,0,0,0,0,0,0,0,0,0,0,0,0,0,0,0,0,0,0,0,0,0,0,0,0,0,1.0,0,0,0,0,0,0,0,0,0,0,0,1.0,0,0,0,0,0,0,0,0,1.0
wXQf5ocsOhG,20804 Paterwa Sugauli Rural Municipality,208 PARSA,208,2 Madhesh Province,2,20804,0,0,0,0,0,0,0,0,0,0,0,0,0,0,0,0,0,0,1.0,0,0,0,0,0,0,0,0,0,0,0,0,0,0,0,0,0,0,0,0,0,0,0,0,0,0,0,0,0,0,0,0,0,0,0,0,0,0,0,0,0,0,0,0,0,0,0,0,0,0,0,0,0,0,0,0,0,0,0,0,0,0,0,0,0,0,0,0,0,0,0,0,0,0,0,0,0,0,0,0,0,0,0,0,0,0,0,0,0,0,0,0,0,0,0,0,0,0,0,0,0,0,0,0,0,0,0,0,0
cRyJg8XWXOc,30511 Shivapuri Rural Municipality,305 NUWAKOT,305,3 Bagmati Province,3,30511,0,0,1.0,0,0,1.0,1.0,0,2.0,1.0,2.0,0,1.0,0,1.0,1.0,0,1.0,0,4.0,1.0,0,0,0,0,0,0,0,0,0,0,0,1.0,3.0,0,3.0,0,1.0,1.0,0,1.0,1.0,0,2.0,0,0,0,0,0,0,0,0,0,0,0,0,0,0,0,0,0,0,0,0,0,0,0,0,0,0,0,0,0,0,0,0,0,0,0,0,0,0,0,0,0,0,0,0,0,0,0,0,0,0,0,0,0,0,0,0,0,0,0,0,0,0,0,0,0,0,0,0,0,0,0,0,0,0,0,1.0,0,0,1.0,2.0,2.0,0,0,4.0
xBDvxlFhSZC,11213 Budhiganga Rural Municipality,112 MORANG,112,1 Koshi Province,1,11213,0,0,0,0,0,0,0,0,0,0,0,0,0,0,0,0,0,0,0,0,0,1.0,0,0,0,0,0,0,0,0,0,0,0,0,0,0,0,0,0,0,0,0,0,0,0,0,0,0,0,0,0,0,0,0,0,0,0,0,0,0,0,0,0,0,0,0,0,0,0,0,0,0,0,0,0,0,0,0,0,0,0,0,0,0,0,0,0,0,0,0,0,0,0,0,0,0,0,0,0,0,0,0,0,0,0,0,0,0,0,0,0,0,0,0,0,0,0,0,0,0,0,0,0,0,0,0,0,1.0
A8EZqSGm5PY,11306 Itahari Sub-Metropolitan City,113 SUNSARI,113,1 Koshi Province,1,11306,0,0,0,0,0,0,2.0,0,0,0,218.0,4.0,0,0,0,0,0,0,0,0,190.0,0,0,0,0,0,0,0,0,0,0,0,0,0,0,0,0,0,0,0,0,2.0,248.0,206.0,0,0,0,0,0,0,0,0,0,56.0,0,0,0,0,0,0,0,0,0,30.0,0,0,0,0,0,0,2.0,0,0,0,0,0,0,0,0,0,0,0,92.0,0,138.0,96.0,0,0,0,0,0,0,0,0,0,7.0,0,0,0,0,0,0,0,46.0,0,56.0,57.0,2.0,0,0,0,0,0,0,13.0,0,20.0,0,0,0,0,0,0,0,0,0,311.0,717.0
XJBL0CSQyqH,60801 Aathabisakot Municipality,608 RUKUM WEST,608,6 Karnali Province,6,60801,1.0,0,0,0,0,0,0,0,0,2.0,0,0,0,0,0,0,4.0,0,0,2.0,1.0,2.0,0,0,0,0,0,0,0,0,0,0,0,0,0,0,0,0,0,0,0,1.0,1.0,3.0,0,0,0,0,0,0,0,0,0,0,0,0,0,0,0,0,0,0,0,0,0,0,0,0,0,0,0,2.0,0,0,0,0,0,0,0,0,0,0,0,0,0,0,0,0,0,0,0,0,0,0,0,0,0,0,0,1.0,0,0,0,0,0,0,0,0,0,0,0,0,0,0,0,0,0,1.0,0,2.0,0,0,0,0,0,0,0,5.0
IWfloqDjBht,20801 Thori Rural Municipality,208 PARSA,208,2 Madhesh Province,2,20801,3.0,0,0,2.0,0,2.0,1.0,0,1.0,0,21.0,5.0,2.0,2.0,1.0,0,0,0,2.0,0,16.0,1.0,0,0,0,0,0,0,1.0,0,0,0,12.0,0,2.0,0,3.0,5.0,0,0,1.0,0,15.0,0,0,0,0,0,0,0,0,0,0,11.0,0,0,0,0,0,0,0,0,2.0,4.0,0,0,0,0,0,0,1.0,1.0,0,0,15.0,0,0,0,0,2.0,0,0,2.0,0,5.0,0,0,0,0,0,0,0,0,0,0,0,0,0,0,0,1.0,0,0,0,0,0,0,0,0,0,0,0,0,0,0,0,0,0,0,1.0,10.0,4.0,0,1.0,1.0,2.0,14.0,1.0
N6qQtnkpek0,50410 Gulmi Durbar Rural Municipality,504 GULMI,504,5 Lumbini Province,5,50410,0,0,0,0,0,1.0,0,0,0,0,1.0,0,0,0,0,0,0,0,0,0,0,0,0,0,0,0,0,0,0,0,0,0,0,0,0,0,0,0,1.0,0,0,0,0,0,0,0,0,0,0,0,0,0,0,0,0,0,0,0,0,0,0,0,0,0,0,0,0,0,0,0,1.0,1.0,0,0,0,0,0,0,0,0,0,0,0,0,0,0,0,0,0,0,0,0,0,0,0,0,0,0,0,0,0,0,0,0,0,0,0,0,0,0,0,0,0,0,0,0,0,0,0,0,0,0,0,0,1.0,0,0,2.0
hehIZAJVZtd,70207 Chhabis Pathibhara Rural Municipality,702 BAJHANG,702,7 Sudurpashchim Province,7,70207,0,0,0,0,0,2.0,0,1.0,0,0,0,0,0,0,0,0,0,0,0,0,0,0,0,0,0,0,0,0,0,0,0,0,0,1.0,0,0,0,0,0,0,0,0,0,0,0,0,0,0,0,0,0,0,0,0,0,0,0,0,0,0,0,0,0,0,0,0,0,0,0,0,0,0,0,0,0,1.0,0,0,0,0,0,0,0,0,0,0,0,0,0,0,0,0,0,0,0,0,1.0,0,0,0,0,0,0,0,0,0,0,0,0,0,0,0,0,0,0,0,0,0,0,0,1.0,0,0,1.0,0,0,0,0
fZ3LDhJyCuw,30902 Bhumlu Rural Municipality,309 KAVREPALANCHOK,309,3 Bagmati Province,3,30902,1.0,0,1.0,0,3.0,0,0,0,4.0,1.0,0,0,0,0,0,0,0,0,0,5.0,1.0,0,0,0,0,0,0,0,0,1.0,0,1.0,0,11.0,0,0,1.0,0,0,1.0,1.0,1.0,1.0,2.0,0,0,0,0,0,0,0,0,0,0,0,0,0,0,0,0,0,0,0,0,0,0,0,0,0,2.0,0,0,0,0,0,0,0,0,0,0,1.0,1.0,1.0,0,0,0,0,0,0,0,0,0,0,0,0,0,0,0,0,0,0,0,0,0,0,2.0,0,0,0,0,0,0,0,0,0,0,1.0,0,0,0,0,0,0,0,2.0,1.0,1.0,2.0
UOfRfLoQcDc,41004 Phalebas Municipality,410 PARBAT,410,4 Gandaki Province,4,41004,0,1.0,0,0,4.0,0,0,0,0,0,2.0,3.0,2.0,0,4.0,2.0,0,3.0,0,0,0,0,1.0,0,0,0,0,0,0,0,0,0,1.0,2.0,4.0,0,0,2.0,4.0,0,1.0,0,1.0,0,0,0,0,0,0,0,0,0,0,0,0,0,0,0,0,0,0,0,0,0,0,0,0,0,5.0,0,1.0,1.0,1.0,0,0,0,0,0,0,1.0,0,0,0,0,0,0,0,0,0,0,0,0,0,0,0,0,0,0,0,0,0,0,0,0,0,0,0,0,0,0,0,1.0,0,0,0,0,0,2.0,3.0,0,6.0,0,1.0,0,4.0,4.0,1.0,0
QtO7FHYoYFL,11401 Belaka Municipality,114 UDAYAPUR,114,1 Koshi Province,1,11401,0,0,0,7.0,21.0,42.0,25.0,30.0,34.0,33.0,32.0,0,0,0,0,22.0,0,24.0,48.0,31.0,62.0,21.0,0,0,0,5.0,0,11.0,6.0,7.0,5.0,8.0,12.0,0,0,0,0,18.0,35.0,22.0,58.0,38.0,44.0,0,0,0,0,0,3.0,5.0,11.0,4.0,11.0,11.0,0,0,0,0,2.0,5.0,2.0,6.0,0,1.0,0,1.0,1.0,10.0,22.0,20.0,20.0,25.0,30.0,23.0,16.0,0,0,0,0,13.0,0,18.0,32.0,11.0,28.0,15.0,0,0,0,0,1.0,0,0,0,0,0,0,0,0,0,1.0,0,9.0,2.0,7.0,8.0,5.0,0,0,0,0,2.0,0,0,2.0,0,6.0,0,2.0,0,0,20.0,36.0,40.0,31.0,29.0,64.0,95.0
eVhFBYrBC9Y,30206 Indrawoti Rural Municipality,302 SINDHUPALCHOK,302,3 Bagmati Province,3,30206,0,0,0,1.0,0,2.0,1.0,1.0,0,0,1.0,0,0,0,0,0,0,3.0,0,0,2.0,4.0,0,0,0,0,0,0,0,0,0,0,0,0,1.0,0,0,1.0,0,1.0,0,5.0,2.0,3.0,0,0,0,0,0,0,0,0,0,0,0,0,0,0,0,0,0,0,0,0,0,0,0,0,0,0,0,0,0,0,0,0,0,0,0,1.0,1.0,0,0,0,0,0,0,0,0,0,0,0,0,0,0,0,0,0,0,0,0,0,0,0,0,0,0,0,0,0,0,0,0,0,0,0,1.0,0,0,0,1.0,1.0,4.0,1.0,0,2.0,5.0,9.0
dcsJaeSXHa6,10103 Meringden Rural Municipality,101 TAPLEJUNG,101,1 Koshi Province,1,10103,0,0,1.0,2.0,1.0,2.0,1.0,0,0,1.0,0,2.0,1.0,2.0,0,0,0,0,0,2.0,0,0,2.0,0,0,0,0,0,0,0,0,0,0,0,0,0,0,0,0,0,1.0,0,0,2.0,0,0,0,0,0,0,0,0,0,0,0,0,0,0,0,0,0,0,0,0,3.0,1.0,3.0,0,2.0,1.0,0,0,0,0,0,0,0,0,0,0,0,0,0,0,1.0,0,0,0,0,0,0,0,0,0,0,0,2.0,0,0,0,0,0,0,0,0,0,0,0,0,0,0,0,0,0,0,0,0,0,0,1.0,0,0,0,2.0,0,4.0,0,2.0
uxG1PtRsuGp,50906 Maharajganj Municipality,509 KAPILBASTU,509,5 Lumbini Province,5,50906,0,0,0,0,0,0,0,0,0,0,0,0,2.0,0,0,0,0,0,0,0,0,0,0,0,0,0,0,0,0,0,0,0,0,0,4.0,0,0,0,0,0,0,0,0,0,0,0,0,0,0,0,0,0,0,1.0,0,0,0,0,0,0,0,0,0,0,0,2.0,0,0,0,0,0,0,0,0,0,0,0,0,0,0,0,0,0,0,0,0,0,0,0,0,0,0,0,3.0,0,0,0,0,0,0,0,0,0,0,0,0,0,0,0,0,0,0,0,0,0,0,0,0,4.0,0,0,0,0,0,0,0,0,0
MEJFzydYnSx,20703 Jitpur Simara Sub-Metropolitan City,207 BARA,207,2 Madhesh Province,2,20703,0,0,3.0,0,0,0,0,0,0,0,0,0,0,0,0,0,0,0,0,0,0,0,0,0,0,0,0,0,0,0,0,0,0,0,0,0,0,0,0,0,0,0,0,0,0,0,0,0,0,0,0,0,0,0,0,0,0,0,0,0,0,0,0,0,0,0,0,0,0,0,0,0,0,0,0,0,0,0,0,0,0,0,0,0,0,0,0,0,0,0,0,0,0,0,0,0,0,0,0,0,0,0,0,0,0,0,0,0,0,0,0,0,0,0,0,0,0,0,0,0,0,0,0,0,0,0,0,0
hkYy0OSJtes,30503 Suryagadhi Rural Municipality,305 NUWAKOT,305,3 Bagmati Province,3,30503,1.0,0,0,0,4.0,0,0,0,0,2.0,0,0,1.0,0,0,0,2.0,0,0,0,1.0,2.0,0,0,0,2.0,0,0,0,0,0,0,0,0,0,0,0,2.0,0,0,1.0,0,0,0,0,0,0,0,0,0,0,0,0,0,0,0,0,0,0,0,0,0,0,0,0,0,0,0,0,0,0,0,0,0,0,0,0,0,0,0,0,0,0,0,0,0,0,0,0,0,0,0,0,0,0,0,0,1.0,0,0,0,0,0,0,0,0,0,0,0,0,0,0,0,0,0,0,0,0,0,0,1.0,0,0,0,0,0,1.0,2.0
n22NGxaQxai,11112 Birtamod Municipality,111 JHAPA,111,1 Koshi Province,1,11112,0,0,0,0,0,0,0,1.0,0,0,0,0,0,0,0,0,0,0,0,0,0,0,0,0,0,0,0,0,0,0,0,0,0,0,0,0,0,0,0,0,0,1.0,0,2.0,0,0,0,0,0,0,0,2.0,0,0,0,0,0,0,0,0,0,0,0,0,0,0,0,0,0,0,0,0,0,0,0,0,0,0,0,2.0,0,0,0,0,0,0,0,0,0,0,0,0,0,0,0,0,0,0,0,0,0,0,0,0,0,0,0,0,0,0,0,0,0,0,0,0,0,0,0,0,0,0,0,0,0,0,0,2.0
RYcEcFRtMjF,70403 Puchaundi Municipality,704 BAITADI,704,7 Sudurpashchim Province,7,70403,0,0,0,0,0,0,0,2.0,0,0,1.0,0,0,0,0,0,0,1.0,0,0,0,0,0,0,0,0,0,0,0,0,0,0,0,2.0,0,0,0,0,0,0,0,0,0,0,0,0,0,0,0,0,0,0,0,0,0,0,0,0,0,0,0,0,0,0,0,0,0,0,0,0,0,0,0,0,0,0,0,0,0,0,0,0,1.0,1.0,1.0,0,0,0,0,0,0,0,0,0,0,0,0,0,0,0,1.0,0,0,0,0,0,0,0,0,0,0,0,0,0,0,0,0,0,0,0,0,0,1.0,0,1.0,0,1.0,0
j6f5ROpUwXM,20712 Simraungadh Municipality,207 BARA,207,2 Madhesh Province,2,20712,0,0,0,0,0,0,0,34.0,0,0,0,0,0,0,0,0,0,23.0,0,0,0,0,0,0,0,0,0,0,0,0,0,0,0,0,0,0,0,0,0,0,0,0,0,0,0,0,0,0,0,0,19.0,0,0,0,0,0,0,0,0,0,0,0,0,0,0,0,0,0,0,0,0,18.0,0,0,0,0,0,0,0,0,0,0,0,0,0,0,0,0,0,0,0,0,0,0,0,0,0,0,0,0,0,0,7.0,0,0,0,0,0,0,0,0,0,0,2.0,0,0,0,0,0,0,0,0,0,0,0,0,0,0
YCPqJYFT5dV,50808 Tilottama Municipality,508 RUPANDEHI,508,5 Lumbini Province,5,50808,0,0,0,0,0,0,0,2.0,0,0,0,0,0,0,0,0,0,0,0,0,0,0,0,0,0,0,0,0,0,0,0,0,0,0,0,0,0,0,0,0,0,0,0,16.0,0,0,0,0,0,1.0,0,0,0,0,0,0,0,0,0,0,0,0,0,0,0,0,0,0,0,0,0,0,0,0,0,0,0,0,0,0,0,0,0,3.0,0,0,0,0,0,0,0,0,0,0,0,0,0,0,0,0,0,0,0,0,0,0,1.0,0,0,0,0,0,0,0,0,0,0,0,0,0,0,0,0,0,0,0,0,17.0
Q9Tez14GQoi,70208 Durgathali Rural Municipality,702 BAJHANG,702,7 Sudurpashchim Province,7,70208,0,1.0,0,0,0,0,0,0,0,0,0,0,0,0,0,0,0,0,0,0,0,0,0,0,0,0,0,0,0,0,0,0,0,0,0,0,0,0,0,1.0,0,1.0,0,0,0,0,0,0,0,0,0,0,0,0,0,0,0,0,0,0,0,0,0,0,0,0,1.0,0,0,0,0,0,0,0,0,0,0,0,0,0,0,0,0,0,0,0,0,0,0,0,0,0,0,0,0,0,0,0,0,0,0,0,0,0,0,0,0,0,0,0,0,0,0,0,0,0,0,0,1.0,0,0,0,0,1.0,0,0,0,0
LuBkxJ50bKr,50102 Sisne Rural Municipality,501 RUKUM EAST,501,5 Lumbini Province,5,50102,0,0,0,0,0,2.0,0,6.0,1.0,0,5.0,0,0,0,0,0,1.0,2.0,0,0,0,1.0,0,0,0,0,0,0,0,0,0,1.0,6.0,0,1.0,0,0,0,2.0,3.0,0,0,0,2.0,0,0,0,0,0,0,0,0,0,0,0,0,0,0,0,0,0,0,0,0,0,1.0,0,0,0,2.0,1.0,0,1.0,0,10.0,0,0,0,0,0,0,0,0,0,0,2.0,0,0,0,0,0,0,0,0,2.0,0,0,0,0,0,0,0,0,0,0,0,0,0,0,0,0,0,0,0,0,0,0,0,0,0,0,0,0,0,0,0,4.0,11.0
LgUWza3LscP,11107 Damak Municipality,111 JHAPA,111,1 Koshi Province,1,11107,0,0,0,0,2.0,54.0,145.0,169.0,134.0,0,0,3.0,0,0,0,2.0,118.0,126.0,114.0,83.0,0,0,0,0,0,0,0,2.0,49.0,77.0,55.0,0,0,3.0,0,0,0,2.0,116.0,82.0,143.0,103.0,0,0,3.0,0,0,0,2.0,17.0,58.0,33.0,0,0,3.0,0,12.0,16.0,2.0,17.0,25.0,30.0,0,2.0,0,0,0,0,0,3.0,91.0,94.0,92.0,0,2.0,3.0,0,0,0,2.0,97.0,89.0,105.0,86.0,0,0,3.0,0,0,0,2.0,4.0,6.0,12.0,0,0,6.0,0,0,0,2.0,32.0,36.0,35.0,52.0,0,0,3.0,0,0,0,4.0,6.0,8.0,15.0,28.0,0,3.0,0,0,0,0,150.0,104.0,109.0,179.0,0,4.0
jUedBFxq6SW,40111 Gandaki Rural Municipality,401 GORKHA,401,4 Gandaki Province,4,40111,1.0,0,1.0,0,1.0,0,0,1.0,1.0,3.0,0,2.0,5.0,1.0,2.0,3.0,0,2.0,0,0,1.0,1.0,1.0,0,0,0,1.0,0,0,0,0,0,0,0,0,2.0,0,2.0,2.0,0,0,1.0,2.0,2.0,1.0,0,0,0,1.0,0,0,0,0,0,0,0,0,0,0,0,0,0,0,0,1.0,1.0,0,1.0,2.0,3.0,1.0,0,1.0,1.0,0,0,0,0,0,0,0,0,0,0,0,1.0,0,0,0,0,0,0,0,0,0,0,0,0,0,0,0,0,0,0,0,0,0,0,0,0,0,0,0,0,0,0,0,1.0,2.0,0,0,2.0,0,0,1.0,3.0,5.0,4.0
FDd4YEgMIPm,20808 Bahudarmai Municipality,208 PARSA,208,2 Madhesh Province,2,20808,0,0,0,0,0,0,0,0,0,0,0,0,0,0,0,0,0,0,0,0,0,0,0,0,0,0,0,0,0,0,0,0,0,0,0,0,0,0,0,4.0,0,0,0,0,0,0,0,0,0,0,0,0,0,0,0,0,0,0,0,0,0,3.0,0,0,0,0,0,0,0,0,0,0,0,0,0,0,0,0,0,0,0,0,0,0,0,0,0,0,0,0,0,0,0,0,0,0,0,0,0,0,0,0,0,0,0,0,0,0,0,0,0,0,0,0,0,0,0,0,0,0,0,0,0,0,0,0,0,0
ltqnFCQEb86,20317 Nagarain Municipality,203 DHANUSA,203,2 Madhesh Province,2,20317,0,0,0,0,0,1.0,0,0,0,0,0,0,0,0,0,0,0,0,0,0,0,0,0,0,0,0,0,0,0,0,0,0,0,0,0,0,0,0,0,0,0,0,0,0,0,0,0,0,0,0,0,0,0,0,0,0,0,0,0,0,0,0,0,0,0,0,0,0,0,0,0,0,0,0,0,0,0,0,0,0,0,0,0,0,0,0,0,0,0,0,0,0,0,0,0,0,0,0,0,0,0,0,0,0,0,0,0,0,0,0,0,0,0,0,0,0,0,0,0,0,0,0,0,0,0,0,0,0
iwHZRehENDP,70702 Ramaroshan Rural Municipality,707 ACHHAM,707,7 Sudurpashchim Province,7,70702,0,1.0,0,0,0,0,0,0,0,0,0,0,0,0,0,0,0,0,0,0,0,0,0,0,0,0,0,0,0,0,0,0,0,0,1.0,0,0,0,0,0,0,0,0,0,0,0,0,0,0,0,0,0,0,0,0,0,0,0,0,0,0,0,0,0,0,0,0,0,0,0,0,0,0,0,0,0,0,0,0,0,0,0,0,0,0,0,0,0,0,0,0,0,0,0,0,0,0,1.0,0,0,0,0,0,0,0,0,0,0,0,0,0,0,0,0,0,0,0,0,1.0,0,0,0,0,0,0,0,0,0
ubowqxaF44P,11201 Miklajung Rural Municipality,112 MORANG,112,1 Koshi Province,1,11201,0,0,0,0,0,0,0,0,0,0,0,0,0,0,0,0,0,0,0,0,0,0,0,0,0,0,0,0,0,0,0,0,0,0,0,0,0,0,0,0,0,0,0,0,0,0,0,0,0,0,0,0,0,0,0,0,0,0,0,0,0,0,0,0,0,0,0,0,0,0,0,0,0,0,0,0,0,0,0,0,0,0,0,0,0,0,0,0,0,0,0,0,0,0,0,0,0,0,0,0,0,0,0,0,0,0,0,0,0,0,0,0,0,0,0,0,0,0,0,0,0,0,0,0,0,0,2.0,0
WWTyL8WoLTK,40403 Dhawalagiri Rural Municipality,404 MYAGDI,404,4 Gandaki Province,4,40403,0,1.0,1.0,0,1.0,3.0,0,3.0,2.0,0,1.0,0,0,1.0,1.0,0,1.0,4.0,0,0,1.0,3.0,0,0,0,0,0,0,0,0,0,0,0,1.0,2.0,4.0,1.0,4.0,1.0,1.0,1.0,1.0,5.0,0,0,0,0,0,0,0,0,0,0,0,0,0,0,0,0,0,0,0,0,0,0,0,0,0,1.0,0,1.0,0,0,0,0,0,0,0,0,0,0,1.0,0,0,0,0,0,0,0,0,0,0,2.0,0,0,0,0,0,0,0,0,0,0,0,0,0,0,0,0,0,0,0,0,0,0,0,0,1.0,4.0,0,2.0,1.0,0,0,3.0,1.0,2.0,7.0
YOLKVYyNcpT,70210 Bitthadchir Rural Municipality,702 BAJHANG,702,7 Sudurpashchim Province,7,70210,0,0,0,0,0,0,0,0,1.0,1.0,0,0,0,0,0,2.0,0,4.0,0,0,0,0,0,2.0,0,0,0,0,0,0,0,0,0,0,1.0,0,0,0,0,0,0,0,0,0,0,0,0,0,0,0,0,0,5.0,0,0,0,0,0,0,0,0,0,0,0,0,0,1.0,0,0,0,0,0,0,0,1.0,0,0,0,0,0,0,0,0,2.0,0,0,0,0,0,0,0,0,0,0,0,0,0,0,0,0,0,0,1.0,0,0,0,0,0,0,0,0,0,0,0,0,0,0,0,1.0,1.0,0,0,0,1.0,0,0,0,0
HXgxCcAIbhS,60901 Darma Rural Municipality,609 SALYAN,609,6 Karnali Province,6,60901,0,0,0,0,0,0,2.0,0,0,0,0,0,0,0,0,0,0,0,0,0,0,0,0,0,0,0,0,0,0,0,0,0,0,0,2.0,0,1.0,0,0,0,1.0,0,1.0,0,0,0,0,0,0,0,0,0,0,0,0,0,0,0,0,0,0,0,0,0,0,0,0,0,0,0,0,0,0,0,0,0,0,0,0,1.0,0,0,0,0,0,0,0,0,0,0,0,0,0,0,0,0,0,0,0,0,0,0,0,0,0,0,0,0,0,0,0,0,0,0,0,0,0,0,2.0,0,0,0,0,0,0,1.0,0,8.0
YrCAQvqFSFi,60701 Barekot Rural Municipality,607 JAJARKOT,607,6 Karnali Province,6,60701,0,0,0,0,0,0,0,0,0,0,0,0,0,0,0,0,0,0,0,1.0,3.0,0,0,0,0,0,0,0,0,0,0,0,0,0,0,0,0,0,0,0,0,1.0,2.0,0,0,0,0,0,0,0,0,0,0,0,0,0,0,0,0,0,0,0,0,0,0,0,0,0,0,0,0,0,0,0,0,0,0,0,0,0,0,0,0,0,0,0,0,0,0,0,0,0,0,0,0,0,0,0,0,0,0,0,2.0,0,0,0,0,0,0,0,0,0,0,0,0,0,0,0,2.0,0,0,1.0,0,0,5.0,0,0,0
ptQeZdRtd7j,40606 Sundarbazar Municipality,406 LAMJUNG,406,4 Gandaki Province,4,40606,7.0,16.0,2.0,3.0,8.0,0,0,4.0,3.0,5.0,7.0,16.0,1.0,1.0,4.0,1.0,2.0,12.0,5.0,24.0,3.0,20.0,1.0,1.0,3.0,0,1.0,4.0,0,3.0,11.0,1.0,1.0,7.0,2.0,4.0,5.0,2.0,4.0,16.0,4.0,5.0,12.0,13.0,5.0,0,2.0,0,0,0,0,0,0,0,0,0,0,0,0,0,0,0,0,0,0,1.0,2.0,4.0,4.0,4.0,2.0,5.0,4.0,0,3.0,5.0,1.0,0,0,0,0,9.0,0,0,7.0,6.0,6.0,0,0,0,0,0,0,0,0,0,0,0,2.0,0,1.0,1.0,2.0,0,0,3.0,0,8.0,0,0,0,0,0,0,0,0,0,11.0,1.0,2.0,5.0,5.0,2.0,6.0,3.0,4.0,6.0,53.0
OtX1R7s6xXo,70708 Kamal Bazar Municipality,707 ACHHAM,707,7 Sudurpashchim Province,7,70708,0,0,2.0,2.0,0,0,0,0,0,0,0,0,0,0,0,0,0,0,0,0,2.0,0,0,0,0,0,0,0,0,0,0,2.0,0,0,0,0,0,0,0,0,0,0,0,0,0,0,0,0,0,0,0,0,0,0,0,0,0,0,0,0,0,0,0,0,0,0,0,0,0,0,0,0,0,0,0,0,0,0,0,0,0,0,0,0,0,0,0,0,0,0,0,0,0,0,0,0,0,0,0,0,0,0,0,0,0,0,0,0,0,0,0,0,0,0,0,0,0,0,0,2.0,0,0,0,0,0,0,0,0
nx5muIcTFJu,40805 Devchuli Municipality,408 NAWALPARASI EAST,408,4 Gandaki Province,4,40805,4.0,8.0,3.0,0,5.0,0,0,2.0,20.0,12.0,12.0,3.0,1.0,1.0,5.0,0,0,0,0,2.0,8.0,0,5.0,1.0,1.0,0,28.0,0,0,0,1.0,2.0,1.0,14.0,1.0,4.0,2.0,0,0,0,0,12.0,0,4.0,0,0,0,0,0,0,2.0,0,0,0,0,1.0,0,0,0,0,2.0,0,0,0,12.0,5.0,0,0,1.0,0,0,19.0,2.0,15.0,7.0,0,0,0,0,0,0,0,1.0,3.0,7.0,0,0,0,0,0,0,0,0,0,0,2.0,0,0,0,0,0,0,0,0,1.0,0,0,0,0,0,0,0,0,0,0,1.0,1.0,10.0,3.0,4.0,7.0,4.0,0,0,0,22.0,12.0,18.0
RALVkjcxCmw,41102 Kathekhola Rural Municipality,411 BAGLUNG,411,4 Gandaki Province,4,41102,1.0,1.0,1.0,1.0,2.0,4.0,1.0,2.0,0,2.0,1.0,2.0,0,1.0,2.0,2.0,2.0,0,0,1.0,0,0,0,0,0,0,1.0,0,0,0,0,0,0,1.0,1.0,0,3.0,1.0,2.0,2.0,0,1.0,2.0,0,0,0,0,0,0,0,0,0,0,0,0,0,0,0,0,0,0,0,0,0,0,0,0,0,0,1.0,0,1.0,1.0,1.0,0,0,0,0,2.0,2.0,0,0,0,0,0,0,0,0,0,0,0,0,0,0,0,0,0,1.0,0,0,0,0,1.0,0,0,0,0,0,0,0,0,0,0,0,0,0,0,1.0,2.0,0,1.0,2.0,1.0,0,2.0,2.0,1.0,2.0
JklR3e6RGTr,50608 Tinau Rural Municipality,506 PALPA,506,5 Lumbini Province,5,50608,0,0,2.0,0,0,0,0,0,0,1.0,1.0,0,0,0,0,0,0,0,0,0,0,0,0,0,0,0,0,0,0,0,0,0,0,0,0,0,0,0,0,0,0,0,0,1.0,0,0,0,0,0,0,0,0,0,0,0,0,0,0,0,0,0,4.0,0,0,0,0,0,0,0,0,0,0,0,0,0,0,0,0,0,0,0,0,0,0,0,0,0,0,0,0,0,0,0,0,0,0,0,0,0,0,0,0,0,0,0,0,0,0,0,0,0,0,0,0,0,0,0,0,0,0,0,0,2.0,1.0,0,0,0,1.0
qlfB0yF9ruz,51005 Babai Rural Municipality,510 DANG,510,5 Lumbini Province,5,51005,0,0,0,0,0,0,0,0,0,0,0,0,0,0,0,0,0,0,0,1.0,0,0,0,0,0,0,0,0,0,0,0,0,0,0,0,0,0,0,0,0,0,0,0,0,0,0,0,0,0,0,0,0,0,0,0,0,0,0,0,0,0,0,0,0,0,0,0,0,0,0,0,0,0,0,0,0,0,0,0,0,0,0,0,0,0,0,0,0,0,0,0,0,0,0,0,0,0,0,0,0,0,0,0,0,0,0,0,0,0,0,0,0,0,0,0,0,0,0,0,0,0,0,0,0,0,0,0,0
Cf6GIV8FAqx,11110 Jhapa Rural Municipality,111 JHAPA,111,1 Koshi Province,1,11110,0,0,0,0,0,0,0,0,0,0,0,0,0,0,0,0,0,0,0,0,0,0,0,0,0,0,0,0,0,0,0,0,0,0,0,0,0,0,0,0,0,0,0,0,0,0,0,0,0,0,0,0,0,0,0,0,0,0,0,0,0,0,0,0,0,0,0,0,0,0,0,0,0,0,0,1.0,0,0,0,0,0,0,0,0,0,0,0,0,0,0,0,0,0,0,0,0,0,0,0,0,0,0,0,0,0,0,0,0,0,0,0,0,0,0,0,0,0,0,0,0,0,0,0,0,0,0,0,0
SmI574YhzLn,10208 Chainapur Municipality,102 SANKHUWASABHA,102,1 Koshi Province,1,10208,1.0,2.0,1.0,1.0,1.0,1.0,1.0,0,1.0,7.0,6.0,2.0,1.0,0,0,0,2.0,4.0,1.0,3.0,1.0,1.0,0,0,0,0,0,0,0,0,0,0,0,0,2.0,0,1.0,2.0,3.0,1.0,5.0,2.0,2.0,3.0,0,0,0,0,0,0,1.0,0,1.0,0,0,0,0,0,0,0,0,0,0,0,0,1.0,3.0,0,0,0,0,1.0,0,7.0,0,1.0,2.0,1.0,0,0,2.0,0,0,0,0,0,0,0,0,0,0,0,0,0,0,0,0,0,0,0,0,0,0,0,0,0,0,0,0,0,0,0,0,0,6.0,0,0,1.0,3.0,8.0,0,0,0,3.0,0,2.0,2.0,4.0
FrZNY9SBOmG,40604 Madhya Nepal Municipality,406 LAMJUNG,406,4 Gandaki Province,4,40604,0,0,0,0,7.0,1.0,0,1.0,0,2.0,2.0,0,0,0,4.0,3.0,0,1.0,0,0,0,2.0,0,0,0,2.0,0,0,1.0,0,0,0,0,0,0,1.0,8.0,4.0,0,4.0,0,0,1.0,0,0,0,0,0,0,0,0,1.0,0,1.0,0,0,0,0,0,0,0,0,0,0,0,1.0,0,0,2.0,0,0,0,0,1.0,0,0,1.0,0,0,2.0,0,2.0,0,0,0,0,0,0,2.0,0,0,0,0,0,0,0,0,0,0,0,0,0,0,0,0,0,0,0,0,0,0,0,0,0,0,0,0,0,0,1.0,0,2.0,0,2.0,1.0,2.0,0,2.0
iXFygpFSP55,10904 Phidim Municipality,109 PANCHTHAR,109,1 Koshi Province,1,10904,0,0,2.0,0,0,0,0,0,0,0,0,1.0,0,0,0,0,0,0,0,0,0,0,0,0,0,0,0,0,2.0,0,0,3.0,0,4.0,0,0,0,1.0,1.0,0,0,2.0,0,0,0,0,0,0,0,0,0,0,0,0,0,0,0,0,0,0,0,0,0,0,0,0,0,0,0,0,0,0,0,0,0,0,0,0,0,0,0,0,0,0,0,0,0,0,0,0,0,0,0,0,0,0,0,0,0,0,0,0,0,0,0,0,0,0,0,0,0,0,0,0,0,0,0,0,1.0,0,0,0,0,1.0,0,0,1.0,0
lA8K5GXCO76,20809 Pokhariya Municipality,208 PARSA,208,2 Madhesh Province,2,20809,0,1.0,0,0,0,2.0,0,2.0,1.0,18.0,13.0,0,0,14.0,0,0,8.0,0,8.0,17.0,12.0,0,0,1.0,0,0,0,0,0,0,4.0,0,4.0,0,0,0,0,5.0,3.0,0,1.0,4.0,27.0,0,0,0,0,0,0,0,0,6.0,2.0,1.0,0,0,0,0,0,0,0,2.0,1.0,1.0,10.0,3.0,0,0,0,0,0,0,0,6.0,5.0,0,0,0,0,0,0,2.0,0,3.0,18.0,0,0,0,0,0,0,0,0,1.0,0,1.0,0,0,0,0,0,0,0,6.0,1.0,4.0,0,0,0,0,0,0,0,0,0,0,0,0,0,0,0,0,0,0,0,16.0,0,14.0
QBHBAOyZhcm,10804 Myanglung Municipality,108 TERHATHUM,108,1 Koshi Province,1,10804,0,1.0,0,0,1.0,1.0,0,0,0,0,0,0,0,7.0,0,0,30.0,0,2.0,0,0,0,3.0,0,0,0,0,0,0,0,0,0,0,0,0,2.0,0,2.0,0,0,0,0,0,0,0,0,0,0,0,0,0,0,0,0,0,0,0,0,0,0,0,0,0,0,0,0,0,0,2.0,0,0,0,0,0,0,0,0,1.0,0,0,0,2.0,0,0,0,0,0,0,0,0,0,0,0,0,0,0,0,0,0,0,0,0,0,0,0,0,0,0,0,0,0,0,0,0,0,0,0,0,16.0,0,0,0,0,0,2.0,0,0,2.0
hHrDGEWVf6J,30406 Nilkhantha Municipality,304 DHADING,304,3 Bagmati Province,3,30406,1.0,1.0,4.0,2.0,0,1.0,3.0,0,0,75.0,24.0,0,2.0,5.0,2.0,0,9.0,2.0,0,0,2.0,14.0,0,0,2.0,0,0,0,0,0,0,4.0,10.0,0,0,8.0,1.0,0,2.0,2.0,0,1.0,2.0,1.0,0,0,0,1.0,0,0,0,0,0,6.0,0,0,15.0,0,0,0,0,0,0,9.0,2.0,0,0,0,0,1.0,2.0,0,1.0,96.0,28.0,0,1.0,1.0,1.0,1.0,0,0,1.0,0,8.0,24.0,0,0,0,0,0,0,0,0,0,2.0,0,1.0,0,2.0,0,0,0,0,0,0,36.0,0,0,0,0,0,0,0,0,0,6.0,0,0,7.0,1.0,2.0,4.0,3.0,0,3.0,1.0,87.0
CEE78o1Vs3o,70206 Jayaprithbi Municipality,702 BAJHANG,702,7 Sudurpashchim Province,7,70206,2.0,0,0,2.0,16.0,0,0,5.0,0,6.0,0,1.0,0,0,1.0,5.0,0,5.0,0,2.0,4.0,0,0,0,0,0,0,0,0,0,0,0,1.0,3.0,4.0,8.0,9.0,1.0,0,0,9.0,11.0,4.0,0,0,0,0,0,0,0,0,0,0,0,0,0,0,0,0,0,0,0,0,0,0,0,2.0,2.0,1.0,0,2.0,1.0,0,1.0,2.0,0,0,0,26.0,0,0,2.0,0,0,4.0,0,0,0,0,0,0,0,0,0,0,4.0,0,0,0,0,0,0,0,0,0,2.0,0,0,0,0,0,0,0,0,0,0,0,0,0,5.0,0,15.0,1.0,0,20.0,2.0,15.0,10.0
A3882Q3TkHF,70701 Panchdebal Binayak Municipality,707 ACHHAM,707,7 Sudurpashchim Province,7,70701,0,0,0,0,0,0,0,0,1.0,0,0,0,0,1.0,0,0,0,0,0,0,0,0,0,0,0,0,0,0,0,0,0,0,0,0,0,0,0,0,0,0,0,0,2.0,0,0,0,0,0,0,0,0,0,0,0,0,0,0,0,0,0,0,0,0,0,0,0,0,0,0,0,0,0,0,0,0,0,150.0,0,0,0,0,0,0,0,0,0,0,0,0,0,0,0,0,0,0,0,0,0,0,0,0,0,0,0,0,0,0,0,0,0,0,0,0,0,0,0,0,0,0,0,0,0,0,0,1.0,0,0,2.0
Yf4pkqyyHwh,30801 Mahalaxmi Municipality,308 LALITPUR,308,3 Bagmati Province,3,30801,0,0,0,0,0,1.0,0,0,0,1.0,2.0,2.0,0,0,0,0,0,0,0,0,0,0,0,1.0,0,0,0,0,0,0,0,0,0,0,0,0,1.0,0,0,0,0,0,0,0,0,0,0,0,0,0,0,0,0,0,0,0,0,0,0,1.0,0,2.0,0,0,0,0,0,0,0,0,0,0,0,0,0,0,0,0,0,0,0,0,0,0,0,0,0,0,0,0,0,0,0,0,0,0,0,0,0,0,0,0,0,0,0,0,0,0,0,0,0,0,0,0,0,0,0,0,2.0,0,0,0,0,0,0,0,0,0
Uvmu9Da0suL,30103 Kalinchowk Rural Municipality,301 DOLAKHA,301,3 Bagmati Province,3,30103,1.0,0,0,0,0,1.0,0,0,0,1.0,0,1.0,0,0,0,0,0,0,0,0,0,0,0,0,0,0,0,0,0,0,0,0,0,0,0,0,0,1.0,0,0,0,0,0,0,0,0,0,0,0,0,0,0,0,0,0,0,0,0,0,0,0,0,0,0,0,0,1.0,0,0,1.0,0,0,0,0,0,0,0,0,0,0,0,0,0,0,0,0,0,0,0,0,0,0,0,0,0,0,0,0,0,0,0,0,0,0,0,0,0,0,0,0,0,0,0,0,0,0,0,0,0,0,0,0,0,0,0,0,1.0,0
Jhlufw6stpU,41108 Galkot Municipality,411 BAGLUNG,411,4 Gandaki Province,4,41108,1.0,4.0,0,15.0,2.0,19.0,13.0,10.0,6.0,7.0,1.0,0,6.0,0,1.0,3.0,4.0,4.0,0,1.0,8.0,3.0,0,1.0,0,1.0,0,3.0,2.0,0,0,0,1.0,4.0,2.0,1.0,2.0,7.0,15.0,9.0,9.0,6.0,7.0,4.0,1.0,0,0,0,0,0,0,0,0,0,1.0,1.0,0,0,0,0,0,0,0,0,1.0,3.0,0,3.0,0,9.0,10.0,5.0,0,2.0,0,1.0,1.0,0,0,4.0,0,0,0,1.0,1.0,2.0,0,1.0,0,0,0,0,0,0,0,0,0,0,0,0,4.0,0,0,0,0,1.0,0,0,2.0,0,0,0,0,3.0,0,0,0,5.0,5.0,6.0,5.0,3.0,15.0,19.0,10.0,3.0,6.0,11.0
m6AswZxJmfG,60204 Khatyad Rural Municipality,602 MUGU,602,6 Karnali Province,6,60204,0,0,0,0,1.0,0,0,0,0,0,0,0,0,0,0,0,0,0,0,0,1.0,0,0,0,0,0,0,0,0,0,0,0,0,0,0,0,0,0,0,0,0,0,1.0,0,0,0,0,0,2.0,0,0,0,0,0,0,0,0,0,0,0,0,0,0,0,0,1.0,0,0,0,0,0,0,0,0,0,0,0,0,0,0,0,0,0,0,0,0,0,0,0,0,0,0,0,0,0,0,0,0,0,0,0,0,0,0,0,0,0,0,0,0,0,0,0,0,0,0,0,0,0,0,0,0,0,0,0,0,0,4.0
kfXpzGLJqtq,61004 Gurbhakot Municipality,610 SURKHET,610,6 Karnali Province,6,61004,10.0,10.0,0,0,0,0,0,1.0,6.0,2.0,1.0,3.0,0,2.0,0,0,0,0,4.0,0,0,1.0,8.0,2.0,1.0,0,0,0,0,0,0,0,0,16.0,17.0,1.0,0,0,0,0,2.0,0,0,0,0,0,0,0,0,0,0,0,0,0,0,0,0,0,0,0,0,0,0,1.0,5.0,6.0,0,0,0,0,0,0,0,0,0,2.0,2.0,0,0,0,0,0,0,0,0,0,0,0,0,0,0,0,0,0,0,0,0,0,0,0,0,0,0,0,0,0,0,0,0,0,0,0,0,0,0,0,0,5.0,15.0,2.0,0,0,0,0,0,1.0,0,1.0
Wm3ndVlat85,30907 Temal Rural Municipality,309 KAVREPALANCHOK,309,3 Bagmati Province,3,30907,2.0,1.0,0,1.0,1.0,1.0,2.0,0,0,0,0,3.0,0,1.0,1.0,1.0,0,4.0,0,2.0,0,1.0,0,0,0,0,0,0,0,0,0,0,0,2.0,3.0,2.0,0,0,3.0,0,1.0,1.0,0,1.0,0,0,0,0,0,0,0,0,0,0,0,0,0,0,0,0,0,0,0,0,1.0,0,0,0,0,0,0,0,0,0,0,0,1.0,0,0,1.0,0,0,1.0,0,0,0,0,0,0,0,0,0,0,0,0,0,0,0,0,0,1.0,0,0,0,0,0,0,0,0,0,0,0,0,0,0,0,0,0,4.0,0,1.0,5.0,3.0,0,0,0,2.0,6.0
p0LUiD491Qx,50210 Lungri Rural Municipality,502 ROLPA,502,5 Lumbini Province,5,50210,0,1.0,0,1.0,2.0,0,0,0,0,0,0,1.0,2.0,1.0,0,0,0,0,0,0,0,0,0,0,0,1.0,0,0,0,0,0,0,0,1.0,0,0,0,1.0,0,1.0,2.0,0,2.0,0,0,0,0,0,0,0,0,0,0,0,0,0,0,0,0,0,0,0,0,0,0,0,0,0,0,0,0,0,0,0,0,0,0,0,0,0,0,0,0,0,0,0,0,0,0,0,0,0,0,0,0,0,0,0,0,0,0,0,0,0,0,0,0,0,0,0,0,0,0,0,0,0,0,0,0,0,1.0,0,0,9.0,0,0,0,0
KBnzTHkoeM0,40702 Byas Municipality,407 TANAHU,407,4 Gandaki Province,4,40702,1.0,4.0,0,0,1.0,1.0,2.0,1.0,1.0,3.0,19.0,0,8.0,1.0,0,3.0,9.0,8.0,33.0,1.0,1.0,6.0,2.0,0,0,1.0,0,0,5.0,0,0,2.0,13.0,0,5.0,1.0,4.0,3.0,20.0,0,0,0,6.0,0,5.0,0,0,0,0,2.0,0,0,0,9.0,3.0,0,0,0,0,3.0,0,0,0,0,3.0,5.0,0,1.0,0,2.0,2.0,0,0,3.0,8.0,0,18.0,0,0,3.0,3.0,0,0,0,0,0,2.0,0,0,0,0,0,0,0,0,0,0,1.0,0,0,1.0,0,0,0,0,0,0,0,0,0,0,0,0,0,0,0,0,2.0,10.0,0,2.0,0,21.0,14.0,1.0,1.0,16.0,6.0
w8m5t0Lm8Cu,70807 Lamki Chuha Municipality,708 KAILALI,708,7 Sudurpashchim Province,7,70807,0,0,0,0,0,8.0,4.0,4.0,0,15.0,15.0,0,0,0,0,0,0,0,3.0,0,0,2.0,0,0,0,0,0,0,0,2.0,0,0,0,0,0,0,0,0,0,0,5.0,17.0,0,0,0,0,0,0,0,0,0,0,0,0,0,0,0,0,0,0,0,0,13.0,25.0,0,0,0,0,0,3.0,0,0,0,0,15.0,0,0,0,0,0,0,0,0,0,0,0,0,0,8.0,0,0,0,0,0,0,0,0,0,0,0,0,0,0,0,0,0,0,0,0,0,0,0,0,0,0,0,0,0,0,0,0,0,9.0,0,0,1.0,15.0,18.0
MzEDM95lVfr,60606 Chamunda Bindrasaini Municipality,606 DAILEKH,606,6 Karnali Province,6,60606,0,0,0,0,0,0,0,0,0,0,0,0,0,0,0,0,0,0,0,0,0,0,0,0,0,0,0,0,0,0,0,0,0,0,0,0,0,0,0,0,0,0,0,0,0,0,0,0,0,0,0,0,0,0,0,0,0,0,9.0,0,0,0,0,0,0,0,0,0,0,0,0,0,0,0,0,0,0,0,0,0,0,0,0,1.0,0,0,0,0,0,0,0,0,0,0,0,0,0,0,0,0,0,0,0,0,0,0,0,0,0,0,0,0,0,0,0,0,0,0,0,0,0,0,0,0,0,0,0,0
V6hHd2VqP3S,30905 Dhulikhel Municipality,309 KAVREPALANCHOK,309,3 Bagmati Province,3,30905,0,0,0,0,0,0,0,1.0,0,1.0,0,0,0,0,0,0,1.0,1.0,0,0,0,1.0,0,0,0,0,0,0,0,0,0,0,0,0,0,0,1.0,4.0,0,0,0,0,0,0,0,0,0,0,0,0,0,0,0,0,0,0,0,0,0,0,0,2.0,0,0,0,0,0,0,0,0,0,0,0,0,26.0,0,0,0,0,0,0,0,0,0,0,1.0,0,0,0,0,0,0,0,0,0,0,0,0,0,0,0,0,0,0,0,0,0,0,0,0,0,0,0,0,0,0,0,0,1.0,0,0,0,0,0,0,0,0,2.0
ZaM840fa3qQ,50908 Yasodhara Rural Municipality,509 KAPILBASTU,509,5 Lumbini Province,5,50908,0,0,0,0,0,0,0,0,0,0,0,0,0,0,0,0,0,0,0,0,0,0,0,1.0,0,0,0,0,0,0,0,0,0,0,0,0,0,0,0,0,0,0,0,0,0,0,0,0,0,0,0,0,0,0,0,0,0,0,0,0,0,0,0,0,0,0,0,0,0,0,0,0,0,0,0,0,0,0,0,0,0,0,0,0,0,0,0,0,0,0,0,0,0,0,0,0,0,0,0,0,0,0,0,0,0,0,0,0,0,0,0,0,0,0,0,0,0,0,0,0,0,0,0,0,0,0,0,0
xqkfomLrYDd,30506 Meghang Rural Municipality,305 NUWAKOT,305,3 Bagmati Province,3,30506,0,0,0,0,0,1.0,0,1.0,0,0,0,1.0,0,0,1.0,0,0,0,0,0,1.0,0,0,0,1.0,1.0,0,0,0,0,0,0,0,2.0,0,0,2.0,0,0,0,0,1.0,0,1.0,0,0,0,1.0,0,0,0,0,0,0,0,0,0,0,0,0,0,0,0,0,0,0,1.0,0,0,0,0,0,1.0,1.0,0,0,0,0,0,0,0,0,0,0,0,0,0,0,0,0,0,0,0,0,0,0,0,0,0,0,0,0,0,0,0,0,0,0,0,0,0,0,0,0,0,0,0,1.0,0,4.0,0,0,0,0,0,0,1.0,1.0
A2wIau57qEM,50909 Mayadevi Rural Municipality,509 KAPILBASTU,509,5 Lumbini Province,5,50909,7.0,3.0,0,0,0,0,0,0,0,0,0,3.0,2.0,0,0,0,0,0,0,0,0,0,0,0,0,0,0,0,0,0,0,0,0,5.0,0,0,0,0,1.0,0,0,0,0,0,0,0,0,0,0,0,0,0,0,0,0,0,0,0,0,0,0,0,0,0,1.0,0,0,0,0,0,0,0,0,0,0,0,0,0,0,0,0,0,0,0,0,0,0,0,0,0,0,0,0,0,0,0,0,0,0,0,0,0,0,0,0,0,0,0,0,0,0,0,0,0,0,0,0,2.0,3.0,0,0,0,0,0,0,0,0,0
hPejcd2Mkhf,20602 Gujara Municipality,206 RAUTAHAT,206,2 Madhesh Province,2,20602,0,0,0,0,0,0,0,0,0,0,0,0,0,0,0,0,0,0,0,0,0,0,0,0,0,0,0,0,0,0,0,0,0,0,0,0,0,0,0,0,0,0,0,0,1.0,0,0,0,0,0,0,0,0,0,0,0,0,0,0,0,0,0,0,0,0,0,0,0,0,0,0,0,0,0,0,0,0,0,0,0,0,0,0,0,0,0,0,0,0,0,0,0,0,0,0,0,0,0,0,0,0,0,0,0,0,0,0,0,0,0,0,0,0,0,0,0,0,0,0,0,0,0,0,0,0,0,0,0
EaAPclkdZck,40602 Marshyangdi Rural Municipality,406 LAMJUNG,406,4 Gandaki Province,4,40602,0,7.0,3.0,0,0,5.0,2.0,0,0,0,1.0,1.0,0,0,0,1.0,2.0,0,0,0,0,0,0,0,1.0,2.0,0,1.0,0,0,0,0,0,1.0,1.0,0,0,0,0,1.0,1.0,0,2.0,0,0,0,0,0,0,0,0,0,0,0,0,0,0,0,0,0,0,0,0,0,1.0,0,1.0,3.0,0,0,0,1.0,0,2.0,0,0,0,0,0,1.0,0,0,0,0,0,1.0,0,0,0,0,0,0,0,0,0,0,0,0,0,0,0,0,0,0,0,0,0,0,0,0,0,0,0,0,0,0,0,1.0,0,1.0,1.0,1.0,3.0,1.0,1.0,0,0,3.0
yIMq6Cqon1V,70106 Badimalika Municipality,701 BAJURA,701,7 Sudurpashchim Province,7,70106,0,1.0,1.0,0,1.0,1.0,0,0,0,1.0,0,0,0,0,0,0,0,0,1.0,1.0,0,0,0,0,0,0,0,0,0,0,0,0,0,0,0,0,0,0,3.0,3.0,3.0,0,2.0,0,0,0,0,0,0,0,0,0,0,0,0,0,0,0,0,0,0,0,0,0,0,1.0,2.0,0,0,0,0,0,0,0,0,0,0,0,0,1.0,0,0,0,0,0,2.0,0,0,0,0,0,0,0,0,0,0,0,0,0,0,0,0,0,0,0,0,0,0,0,0,0,0,0,0,0,0,0,0,0,1.0,0,0,2.0,0,0,0,0,6.0
txbxUOKFj4k,40906 Biruwa Rural Municipality,409 SYANGJA,409,4 Gandaki Province,4,40906,0,0,0,1.0,3.0,0,1.0,1.0,0,0,1.0,0,0,3.0,0,1.0,1.0,2.0,0,1.0,0,0,0,0,0,0,0,1.0,0,0,0,0,0,0,0,0,0,5.0,1.0,0,4.0,2.0,0,0,0,1.0,0,0,0,0,2.0,0,0,0,0,0,0,0,0,0,0,0,0,0,0,0,0,2.0,3.0,1.0,1.0,1.0,0,0,0,0,0,0,1.0,0,1.0,2.0,0,0,0,0,0,0,0,0,0,0,0,0,0,0,0,0,0,1.0,7.0,0,0,0,0,0,0,0,0,0,0,0,0,0,0,0,0,0,1.0,0,0,2.0,1.0,2.0,0,2.0,2.0,0
RYci0bt6jLL,10806 Chhathar Rural Municipality,108 TERHATHUM,108,1 Koshi Province,1,10806,0,0,1.0,0,0,0,0,0,0,0,0,0,0,0,0,0,0,0,0,1.0,0,0,0,0,0,0,0,0,0,0,0,0,0,0,0,1.0,0,0,0,1.0,0,0,0,0,0,0,0,0,0,0,0,0,0,0,0,0,0,0,0,0,0,0,0,0,0,0,0,1.0,0,0,0,0,0,2.0,2.0,0,0,0,0,0,0,0,0,0,0,0,0,0,0,0,0,0,0,0,0,0,0,0,0,0,0,0,0,0,0,0,0,0,0,0,0,0,0,0,0,0,0,2.0,0,0,0,0,0,0,0,0,0,0
Aw6XiZcTpyl,10602 Salpa Silichho Rural Municipality,106 BHOJPUR,106,1 Koshi Province,1,10602,1.0,0,2.0,0,2.0,3.0,0,1.0,0,2.0,4.0,0,0,0,2.0,2.0,0,0,0,1.0,0,0,0,0,0,0,0,0,0,0,0,0,0,0,0,0,0,1.0,0,0,1.0,4.0,0,8.0,0,0,0,0,0,0,0,0,0,0,0,0,0,0,0,0,0,0,0,0,2.0,0,1.0,0,0,0,0,0,0,4.0,2.0,0,0,0,0,2.0,0,0,0,0,1.0,0,0,0,0,0,0,0,0,0,0,0,0,0,0,0,2.0,0,0,0,0,0,0,0,0,0,0,0,0,0,0,0,0,2.0,0,1.0,1.0,0,2.0,2.0,6.0,0,4.0,8.0
dG2LBoWixMr,70405 Dasharathchand Municipality,704 BAITADI,704,7 Sudurpashchim Province,7,70405,0,0,0,1.0,0,0,0,0,0,0,0,0,0,0,0,0,0,2.0,0,0,0,0,0,0,0,0,0,0,0,0,0,0,0,1.0,0,0,0,0,0,0,0,0,0,5.0,0,0,0,0,0,0,0,0,0,0,0,0,0,0,0,0,0,0,0,0,1.0,0,0,0,0,0,0,0,0,0,0,0,0,0,0,0,0,0,0,0,0,0,0,0,0,0,0,0,0,0,0,0,0,0,0,0,0,0,1.0,0,0,0,1.0,0,0,0,0,0,0,0,0,0,0,1.0,0,0,0,0,0,1.0,0,0,0,10.0
x8G6UV6hIbe,60704 Chhedagad Municipality,607 JAJARKOT,607,6 Karnali Province,6,60704,0,0,0,0,0,0,0,0,0,0,0,0,0,0,0,1.0,0,1.0,0,0,0,0,0,0,0,0,0,1.0,0,0,0,0,0,0,0,0,0,0,0,0,0,0,2.0,0,0,0,0,0,0,0,0,0,5.0,0,0,0,0,0,0,0,0,0,0,0,0,0,0,0,0,0,0,0,0,0,0,0,0,0,0,0,0,0,0,0,0,0,0,0,0,0,0,0,0,0,0,0,0,0,0,0,0,0,0,0,0,0,0,0,0,0,0,0,0,0,0,0,0,0,1.0,2.0,0,0,1.0,0,0,0,0,0
xqSNZN2Y5M6,70502 Amargadhi Municipality,705 DADELDHURA,705,7 Sudurpashchim Province,7,70502,0,4.0,6.0,8.0,0,0,0,0,0,0,0,3.0,6.0,2.0,9.0,0,0,0,0,0,0,0,6.0,0,0,1.0,0,0,0,0,0,1.0,0,5.0,6.0,10.0,15.0,0,0,0,0,0,0,0,0,0,0,0,0,0,0,0,0,0,0,0,0,0,0,0,0,0,0,7.0,7.0,2.0,5.0,2.0,0,0,0,0,0,0,0,0,0,1.0,0,0,0,0,0,0,0,0,0,0,0,0,0,0,0,0,0,0,0,0,0,3.0,0,0,0,0,0,0,12.0,0,0,16.0,0,0,0,0,0,0,0,5.0,7.0,8.0,6.0,1.0,0,0,0,0,0,12.0
kF2r78Cx9jX,40801 Gaidakot Municipality,408 NAWALPARASI EAST,408,4 Gandaki Province,4,40801,0,0,0,0,2.0,0,1.0,0,1.0,0,0,0,0,0,0,0,0,23.0,0,1.0,0,0,0,0,0,0,0,0,0,0,0,0,0,0,0,0,0,0,0,3.0,0,0,0,0,0,0,0,0,0,0,0,0,0,0,0,0,0,0,4.0,0,0,0,0,0,0,0,1.0,0,0,0,2.0,0,0,0,0,0,0,0,0,0,1.0,0,0,0,1.0,0,0,0,0,0,0,0,0,0,0,0,0,0,0,0,0,0,0,0,0,0,0,0,0,0,0,0,0,0,0,0,0,0,0,0,0,0,0,3.0,0,0,0,0
h4TMwE2Cx5p,11102 Buddhashanti Rural Municipality,111 JHAPA,111,1 Koshi Province,1,11102,0,0,0,0,0,0,0,0,0,0,0,0,0,0,0,0,0,0,0,0,0,0,0,0,0,0,0,0,0,0,0,0,0,0,0,0,0,0,0,0,0,0,0,0,0,0,0,0,0,0,0,0,0,0,0,0,0,0,0,0,0,0,0,0,0,0,0,0,0,0,0,0,0,0,0,0,0,0,0,0,0,0,0,0,0,0,0,0,0,0,0,0,0,0,0,0,0,0,0,0,0,0,0,0,0,0,0,0,0,0,0,0,0,0,0,0,0,0,0,0,0,0,0,0,0,0,4.0,0
pm1YkHRJxZf,50204 Gangadev Rural Municipality,502 ROLPA,502,5 Lumbini Province,5,50204,0,0,0,0,0,0,0,0,0,0,0,0,0,0,0,0,0,0,0,0,0,0,0,0,0,0,0,0,0,0,0,0,0,0,2.0,0,0,0,0,0,0,0,0,0,0,0,0,0,0,0,0,0,0,0,0,0,0,0,0,0,0,0,0,0,0,0,0,0,0,0,0,0,0,0,0,0,0,0,0,0,0,0,0,0,0,0,0,0,0,0,0,0,0,0,0,0,0,0,0,0,0,0,0,0,0,0,0,0,0,0,0,0,0,0,0,0,0,0,0,0,0,0,0,0,0,0,0,0
tIBNabgIuJG,60602 Mahabu Rural Municipality,606 DAILEKH,606,6 Karnali Province,6,60602,0,0,0,0,0,0,0,0,0,0,0,0,0,0,0,0,0,0,0,2.0,0,0,0,0,0,0,0,0,0,0,0,0,0,0,0,0,0,0,0,0,0,1.0,0,0,0,0,0,0,0,0,0,0,0,0,0,0,0,0,0,0,0,0,0,0,0,0,0,0,0,0,0,0,0,0,0,0,0,0,0,0,0,0,0,0,0,0,0,0,0,0,0,0,0,0,0,0,0,0,0,0,0,0,0,0,0,0,0,0,0,0,0,0,0,0,0,0,0,0,0,0,0,1.0,0,0,0,0,2.0,0
KpxC0mcU69H,70409 Patan Municipality,704 BAITADI,704,7 Sudurpashchim Province,7,70409,0,0,0,0,2.0,2.0,0,0,1.0,0,0,0,0,0,0,0,0,0,0,1.0,0,0,0,0,0,0,0,0,0,0,0,0,0,0,0,1.0,1.0,0,0,2.0,0,1.0,3.0,1.0,0,0,0,0,0,0,0,0,0,0,0,0,0,0,0,0,0,0,0,0,0,0,0,0,0,0,0,0,0,0,0,0,0,0,0,0,0,0,1.0,1.0,0,1.0,0,0,0,0,0,0,0,0,0,0,0,0,0,0,0,0,0,0,0,0,0,0,0,0,0,0,0,0,1.0,0,0,0,0,0,3.0,0,0,1.0,1.0,1.0,0,2.0
UzTFKbl7g95,20104 Rupani Rural Municipality,201 SAPTARI,201,2 Madhesh Province,2,20104,0,0,0,0,0,0,0,0,0,0,0,0,0,0,0,0,0,0,0,0,0,0,0,0,0,0,0,0,0,0,0,0,0,0,0,0,0,0,0,0,0,0,0,0,0,0,0,0,0,0,0,0,0,0,0,0,0,0,0,0,0,0,0,0,0,0,0,0,0,0,0,0,0,0,0,0,0,0,0,0,0,7.0,0,0,0,0,0,0,0,0,0,0,0,0,0,0,0,0,0,0,0,0,0,0,0,0,0,0,0,0,0,0,0,0,0,0,0,0,0,0,0,0,0,0,0,0,0,0
iDxjEAywhqD,31109 Hariharpurgaghi Rural Municipality,311 SINDHULI,311,3 Bagmati Province,3,31109,0,0,0,0,0,0,0,0,0,0,0,0,0,0,0,0,0,0,0,0,0,0,0,0,0,0,0,0,0,1.0,0,0,0,0,0,0,0,10.0,1.0,0,0,0,0,0,0,0,0,0,0,0,0,0,0,1.0,0,0,0,0,0,0,0,0,0,0,0,0,0,0,0,0,0,0,0,0,0,14.0,1.0,0,0,0,0,0,0,0,0,0,0,0,0,0,0,0,0,0,0,0,0,0,0,0,0,0,0,0,0,0,0,0,0,0,0,0,0,0,0,0,0,0,0,0,0,0,0,0,0,0,0,0
zLYAl5X1IrN,10906 Kummayak Rural Municipality,109 PANCHTHAR,109,1 Koshi Province,1,10906,0,0,0,1.0,0,0,0,0,0,0,0,0,0,0,0,0,0,0,0,0,0,0,0,0,0,0,0,0,0,0,0,0,0,0,0,0,0,0,0,0,0,0,0,0,0,0,0,0,0,0,0,0,0,0,0,0,0,0,0,0,0,0,0,0,0,0,0,0,0,0,0,0,0,0,0,0,0,0,0,0,0,0,0,0,0,0,0,0,0,0,0,0,0,0,0,0,0,0,0,0,0,0,0,0,0,0,0,0,0,0,0,0,0,0,0,0,0,0,0,0,1.0,0,0,0,0,0,0,0
ckHDueeccRO,40102 Ajirkot Rural Municipality,401 GORKHA,401,4 Gandaki Province,4,40102,2.0,1.0,0,0,0,2.0,1.0,4.0,3.0,0,1.0,1.0,0,1.0,1.0,0,0,1.0,0,1.0,1.0,1.0,1.0,0,0,0,0,0,0,0,0,0,0,2.0,0,3.0,1.0,0,0,0,1.0,0,0,0,0,0,0,0,0,0,0,0,0,0,0,0,0,0,0,0,0,0,0,0,0,0,0,2.0,0,2.0,1.0,0,1.0,0,0,0,0,0,2.0,0,0,1.0,0,0,0,0,0,0,0,0,0,0,0,0,0,0,0,0,0,0,0,0,0,0,0,0,0,0,0,0,0,0,0,0,0,0,0,0,1.0,3.0,0,1.0,1.0,0,2.0,2.0,0,1.0
LNLe1sdQtNV,51007 Lamahi Municipality,510 DANG,510,5 Lumbini Province,5,51007,9.0,11.0,7.0,8.0,9.0,13.0,12.0,24.0,1.0,0,22.0,10.0,11.0,7.0,0,0,0,5.0,6.0,0,0,46.0,0,1.0,1.0,0,0,0,0,3.0,0,0,0,13.0,11.0,20.0,2.0,2.0,0,5.0,24.0,0,0,14.0,1.0,1.0,0,0,0,0,8.0,0,0,0,3.0,2.0,0,0,0,0,2.0,0,0,0,1.0,7.0,6.0,0,5.0,1.0,5.0,11.0,0,0,42.0,4.0,3.0,2.0,4.0,8.0,0,5.0,0,0,0,0,0,0,0,0,0,0,1.0,0,0,0,0,0,0,0,3.0,0,1.0,0,0,0,2.0,0,0,0,0,2.0,0,1.0,0,0,0,0,4.0,18.0,3.0,17.0,30.0,13.0,2.0,0,0,126.0
fI2CEJPXuMR,11001 Mai Jogmai Rural Municipality,110 ILAM,110,1 Koshi Province,1,11001,0,0,0,0,1.0,0,0,1.0,0,0,2.0,0,1.0,0,0,0,0,0,0,0,0,0,0,0,0,0,0,0,0,0,0,0,0,0,0,0,0,0,0,0,0,0,0,0,0,0,0,0,0,0,0,0,0,0,0,0,0,0,0,0,0,2.0,0,0,0,1.0,0,0,0,0,0,0,0,0,0,0,0,0,0,0,0,0,0,0,0,0,0,0,0,0,0,0,0,0,0,0,0,0,0,0,0,0,0,0,0,0,0,0,0,0,0,0,0,0,0,0,0,0,0,0,0,0,0,0,0,0,0,0
VppKq6IZeDb,31104 Golanjor Rural Municipality,311 SINDHULI,311,3 Bagmati Province,3,31104,0,0,0,0,1.0,0,0,0,0,0,2.0,0,0,0,0,0,0,0,0,0,0,0,0,0,0,0,0,0,0,0,0,0,0,0,2.0,0,0,2.0,0,0,0,0,0,0,0,0,0,0,0,0,0,0,0,0,0,0,0,0,0,0,0,0,0,0,0,0,0,0,0,1.0,0,0,0,0,0,0,0,2.0,0,0,0,0,0,2.0,0,0,0,0,0,0,0,0,0,0,0,0,0,0,0,0,0,0,0,0,0,0,0,0,0,0,0,0,2.0,0,0,0,0,0,0,0,3.0,0,0,0,0,1.0,0,0
LwXIl5HeCi8,10805 Laligurans Municipality,108 TERHATHUM,108,1 Koshi Province,1,10805,0,0,0,2.0,0,0,0,0,0,2.0,3.0,0,1.0,0,0,0,0,1.0,0,3.0,0,0,1.0,0,0,0,0,0,0,0,0,0,0,1.0,0,3.0,0,4.0,0,1.0,0,4.0,0,2.0,0,0,0,0,0,0,0,0,0,0,0,0,0,0,0,0,0,0,0,0,1.0,0,0,0,0,0,0,0,0,2.0,0,1.0,0,0,0,0,0,1.0,0,0,0,0,0,0,0,0,0,0,0,0,2.0,0,0,1.0,0,0,0,0,0,0,0,0,0,0,0,0,0,0,0,0,0,0,0,2.0,0,1.0,0,0,0,0,1.0,2.0,0,2.0
Va2R0WOfjZK,40605 Besishahar Municipality,406 LAMJUNG,406,4 Gandaki Province,4,40605,5.0,25.0,5.0,10.0,0,0,1.0,0,0,1.0,0,4.0,4.0,4.0,3.0,1.0,0,0,0,0,0,0,0,1.0,2.0,2.0,0,0,3.0,0,0,0,2.0,4.0,15.0,12.0,8.0,0,0,0,0,2.0,0,0,1.0,0,0,0,0,0,2.0,0,0,0,1.0,0,0,0,0,0,0,0,0,0,3.0,29.0,9.0,9.0,0,0,0,0,0,0,0,3.0,0,4.0,3.0,0,0,0,0,0,0,0,0,0,0,0,0,0,0,0,0,0,0,4.0,0,0,0,0,0,0,0,0,0,0,0,0,0,0,0,0,0,0,0,8.0,12.0,1.0,10.0,1.0,0,0,0,0,0,2.0
uLoM1lcKeYr,30412 Thakre Rural Municipality,304 DHADING,304,3 Bagmati Province,3,30412,0,0,0,1.0,0,1.0,0,0,1.0,0,3.0,0,0,1.0,1.0,0,1.0,1.0,0,0,2.0,0,0,0,0,0,0,0,0,0,0,0,0,0,3.0,0,0,0,1.0,0,0,1.0,1.0,3.0,0,0,0,0,0,2.0,0,0,0,0,0,0,0,0,0,0,0,0,0,3.0,1.0,0,1.0,0,0,1.0,0,0,0,1.0,0,0,0,0,0,0,1.0,0,0,0,0,0,0,0,0,0,0,0,0,0,0,0,0,0,0,0,0,0,0,0,0,0,0,0,0,0,0,0,0,0,0,0,0,0,2.0,1.0,0,0,0,0,0,0,7.0,3.0
iwHpr1wY3TV,51202 Barbardiya Municipality,512 BARDIYA,512,5 Lumbini Province,5,51202,0,1.0,0,0,0,0,0,0,0,0,3.0,0,0,0,0,0,0,0,0,0,0,0,0,0,0,0,0,0,0,0,0,0,0,0,0,0,0,0,0,0,0,0,0,0,0,0,0,0,0,0,0,0,0,0,0,0,0,0,0,0,0,0,0,0,0,0,0,0,0,0,0,0,0,0,0,0,0,0,0,0,0,0,0,0,0,4.0,0,0,0,0,0,0,0,0,0,0,0,0,0,0,0,0,0,0,0,0,0,0,0,0,0,0,0,0,0,0,0,0,0,0,0,0,0,0,0,0,0,6.0
WlsoyP8RB5A,30605 Tokha Municipality,306 KATHMANDU,306,3 Bagmati Province,3,30605,0,0,0,0,0,0,0,0,0,2.0,1.0,0,0,2.0,0,0,0,0,0,0,0,0,0,0,0,0,0,0,0,0,0,0,0,0,0,0,0,0,0,0,0,0,0,0,0,0,0,0,0,0,0,0,0,0,0,0,0,0,0,0,0,0,0,0,0,0,0,0,0,1.0,0,0,0,0,0,0,0,0,0,0,0,0,0,0,0,0,0,0,0,0,0,0,15.0,0,0,0,0,0,0,0,0,0,0,0,0,0,0,0,0,0,0,0,0,0,0,0,0,0,0,0,0,0,0,0,0,0,0,0
voE6nkNZ68u,20116 Hanumannagar Kankalini Municipality,201 SAPTARI,201,2 Madhesh Province,2,20116,3.0,0,0,0,0,0,0,7.0,0,0,0,0,0,6.0,0,0,0,0,0,0,0,0,0,0,3.0,0,3.0,0,2.0,0,0,0,0,6.0,0,6.0,0,0,0,0,0,0,0,0,0,0,0,0,0,0,0,0,0,0,0,0,0,0,0,0,0,0,0,0,3.0,0,0,20.0,0,0,2.0,4.0,0,0,0,5.0,0,3.0,0,0,0,0,0,0,0,0,0,0,0,0,0,0,0,0,0,0,0,0,0,4.0,0,0,0,0,0,0,0,0,0,0,0,0,0,0,0,0,0,7.0,0,0,0,0,0,0,0,0,0,0
F5aE3rj2vJW,30901 Chauri Deurali Rural Municipality,309 KAVREPALANCHOK,309,3 Bagmati Province,3,30901,1.0,2.0,0,1.0,0,0,2.0,1.0,8.0,0,0,0,2.0,0,0,0,0,1.0,0,0,0,0,0,1.0,0,1.0,0,0,0,0,0,0,0,3.0,0,0,2.0,0,0,0,1.0,1.0,0,0,0,0,0,0,0,0,0,0,0,0,0,0,1.0,0,0,0,0,0,0,0,0,0,0,0,0,0,0,1.0,1.0,0,0,0,3.0,0,0,0,0,0,0,0,0,1.0,0,0,0,0,0,0,0,0,0,0,0,0,0,0,0,0,0,0,0,0,0,0,0,0,0,0,0,0,0,0,0,1.0,1.0,1.0,0,1.0,3.0,5.0,0,2.0,0,5.0
eTrK1SZ2dxk,40104 Dharche Rural Municipality,401 GORKHA,401,4 Gandaki Province,4,40104,4.0,0,0,2.0,2.0,0,0,0,4.0,3.0,2.0,1.0,0,0,0,1.0,0,1.0,0,0,2.0,0,0,0,0,0,0,0,2.0,0,4.0,0,1.0,0,2.0,0,0,0,0,1.0,0,0,0,2.0,0,0,0,0,0,0,0,0,0,0,0,0,0,0,0,0,0,0,0,0,0,0,0,0,1.0,0,1.0,0,0,0,0,1.0,0,0,0,0,0,0,0,1.0,1.0,0,0,0,0,0,0,0,0,0,0,0,0,0,0,0,1.0,0,0,0,0,0,0,0,0,0,0,0,0,0,0,0,0,0,6.0,0,2.0,1.0,1.0,0,0,0,0,4.0
OghqD7YRDP9,41003 Kushma Municipality,410 PARBAT,410,4 Gandaki Province,4,41003,4.0,15.0,13.0,18.0,0,3.0,2.0,1.0,0,0,0,14.0,24.0,12.0,9.0,0,0,1.0,10.0,0,0,0,0,3.0,5.0,0,0,1.0,0,0,0,0,1.0,9.0,9.0,12.0,11.0,14.0,0,0,0,1.0,0,1.0,0,5.0,0,0,0,0,0,0,0,0,0,0,0,1.0,0,0,0,0,0,0,0,15.0,12.0,8.0,0,0,0,2.0,1.0,0,0,0,9.0,4.0,5.0,0,8.0,1.0,0,0,0,0,0,0,0,0,0,0,0,0,0,0,0,0,5.0,0,0,0,0,0,0,0,0,0,0,9.0,0,0,0,0,0,0,0,6.0,17.0,10.0,18.0,2.0,11.0,0,3.0,4.0,2.0,1.0
B9uYCJ6J5df,30704 Suryabinayak Municipality,307 BHAKTAPUR,307,3 Bagmati Province,3,30704,0,0,0,0,0,1.0,0,1.0,1.0,1.0,2.0,0,0,0,0,0,0,0,0,1.0,0,0,0,0,0,0,0,0,0,0,0,0,0,0,0,0,0,0,0,0,0,0,0,0,0,0,0,0,0,0,0,0,1.0,0,0,0,0,0,0,1.0,0,0,1.0,0,0,0,0,0,1.0,0,0,0,0,0,0,0,0,0,0,0,0,0,1.0,0,1.0,0,0,0,0,0,0,2.0,0,0,0,0,2.0,0,0,0,0,0,0,0,0,0,0,0,0,0,0,0,0,0,0,0,0,0,0,0,0,0,1.0,0,0,0,0,0
HxZFAUdkmSq,60707 Nalagad Municipality,607 JAJARKOT,607,6 Karnali Province,6,60707,2.0,0,0,1.0,0,2.0,1.0,0,0,1.0,0,0,0,2.0,3.0,1.0,0,0,0,1.0,0,2.0,2.0,0,0,0,0,0,0,0,0,1.0,0,0,6.0,1.0,0,1.0,0,0,0,0,6.0,2.0,0,0,0,0,0,0,0,0,0,0,0,0,0,0,0,0,0,0,0,0,4.0,0,0,0,0,0,2.0,2.0,0,0,0,0,0,1.0,1.0,0,0,1.0,0,0,0,0,0,0,0,0,0,0,0,0,0,0,0,0,0,0,0,0,0,0,0,0,0,0,0,0,0,0,0,0,0,0,0,10.0,0,2.0,2.0,1.0,0,5.0,0,0,0,14.0
mhJDOp22gkO,60706 Bheri Municipality,607 JAJARKOT,607,6 Karnali Province,6,60706,0,0,0,0,15.0,0,4.0,5.0,0,7.0,0,1.0,0,0,0,1.0,2.0,0,2.0,0,0,0,0,0,0,0,8.0,0,3.0,1.0,0,2.0,0,0,0,4.0,0,0,6.0,2.0,3.0,0,4.0,0,0,0,0,0,0,0,3.0,0,0,0,0,0,0,0,0,0,3.0,1.0,0,0,0,0,0,0,15.0,0,3.0,2.0,2.0,4.0,2.0,0,0,0,0,0,0,0,0,0,0,0,0,0,0,0,0,0,5.0,1.0,0,0,0,0,0,0,0,1.0,3.0,0,0,0,0,0,0,0,0,0,0,2.0,0,0,0,0,0,0,0,0,3.0,0,4.0,0,0,0
zce1OaOO6G0,10104 Maiwakhola Rural Municipality,101 TAPLEJUNG,101,1 Koshi Province,1,10104,0,0,0,2.0,0,0,0,0,0,1.0,0,0,2.0,0,0,0,0,0,0,0,1.0,0,0,0,0,0,0,0,0,0,0,0,0,0,0,0,0,1.0,0,0,0,0,3.0,0,0,0,0,0,0,0,0,0,0,0,0,0,0,0,0,0,0,0,0,0,0,1.0,0,0,0,0,0,0,1.0,0,0,0,0,0,0,0,0,2.0,0,0,0,0,0,0,0,0,0,0,0,0,0,0,0,0,0,0,0,0,0,0,0,0,0,0,0,0,0,0,0,0,0,0,0,0,0,0,1.0,0,3.0,0,0,0,0,0
ekqIpRijlJ5,61009 Chaukune Rural Municipality,610 SURKHET,610,6 Karnali Province,6,61009,0,0,0,0,0,0,0,0,0,0,0,0,0,0,0,0,0,0,0,0,0,0,0,0,0,0,0,0,0,0,0,0,0,0,0,0,0,0,0,0,0,0,0,0,0,0,0,0,0,0,0,0,0,0,0,0,0,0,0,0,0,0,0,0,0,0,0,0,0,0,1.0,0,0,0,0,0,0,0,0,0,0,2.0,0,0,0,0,0,0,0,0,0,0,0,0,0,0,0,0,0,0,0,0,0,0,0,0,0,0,0,0,0,0,0,0,0,0,0,0,0,0,0,0,0,0,0,0,0,0
qjjjZzVEyW6,60301 Chankheli Rural Municipality,603 HUMLA,603,6 Karnali Province,6,60301,0,0,2.0,0,0,0,1.0,0,0,0,0,0,0,0,1.0,0,12.0,3.0,0,0,0,2.0,0,0,0,0,0,0,0,0,0,0,0,0,0,0,0,0,0,0,0,0,2.0,1.0,0,0,0,0,0,0,0,0,0,0,0,0,0,0,0,0,0,0,0,0,0,0,0,0,0,0,0,0,0,0,0,0,0,0,0,0,5.0,0,0,0,0,0,0,0,0,0,0,0,0,0,0,0,0,0,0,0,0,0,0,0,0,0,0,0,0,0,0,0,0,0,0,0,0,0,0,0,0,0,2.0,2.0,0,0,3.0,3.0
KdxSxjtMLdr,50406 Malika Rural Municipality,504 GULMI,504,5 Lumbini Province,5,50406,0,0,0,0,0,2.0,3.0,4.0,3.0,5.0,2.0,0,0,0,1.0,0,2.0,0,0,5.0,3.0,1.0,0,0,0,0,0,2.0,2.0,0,0,1.0,0,1.0,0,0,7.0,0,4.0,2.0,0,0,16.0,2.0,0,0,0,0,0,0,0,0,0,0,0,0,0,0,0,0,0,0,0,0,0,0,0,0,0,3.0,0,1.0,0,3.0,2.0,0,0,0,1.0,0,0,0,0,0,0,1.0,0,0,0,0,0,0,0,0,0,0,0,0,0,0,0,0,0,0,0,1.0,0,0,0,0,0,0,0,0,0,0,2.0,0,0,0,1.0,3.0,2.0,0,1.0,0,8.0,8.0
ucVF5gpZ8D1,40501 Madi Rural Municipality,405 KASKI,405,4 Gandaki Province,4,40501,2.0,0,0,0,0,1.0,4.0,0,2.0,3.0,0,0,0,0,0,0,0,3.0,0,2.0,1.0,1.0,0,0,0,0,0,1.0,0,0,0,0,0,1.0,0,2.0,0,0,1.0,1.0,2.0,2.0,1.0,1.0,0,2.0,0,0,0,0,0,0,0,0,0,0,0,0,0,0,0,0,0,0,0,1.0,0,1.0,0,3.0,2.0,0,2.0,2.0,0,0,1.0,0,0,0,0,0,0,0,0,0,0,0,0,0,0,0,0,0,0,0,0,0,2.0,0,0,0,0,0,0,0,0,0,0,0,0,0,0,0,0,0,1.0,0,0,1.0,2.0,0,2.0,2.0,0,0,1.0,6.0
YqQbkwADI71,60506 Khandachakra Municipality,605 KALIKOT,605,6 Karnali Province,6,60506,2.0,1.0,0,0,0,0,0,0,1.0,0,0,0,0,0,0,1.0,0,1.0,0,0,0,0,0,0,0,0,0,1.0,0,1.0,0,0,0,0,0,0,1.0,0,1.0,0,1.0,2.0,1.0,0,0,0,0,1.0,0,0,0,0,0,0,0,0,0,0,0,0,0,0,0,0,0,0,0,1.0,0,3.0,0,0,4.0,0,0,0,0,0,0,0,0,0,0,0,0,0,0,0,0,0,0,0,0,0,0,0,0,0,0,0,0,0,1.0,0,0,0,0,0,0,0,0,0,0,0,0,0,0,0,2.0,2.0,1.0,2.0,1.0,0,1.0,1.0,0,4.0
zFmBHaRvkLd,30207 Choutara Sangachowkgadhi Municipality,302 SINDHUPALCHOK,302,3 Bagmati Province,3,30207,0,1.0,0,0,0,2.0,0,1.0,0,0,0,5.0,0,0,2.0,0,1.0,0,0,0,0,0,0,1.0,0,0,0,2.0,1.0,0,0,0,0,3.0,1.0,0,0,0,3.0,2.0,2.0,0,0,0,0,0,0,0,0,0,0,0,0,0,0,0,0,0,0,0,0,0,0,0,0,1.0,0,0,12.0,2.0,0,1.0,0,0,0,0,0,0,0,0,0,0,0,0,0,0,0,0,0,0,0,0,0,0,0,0,0,0,0,0,0,0,0,0,0,0,0,0,0,0,0,0,0,0,0,0,0,1.0,0,0,1.0,2.0,3.0,3.0,0,1.0,0,0
xE2NOY84Rnl,50308 AIRAWATI RURAL MUNICIPALITY,503 PYUTHAN,503,5 Lumbini Province,5,50308,0,0,0,0,0,0,0,0,0,0,0,0,0,0,0,0,0,0,0,0,0,0,0,0,0,0,0,0,0,0,0,0,0,0,0,0,0,0,0,0,0,0,0,0,0,0,0,0,0,0,0,0,0,0,0,0,0,0,0,0,0,0,0,0,0,0,0,0,0,0,0,0,0,0,0,0,0,0,0,0,0,0,0,0,0,0,0,0,0,0,0,0,0,0,0,0,0,0,0,0,0,0,0,0,0,0,0,0,0,0,0,0,0,0,0,0,0,2.0,0,0,0,0,0,0,0,0,0,0
UDNIRW1i9Gk,30105 Jiri Municipality,301 DOLAKHA,301,3 Bagmati Province,3,30105,3.0,1.0,0,3.0,3.0,4.0,1.0,9.0,1.0,1.0,2.0,0,1.0,0,0,0,0,0,0,1.0,0,0,0,0,1.0,0,3.0,0,0,0,1.0,0,0,2.0,0,2.0,1.0,1.0,0,0,0,0,0,0,0,0,0,4.0,0,0,0,0,0,0,0,0,0,0,2.0,0,0,0,0,0,1.0,0,3.0,3.0,3.0,3.0,0,0,0,0,0,1.0,1.0,1.0,0,0,0,0,0,0,0,0,0,0,0,0,0,0,0,0,0,0,0,0,0,0,0,0,0,0,0,0,0,0,0,0,0,0,0,0,0,0,0,2.0,0,2.0,3.0,2.0,1.0,0,0,1.0,1.0,4.0
wkfdoD1yW8p,20613 Rajpur Municipality,206 RAUTAHAT,206,2 Madhesh Province,2,20613,0,0,0,0,1.0,0,0,0,0,0,0,0,0,0,0,0,0,0,0,0,0,0,0,0,0,0,0,0,0,0,0,0,0,0,0,0,0,0,39.0,0,0,0,0,0,0,0,0,0,0,0,0,0,0,0,0,0,0,0,0,0,0,0,0,0,0,0,0,0,0,0,0,0,0,0,0,0,0,0,0,0,0,0,0,0,0,0,0,0,0,0,0,0,0,0,0,0,0,0,0,0,0,0,0,0,0,0,0,0,0,0,0,0,0,0,0,0,0,0,0,0,0,7.0,17.0,0,0,0,0,0
uZHgBUrBFiw,50201 Sunchhahari Rural Municipality,502 ROLPA,502,5 Lumbini Province,5,50201,0,1.0,2.0,1.0,0,1.0,2.0,0,0,3.0,1.0,1.0,2.0,0,0,0,1.0,0,0,1.0,2.0,0,0,0,0,0,0,0,1.0,0,0,0,0,0,0,2.0,0,1.0,1.0,155.0,1.0,0,0,2.0,0,0,0,0,0,0,0,0,1.0,0,0,0,0,0,0,0,0,0,0,0,0,0,0,0,0,2.0,0,0,1.0,0,0,0,0,0,0,0,0,0,0,0,0,0,0,0,0,0,0,0,0,0,0,0,0,0,0,0,0,0,0,0,0,0,0,0,0,0,0,0,0,0,0,0,0,0,0,1.0,2.0,1.0,1.0,1.0,1.0,1.0,2.0,2.0
XJcmAfNk3tE,10509 Jante Dhunga Rural Municipality,105 KHOTANG,105,1 Koshi Province,1,10509,0,1.0,0,0,0,0,2.0,0,0,0,0,0,0,0,0,0,0,2.0,0,0,0,0,0,0,0,0,0,0,0,0,0,0,0,1.0,1.0,2.0,0,0,0,0,0,0,1.0,0,0,0,0,0,0,0,0,0,0,0,0,0,0,0,0,0,0,0,0,0,0,0,0,0,0,0,0,0,1.0,0,0,0,0,0,0,0,0,0,0,0,1.0,0,0,0,0,0,0,0,0,0,0,0,0,0,0,0,0,0,0,0,0,0,0,0,0,0,0,0,0,0,0,0,0,0,1.0,0,0,0,0,0,0,0,1.0,0
XLjQzv0rxIP,10206 Khandabari Municipality,102 SANKHUWASABHA,102,1 Koshi Province,1,10206,3.0,0,0,1.0,1.0,4.0,1.0,0,0,11.0,8.0,0,1.0,0,2.0,0,3.0,2.0,0,0,0,2.0,2.0,0,0,5.0,1.0,0,0,0,0,14.0,4.0,1.0,2.0,0,0,0,0,1.0,0,1.0,20.0,2.0,0,0,2.0,2.0,0,0,0,0,10.0,8.0,0,0,0,0,0,0,0,0,8.0,0,4.0,0,0,2.0,2.0,0,0,0,0,8.0,8.0,0,0,0,1.0,1.0,0,0,6.0,0,4.0,2.0,0,2.0,0,0,0,0,0,0,4.0,6.0,0,0,0,0,0,0,0,2.0,0,14.0,0,0,0,0,0,0,0,0,0,0,10.0,0,2.0,8.0,0,0,3.0,0,0,0,0,26.0
lw377s6XZd1,20501 Lalbandi Municipality,205 SARLAHI,205,2 Madhesh Province,2,20501,0,0,0,0,0,0,0,0,0,85.0,292.0,97.0,0,0,0,0,0,0,0,77.0,96.0,0,55.0,49.0,56.0,0,0,0,0,0,0,35.0,85.0,133.0,0,0,0,0,0,0,0,194.0,92.0,0,31.0,44.0,0,0,0,0,0,0,33.0,0,10.0,0,0,0,0,0,0,0,0,0,133.0,87.0,106.0,0,0,0,0,0,0,87.0,0,36.0,0,0,0,0,0,0,0,35.0,52.0,0,6.0,0,0,0,0,0,0,0,0,0,18.0,0,0,0,0,0,1.0,0,16.0,0,0,0,0,0,0,0,0,0,0,5.0,28.0,137.0,0,0,0,0,0,0,0,0,114.0,0
QIsDAg98UTi,10604 Bhojpur Municipality,106 BHOJPUR,106,1 Koshi Province,1,10604,3.0,0,0,0,1.0,2.0,0,0,0,2.0,0,4.0,2.0,0,1.0,0,1.0,0,0,0,0,0,0,0,0,0,0,0,0,0,0,0,2.0,4.0,3.0,0,1.0,0,0,0,0,0,0,0,1.0,0,0,0,0,0,0,0,0,4.0,0,0,0,0,0,0,0,0,0,19.0,0,0,5.0,0,0,0,0,0,0,0,2.0,0,0,0,0,0,0,0,0,0,0,4.0,0,0,0,0,0,0,0,0,0,2.0,0,0,0,0,0,0,0,0,0,0,26.0,0,0,0,0,0,0,0,0,1.0,0,6.0,2.0,2.0,2.0,0,0,0,0,0,0,30.0
MBPs5x5ajKs,40608 Dudhapokhari Rural Municipality,406 LAMJUNG,406,4 Gandaki Province,4,40608,2.0,2.0,2.0,3.0,0,1.0,0,3.0,0,5.0,6.0,0,1.0,2.0,0,1.0,2.0,0,1.0,2.0,1.0,0,0,0,0,0,0,0,0,0,0,0,0,1.0,0,0,0,1.0,0,0,0,0,0,0,0,0,0,0,0,0,0,0,0,0,0,0,0,0,0,0,0,0,0,0,0,0,0,0,0,0,1.0,0,0,0,0,0,0,0,0,0,0,0,0,0,1.0,0,0,0,0,0,0,0,0,0,0,0,0,0,0,0,0,0,0,0,0,1.0,0,0,0,0,0,0,0,0,0,0,0,0,1.0,1.0,0,0,2.0,0,0,4.0,3.0,2.0
M3ObAyvipp5,40908 Chapakot Municipality,409 SYANGJA,409,4 Gandaki Province,4,40908,1.0,6.0,2.0,1.0,4.0,2.0,0,1.0,6.0,15.0,2.0,5.0,11.0,30.0,4.0,0,0,0,16.0,0,5.0,12.0,0,0,1.0,2.0,6.0,0,0,0,1.0,1.0,6.0,3.0,9.0,6.0,5.0,0,0,0,21.0,5.0,3.0,11.0,1.0,0,0,2.0,0,0,0,0,0,0,0,0,0,0,0,0,0,0,0,0,0,1.0,0,15.0,3.0,11.0,0,0,1.0,2.0,6.0,0,0,1.0,0,0,0,0,7.0,0,2.0,1.0,0,0,0,0,0,0,0,0,0,0,0,0,0,0,0,0,0,0,0,0,1.0,0,0,0,0,0,0,0,0,0,0,14.0,17.0,7.0,6.0,0,0,0,14.0,8.0,6.0,47.0
Bc5MkPkp7b2,61007 Barahatal Rural Municipality,610 SURKHET,610,6 Karnali Province,6,61007,0,0,4.0,0,2.0,0,0,0,0,0,0,0,2.0,2.0,0,0,0,0,0,0,0,0,0,2.0,0,0,0,0,0,0,0,0,0,0,0,0,0,0,0,0,0,1.0,1.0,0,0,0,0,0,0,0,0,0,0,0,2.0,0,0,0,0,0,0,0,0,0,4.0,0,4.0,0,1.0,0,0,0,0,0,0,8.0,0,0,0,0,0,0,0,0,0,0,0,0,0,0,0,0,0,0,0,0,0,0,4.0,0,0,0,0,0,0,0,0,0,0,1.0,0,0,0,0,0,0,0,0,0,0,0,0,0,0,2.0,1.0,0,0
oMeYnk0engn,10706 Sangurigadhi Rural Municipality,107 DHANKUTA,107,1 Koshi Province,1,10706,4.0,1.0,1.0,3.0,1.0,1.0,0,1.0,1.0,0,0,6.0,4.0,3.0,0,0,1.0,0,0,3.0,0,0,1.0,0,1.0,1.0,0,0,0,0,0,0,0,4.0,4.0,1.0,2.0,0,3.0,1.0,0,0,0,0,0,0,0,0,0,0,1.0,0,0,0,0,10.0,0,0,0,0,0,0,0,0,1.0,1.0,2.0,2.0,0,0,0,1.0,2.0,0,0,3.0,0,0,0,0,0,0,0,0,0,0,0,0,0,0,0,0,0,0,0,0,1.0,0,0,0,0,0,0,0,0,0,0,0,0,0,0,0,0,0,0,0,0,0,1.0,4.0,0,0,2.0,1.0,2.0,2.0,2.0,0
ctacaAbr1hR,41002 Jaljala Rural Municipality,410 PARBAT,410,4 Gandaki Province,4,41002,0,0,0,0,0,0,0,0,0,0,0,0,0,0,0,0,0,0,0,0,0,0,0,0,0,0,0,0,0,0,0,0,0,3.0,2.0,0,2.0,0,0,1.0,2.0,0,0,2.0,0,0,0,0,0,0,0,0,2.0,0,0,0,0,0,0,0,0,0,0,0,0,0,0,0,0,0,0,0,0,0,0,0,1.0,0,1.0,0,1.0,0,0,0,0,0,0,0,0,0,0,0,0,0,0,0,0,0,0,0,0,0,0,0,0,0,0,0,0,0,0,0,0,0,0,0,0,0,0,0,2.0,0,2.0,0,0,0,0,2.0
euU6fKR81MC,20202 Dhangadhimai Municipality,202 SIRAHA,202,2 Madhesh Province,2,20202,0,0,0,1.0,0,0,0,0,0,0,0,0,0,0,0,0,0,0,0,0,0,0,0,0,0,0,0,0,0,0,0,0,0,0,0,0,0,2.0,0,0,0,0,0,0,0,0,0,0,0,0,0,0,0,0,0,0,0,0,0,0,0,0,0,0,0,0,4.0,0,0,0,0,0,0,0,0,0,0,2.0,0,0,0,0,0,0,0,0,0,0,0,0,0,0,0,0,0,0,0,0,0,0,0,0,0,0,0,0,0,0,0,0,0,0,0,0,0,0,0,0,0,0,0,0,0,0,0,0,0,0
ddOI93zq9oN,40106 Bhimsen Rural Municipality,401 GORKHA,401,4 Gandaki Province,4,40106,1.0,1.0,0,0,0,0,1.0,0,0,1.0,0,0,0,0,0,0,0,1.0,1.0,2.0,3.0,1.0,0,0,0,0,0,0,0,0,0,0,0,1.0,1.0,0,0,1.0,0,1.0,0,0,1.0,0,0,0,0,0,0,0,0,0,0,0,0,0,0,0,0,0,0,0,0,0,0,0,0,0,2.0,1.0,1.0,0,0,0,0,0,0,0,0,0,0,0,0,1.0,1.0,0,0,0,0,0,0,0,0,0,0,0,2.0,0,0,0,0,0,0,0,0,0,0,0,0,0,0,0,0,0,0,0,0,0,0,0,0,1.0,0,0,0,2.0,0,3.0
dOTm9tn1TvO,70707 Bannigadhi Jayagadh Rural Municipality,707 ACHHAM,707,7 Sudurpashchim Province,7,70707,0,0,0,0,0,0,0,0,0,0,0,0,0,0,0,0,0,0,0,1.0,0,0,0,0,0,0,0,1.0,0,0,0,0,0,0,1.0,0,0,0,0,0,1.0,1.0,0,1.0,0,0,0,0,0,0,0,0,0,0,0,0,0,0,0,0,0,0,0,0,0,0,0,0,0,0,0,0,0,0,0,0,0,0,0,0,0,0,0,0,1.0,0,0,0,2.0,0,0,0,0,0,0,0,0,0,0,0,0,0,0,0,0,0,0,0,0,0,0,0,0,0,0,0,0,0,1.0,0,0,0,0,0,0,0,9.0,3.0
QWWihVPHhq0,50207 Rolpa Municipality,502 ROLPA,502,5 Lumbini Province,5,50207,0,1.0,0,3.0,2.0,5.0,5.0,9.0,4.0,0,0,0,3.0,2.0,0,0,6.0,0,7.0,0,3.0,2.0,0,0,0,1.0,1.0,0,0,0,0,0,0,0,0,2.0,2.0,3.0,4.0,1.0,14.0,1.0,2.0,0,0,1.0,0,0,0,0,1.0,1.0,0,0,0,0,0,0,0,0,0,0,0,0,0,0,0,2.0,1.0,0,2.0,3.0,7.0,4.0,2.0,0,1.0,3.0,0,1.0,5.0,0,5.0,0,1.0,0,0,0,0,0,0,4.0,0,0,0,0,0,0,0,1.0,0,0,0,0,0,0,0,0,0,0,0,0,0,0,0,0,0,0,2.0,4.0,11.0,3.0,7.0,7.0,16.0,7.0,0,2.0
nwHgeTvu876,40706 Ghiring Rural Municipality,407 TANAHU,407,4 Gandaki Province,4,40706,0,0,0,0,0,0,0,0,0,0,0,0,0,0,2.0,0,1.0,2.0,0,1.0,0,1.0,1.0,0,0,0,0,0,0,0,0,0,0,0,2.0,3.0,0,0,0,1.0,0,0,0,0,0,0,0,0,2.0,0,0,0,0,0,0,0,0,0,0,0,0,0,0,0,0,0,0,0,0,2.0,0,0,0,0,0,0,1.0,0,0,0,0,0,3.0,0,0,0,0,0,0,0,0,0,0,0,0,0,0,0,0,0,0,0,0,0,0,0,0,0,0,0,0,0,0,0,0,0,0,0,0,0,0,0,0,0,0,0,0,3.0
IuhDjmEnWme,60906 Chhatreshwori Rural Municipality,609 SALYAN,609,6 Karnali Province,6,60906,0,0,0,0,0,0,0,0,0,0,0,0,0,0,0,0,0,0,0,0,0,0,0,0,0,0,0,0,0,0,0,0,0,0,0,2.0,0,0,0,0,0,0,1.0,0,0,0,0,0,0,0,0,0,0,0,0,0,0,0,0,0,0,0,0,0,0,0,0,0,0,0,0,0,0,0,0,0,0,0,0,0,0,0,0,0,0,0,0,0,0,0,0,0,0,0,0,0,0,0,0,0,0,0,0,0,0,0,0,0,0,0,0,0,0,0,0,0,0,0,0,0,2.0,0,0,0,0,1.0,0,2.0
lIXyvI5C64z,60107 Kaike Rural Municipality,601 DOLPA,601,6 Karnali Province,6,60107,0,0,0,0,0,0,0,0,1.0,0,0,0,0,0,0,0,2.0,0,0,0,0,0,0,0,0,0,0,0,0,0,0,0,0,0,0,0,0,0,0,0,0,0,0,0,0,0,0,0,0,0,0,0,0,0,0,0,0,0,0,0,0,0,0,0,0,0,0,0,0,0,0,0,0,0,0,0,0,0,0,0,0,0,0,0,0,0,0,0,0,0,0,0,0,0,0,0,0,0,0,0,0,0,0,0,0,0,0,0,0,0,0,0,0,0,0,0,0,0,0,0,0,2.0,0,0,0,0,0,0
hGD6CIUUSxR,10202 Makalu Rural Municipality,102 SANKHUWASABHA,102,1 Koshi Province,1,10202,0,2.0,1.0,5.0,2.0,2.0,4.0,5.0,1.0,2.0,4.0,1.0,0,0,4.0,1.0,4.0,4.0,4.0,2.0,2.0,0,0,2.0,2.0,1.0,0,1.0,3.0,0,2.0,2.0,3.0,2.0,2.0,1.0,3.0,2.0,0,1.0,1.0,0,0,0,2.0,1.0,0,0,0,0,0,0,0,0,0,0,0,0,0,0,0,0,0,0,4.0,4.0,3.0,2.0,3.0,1.0,0,1.0,1.0,0,1.0,0,0,0,1.0,0,2.0,1.0,0,0,0,0,0,0,0,0,0,0,0,0,0,0,4.0,0,0,0,1.0,0,0,0,0,0,0,0,0,0,0,0,0,0,0,0,0,3.0,5.0,1.0,2.0,3.0,2.0,2.0,1.0,4.0,2.0,12.0
gmtpUDSMtzU,20609 Dewahi Gonahi Municipality,206 RAUTAHAT,206,2 Madhesh Province,2,20609,0,0,0,0,0,0,0,0,0,0,2.0,0,0,0,0,0,0,0,0,0,0,0,0,0,0,0,0,0,0,0,0,0,0,0,0,0,0,0,0,0,0,0,0,0,0,0,0,0,0,0,0,0,0,0,0,0,0,0,0,0,0,0,0,0,0,0,0,0,0,0,0,0,0,0,0,0,0,0,0,0,0,0,0,0,0,0,0,0,0,0,0,0,0,0,0,0,0,0,0,0,0,0,0,0,0,0,0,0,0,0,0,0,0,0,0,0,0,0,0,0,0,0,0,0,0,0,0,0
Y3YfD13ZW2K,60401 Patarasi Rural Municipality,604 JUMLA,604,6 Karnali Province,6,60401,0,0,0,0,0,0,0,0,0,0,0,0,0,0,0,0,0,0,0,0,0,0,0,0,0,0,0,0,0,0,0,0,0,0,0,0,0,0,0,0,0,0,0,0,0,0,0,0.0,0,0,0,0,0,0,0,0,0,0,0,0,0,0,0,0,0,0,0,0,0,0,0,0,0,0,0,0,0,0,0,0,0,0,0,0,0,0,0,0,0,0,0,0,0,0,0,0,0,0,0,0,0,0,0,0,0,0,0,0,0,0,0,0,0,0,0,0,0,0,0,0,0,0,0,0,0,0,0,0
ByByMJgyACH,70804 Gauriganga Municipality,708 KAILALI,708,7 Sudurpashchim Province,7,70804,0,0,0,0,0,0,2.0,0,0,0,0,0,0,0,0,0,0,0,0,0,0,0,0,0,0,0,0,0,0,0,0,0,0,0,0,0,0,0,0,0,0,0,0,6.0,0,0,0,0,0,0,0,0,0,0,0,0,0,0,0,0,0,0,0,0,2.0,0,0,0,0,0,2.0,0,0,0,0,0,0,0,0,0,0,0,0,0,0,0,0,0,0,0,0,0,0,0,0,0,0,0,0,0,0,0,0,0,0,0,0,0,0,0,0,0,0,0,0,0,0,0,0,0,0,0,0,0,0,0,0,6.0
hSS0Jqke0uZ,20814 Bindabasini Rural Municipality,208 PARSA,208,2 Madhesh Province,2,20814,0,0,0,0,0,0,0,0,0,0,0,0,0,0,0,0,0,0,0,0,0,0,0,0,0,0,0,0,0,0,0,0,1.0,0,0,0,0,0,0,0,0,0,0,0,0,0,0,0,0,0,0,0,0,0,0,0,0,0,0,0,0,0,0,0,0,0,0,0,0,0,0,0,0,0,0,0,0,0,0,0,0,0,0,0,0,0,0,0,0,0,0,0,0,0,0,0,0,0,0,0,0,0,0,0,0,0,0,0,0,0,0,0,0,0,0,0,0,0,0,0,0,0,0,0,0,0,0,0
ui1c8rGwOps,20105 Shambhunath Municipality,201 SAPTARI,201,2 Madhesh Province,2,20105,0,0,0,0,0,0,0,0,0,0,0,0,0,0,0,0,0,0,0,0,0,0,0,0,0,0,0,0,0,0,0,0,0,0,0,0,0,0,1.0,0,0,0,0,0,0,0,0,0,0,0,0,0,0,0,0,0,0,0,0,0,0,0,0,0,0,0,0,0,0,0,0,0,0,0,0,0,0,0,0,0,0,0,0,0,0,0,0,0,0,0,0,0,0,0,0,0,0,0,0,0,0,0,0,0,0,0,0,0,0,0,0,0,0,0,0,0,0,0,0,0,0,0,0,0,0,0,0,0
fAEaFZMuira,20616 Rajdevi Municipality,206 RAUTAHAT,206,2 Madhesh Province,2,20616,0,0,0,0,0,0,0,4.0,0,0,0,0,0,0,0,0,0,0,16.0,0,0,0,0,0,0,0,0,0,0,0,0,0,0,0,0,0,0,0,0,0,0,0,0,0,0,0,0,0,0,0,0,0,0,0,0,0,0,0,0,0,0,0,0,0,0,0,0,0,0,0,0,0,0,0,0,0,0,0,0,0,0,0,0,0,0,0,0,0,0,0,0,0,0,0,0,0,0,0,0,0,0,0,0,0,0,0,0,0,0,0,0,0,0,0,0,0,0,0,0,0,0,0,0,0,0,0,0,0
aATZkONVmES,40607 Rainas Municipality,406 LAMJUNG,406,4 Gandaki Province,4,40607,3.0,0,1.0,0,0,1.0,0,6.0,1.0,0,3.0,0,0,0,0,0,0,2.0,0,2.0,8.0,0,0,0,0,1.0,0,2.0,2.0,1.0,0,4.0,0,0,1.0,2.0,3.0,1.0,1.0,5.0,2.0,3.0,0,2.0,0,0,0,0,0,0,0,0,0,0,0,0,0,0,0,1.0,0,0,0,0,0,0,0,0,1.0,0,1.0,1.0,1.0,0,0,0,0,1.0,0,0,0,0,0,3.0,2.0,0,0,0,0,0,0,0,0,0,0,0,0,0,0,0,0,0,0,0,0,0,0,0,0,0,0,0,0,0,0,0,0,1.0,2.0,1.0,2.0,2.0,1.0,3.0,0,6.0,1.0,2.0
fS16KZv8gF5,11302 Baraha Municipality,113 SUNSARI,113,1 Koshi Province,1,11302,0,0,0,0,0,0,0,0,1.0,0,0,0,0,0,1.0,0,0,0,0,0,0,0,0,0,0,0,0,0,0,0,0,0,0,0,0,0,0,0,0,0,1.0,2.0,0,0,0,0,0,0,0,0,0,0,0,0,0,0,0,0,0,0,0,0,0,0,0,0,2.0,1.0,0,0,0,0,0,0,0,0,0,0,0,0,0,0,0,0,0,0,0,0,0,0,0,0,0,0,0,0,0,0,0,0,0,0,0,0,0,2.0,0,0,0,0,1.0,0,0,0,0,0,0,0,0,0,0,0,0,0,0,0,0,0
bKj54WFyVJ6,70709 Dhakari Rural Municipality,707 ACHHAM,707,7 Sudurpashchim Province,7,70709,0,0,0,0,2.0,0,0,0,0,1.0,0,0,0,0,0,0,0,0,1.0,1.0,1.0,0,0,0,0,0,0,0,0,0,0,0,0,0,0,0,0,0,0,0,1.0,0,1.0,3.0,0,0,0,0,0,0,0,0,0,0,0,0,0,0,0,0,0,0,0,0,0,0,0,0,0,0,0,0,0,0,0,0,0,0,2.0,0,0,0,0,0,12.0,0,0,0,0,0,0,0,0,0,0,0,0,0,0,0,0,0,0,0,0,0,0,0,0,0,0,0,0,0,0,0,0,0,0,0,0,0,0,1.0,1.0,1.0,4.0,5.0
H7GTeyIlh47,11408 Udayapurgadhi Rural Municipality,114 UDAYAPUR,114,1 Koshi Province,1,11408,1.0,0,0,0,0,0,2.0,0,0,0,0,0,0,0,0,0,0,0,0,0,0,0,0,0,0,0,0,0,0,0,0,0,0,0,0,0,0,0,0,0,0,0,0,0,0,0,0,0,0,0,0,0,0,0,0,0,0,0,2.0,0,0,0,0,0,0,0,0,0,0,0,0,0,0,0,0,0,0,0,0,0,0,0,0,0,0,0,0,0,0,0,0,0,2.0,0,0,0,0,0,0,0,0,0,0,0,0,0,0,0,0,0,0,0,0,0,0,0,0,0,0,0,0,0,0,0,0,0,0,0
mmprlbjqz1Q,40108 Palungtar Municipality,401 GORKHA,401,4 Gandaki Province,4,40108,2.0,2.0,3.0,1.0,4.0,0,3.0,5.0,1.0,0,1.0,4.0,0,0,0,3.0,2.0,0,0,0,7.0,1.0,1.0,0,0,0,4.0,0,0,0,0,0,0,0,0,1.0,3.0,4.0,5.0,0,0,1.0,2.0,0,0,0,1.0,0,0,0,0,0,0,0,0,0,0,0,0,1.0,1.0,0,0,0,1.0,0,4.0,0,13.0,2.0,2.0,0,2.0,0,0,0,0,5.0,0,2.0,1.0,0,0,0,0,0,0,0,0,0,0,0,0,0,0,0,0,0,5.0,0,0,0,0,0,0,0,1.0,0,0,0,0,0,0,0,0,0,0,2.0,1.0,1.0,3.0,6.0,6.0,1.0,0,1.0,3.0,4.0
HL9tr2v5Ekd,50902 Buddhabhumi Municipality,509 KAPILBASTU,509,5 Lumbini Province,5,50902,6.0,0,0,0,0,0,0,0,0,0,0,0,0,0,0,0,0,0,0,0,0,0,0,0,0,0,0,0,0,0,0,0,0,0,0,2.0,0,0,76.0,0,0,0,0,0,0,0,0,0,0,0,0,0,0,0,0,0,0,0,0,0,0,0,0,0,0,0,0,0,1.0,0,0,0,0,0,0,0,0,0,0,0,0,0,0,0,0,0,0,0,0,0,0,0,0,0,0,0,0,0,0,0,0,0,0,0,0,0,0,0,0,0,0,0,0,0,0,0,0,50.0,0,0,0,0,0,0,0,0,0,0
lPUHQ4gkcBT,20604 Katahariya Municipality,206 RAUTAHAT,206,2 Madhesh Province,2,20604,0,0,0,3.0,0,0,0,0,8.0,0,2.0,0,0,0,0,0,0,0,0,20.0,0,0,0,0,0,0,0,0,0,0,2.0,0,0,0,0,0,0,0,0,0,0,0,0,0,0,0,0,0,0,0,0,0,0,0,0,0,0,0,0,0,0,0,0,0,1.0,0,0,0,0,0,0,0,0,0,0,0,0,0,0,0,0,0,0,14.0,0,0,0,0,0,0,0,0,0,0,0,0,0,0,0,0,0,0,0,0,0,0,0,0,0,0,0,0,0,0,0,0,2.0,0,0,0,0,0,0,0,0,18.0,0,4.0
svumZiVBh2P,60306 Adanchuli Rural Municipality,603 HUMLA,603,6 Karnali Province,6,60306,0,0,0,0,0,0,0,0,0,0,0,0,0,0,0,0,0,0,0,0,1.0,0,0,0,0,0,0,0,0,0,0,0,0,0,0,0,0,0,0,0,0,1.0,0,0,0,0,0,0,0,0,0,0,0,0,0,0,0,1.0,0,0,0,0,0,0,0,0,0,0,0,0,0,0,0,0,0,0,0,0,0,0,0,0,0,0,0,0,0,0,0,0,0,0,0,0,0,0,0,0,0,0,0,0,0,0,0,0,0,0,0,0,0,0,0,0,0,0,0,0,0,0,0,0,0,0,0,1.0,0,0
wYQGR7E6qQA,11009 Suryodaya Municipality,110 ILAM,110,1 Koshi Province,1,11009,0,0,0,0,0,0,0,0,0,4.0,0,0,1.0,0,0,0,0,0,0,0,0,0,0,0,0,0,0,0,0,0,0,0,0,0,0,0,0,0,0,0,0,0,0,0,0,0,0,0,0,0,0,0,0,0,0,0,0,0,0,0,0,0,0,0,0,0,0,0,0,0,0,0,0,0,0,0,0,0,0,0,0,0,0,0,0,0,0,0,0,0,0,0,0,0,0,0,0,0,0,0,0,0,0,0,0,0,0,0,0,0,0,0,0,0,0,0,0,0,0,0,0,0,0,0,0,0,0,2.0
rD5w89J2sXT,31305 Ratnanagar Municipality,313 CHITWAN,313,3 Bagmati Province,3,31305,0,0,0,0,0,0,0,0,0,0,0,0,0,0,0,0,0,0,0,0,0,0,1.0,0,0,0,0,0,0,0,0,0,0,0,0,0,0,0,0,0,0,0,0,0,0,0,0,0,0,0,0,0,0,0,0,0,0,0,0,0,0,0,0,0,0,0,0,0,2.0,1.0,10.0,0,0,0,6.0,0,0,0,0,0,0,0,0,0,0,0,0,0,0,0,0,0,0,0,0,0,0,0,0,0,0,0,0,0,0,0,0,0,0,0,0,0,0,0,0,0,0,0,0,0,0,0,0,0,24.0,0,0,0
EYigJ4rC8CX,20506 Ishworpur Municipality,205 SARLAHI,205,2 Madhesh Province,2,20506,0,0,0,0,0,0,0,0,0,0,0,0,0,0,0,0,0,0,0,0,0,0,0,0,0,0,0,0,0,0,0,0,0,0,0,0,0,0,0,0,0,0,0,0,0,0,0,0,0,0,0,0,0,0,0,0,0,0,0,0,0,0,0,0,0,0,0,0,0,0,0,0,0,0,0,0,0,0,2.0,0,0,0,0,0,0,0,0,0,0,0,0,0,0,0,0,0,0,0,0,2.0,0,0,0,0,0,0,0,0,0,0,0,0,0,0,0,0,0,0,0,0,0,0,0,0,0,0,0,0
gPpYofbTapc,30904 Banepa Municipality,309 KAVREPALANCHOK,309,3 Bagmati Province,3,30904,0,0,1.0,0,0,0,0,0,0,0,0,0,0,0,0,0,0,0,0,0,1.0,1.0,0,0,0,0,0,0,0,0,0,0,0,0,2.0,3.0,0,2.0,0,0,1.0,6.0,0,0,0,0,0,0,0,0,0,0,0,1.0,0,0,0,0,0,0,0,0,0,0,0,0,0,1.0,0,0,0,0,0,0,1.0,0,0,0,0,1.0,0,0,0,0,0,2.0,0,0,0,5.0,0,0,0,0,0,1.0,0,0,0,0,0,0,0,0,0,0,0,0,0,0,0,0,0,0,0,0,0,0,0,0,0,1.0,1.0,0,0,0,0,3.0
Shs8ljNaqsQ,10607 Ramprasad Rai Rural Municipality,106 BHOJPUR,106,1 Koshi Province,1,10607,0,0,0,1.0,2.0,0,0,1.0,4.0,0,0,1.0,0,0,0,1.0,2.0,0,0,0,0,0,0,0,0,0,0,0,0,1.0,0,0,0,0,0,0,1.0,0,1.0,0,0,0,1.0,0,0,0,0,0,0,0,0,0,0,0,0,0,0,0,0,0,0,0,0,0,0,0,0,1.0,1.0,0,0,0,0,0,0,0,0,0,0,0,1.0,0,0,0,0,0,0,0,0,0,0,0,0,0,0,0,0,2.0,0,0,0,0,0,0,0,0,0,0,0,0,0,0,0,0,0,0,0,0,0,0,2.0,0,0,0,0,2.0,0,8.0
ckctcLLSYW2,40404 Malika Rural Municipality,404 MYAGDI,404,4 Gandaki Province,4,40404,0,0,3.0,6.0,7.0,3.0,0,1.0,2.0,4.0,2.0,3.0,0,2.0,1.0,1.0,3.0,1.0,0,0,1.0,0,0,0,0,0,1.0,0,0,2.0,0,0,0,2.0,0,0,0,5.0,1.0,1.0,1.0,1.0,1.0,0,0,0,1.0,1.0,0,0,0,0,0,0,0,0,0,0,0,0,0,0,0,0,0,1.0,0,0,9.0,0,1.0,3.0,2.0,0,0,0,0,1.0,0,0,0,0,0,1.0,0,1.0,0,0,0,0,0,0,0,0,0,0,0,0,0,0,0,0,0,0,0,0,0,0,0,0,0,0,0,0,0,0,0,0,3.0,2.0,6.0,5.0,0,2.0,1.0,0,2.0,1.0
Tj17nxdNb83,11004 Deumai Municipality,110 ILAM,110,1 Koshi Province,1,11004,0,0,2.0,0,0,1.0,0,0,0,2.0,0,0,0,0,0,0,0,0,0,0,0,0,0,0,0,0,1.0,0,0,0,0,0,0,0,1.0,0,0,0,0,0,0,0,0,0,0,0,0,0,0,0,0,0,0,0,0,0,0,0,0,0,0,0,0,0,0,0,0,0,0,4.0,0,0,0,0,0,0,0,0,0,0,0,0,0,0,0,0,0,0,0,0,0,0,0,0,0,0,0,0,0,0,0,0,0,0,0,0,0,0,0,0,0,0,0,0,0,0,0,0,0,0,0,0,0,0,0,0,0,6.0
VMWLWm22iz5,70103 Budhinanda Municipality,701 BAJURA,701,7 Sudurpashchim Province,7,70103,0,0,0,0,0,1.0,0,0,0,3.0,1.0,0,0,0,1.0,0,3.0,0,1.0,3.0,0,0,0,0,0,0,0,0,0,1.0,0,0,0,0,2.0,0,0,0,0,2.0,0,0,4.0,0,0,0,0,0,0,0,1.0,0,0,0,0,0,0,0,0,0,0,0,0,0,0,0,0,1.0,1.0,0,0,0,0,0,0,0,0,0,0,6.0,1.0,0,0,1.0,0,0,0,0,0,0,0,0,12.0,0,0,0,0,0,0,0,0,0,1.0,0,0,0,0,0,0,0,0,0,0,0,0,0,0,0,0,0,0,3.0,0,1.0,0,1.0,1.0,0
sme6gJAq9SK,60501 Palata Rural Municipality,605 KALIKOT,605,6 Karnali Province,6,60501,0,0,0,0,0,0,0,0,0,0,0,0,0,0,0,0,0,1.0,0,0,2.0,0,0,0,0,0,0,0,0,0,0,0,0,0,0,0,0,0,0,0,0,1.0,0,0,0,0,0,0,0,0,0,0,0,0,0,0,0,10.0,0,0,0,0,0,0,0,0,0,0,0,0,0,0,0,0,0,0,0,0,0,0,0,0,0,0,0,0,0,0,0,0,0,0,0,0,0,0,0,0,0,0,0,0,0,0,0,0,0,0,0,0,0,0,0,0,0,0,0,0,0,0,0,0,0,0,0,0,1.0,0
jIKgcfk3d4I,70606 K.I. Singh Rural Municipality,706 DOTI,706,7 Sudurpashchim Province,7,70606,0,0,0,0,0,0,0,0,0,0,0,1.0,0,0,0,0,0,0,0,0,0,0,0,0,0,0,0,0,0,0,0,0,0,0,3.0,0,0,0,0,0,0,0,1.0,0,0,0,0,0,0,0,0,0,0,0,0,0,0,0,0,0,0,0,0,0,0,0,0,2.0,0,0,0,0,0,0,0,0,0,0,0,0,0,0,0,0,0,0,0,0,0,0,0,0,0,0,0,0,0,0,0,0,0,0,0,0,0,0,0,0,0,0,0,0,0,0,0,0,0,0,0,0,0,0,0,0,0,0,0,0
OZZKuAVf0aO,30304 Kalika Rural Municipality,303 RASUWA,303,3 Bagmati Province,3,30304,0,0,0,1.0,2.0,0,0,1.0,2.0,6.0,0,1.0,0,0,0,1.0,1.0,0,0,3.0,1.0,0,0,0,0,0,0,0,0,0,0,0,0,0,0,0,1.0,2.0,0,0,0,2.0,0,0,0,0,0,0,0,0,0,6.0,0,0,0,0,0,0,0,0,0,0,16.0,22.0,0,0,0,0,0,0,0,0,2.0,0,0,0,0,0,0,0,1.0,0,0,2.0,0,0,0,0,0,0,0,0,0,2.0,0,0,0,0,0,0,2.0,0,0,0,0,2.0,0,0,0,0,0,0,0,0,8.0,0,0,0,0,0,0,0,0,1.0,0,4.0,0,0
u6No0Isa7dv,40903 Aandhikhola Rural Municipality,409 SYANGJA,409,4 Gandaki Province,4,40903,1.0,0,0,0,3.0,8.0,0,0,7.0,0,1.0,0,0,0,0,3.0,6.0,1.0,0,0,0,0,0,0,0,0,2.0,0,0,1.0,15.0,0,1.0,1.0,1.0,2.0,4.0,2.0,5.0,0,0,1.0,0,0,0,0,0,1.0,0,0,0,0,0,1.0,0,0,0,0,0,0,0,0,0,0,0,0,0,0,2.0,6.0,4.0,0,0,0,1.0,0,0,0,0,0,2.0,0,0,0,0,0,0,0,0,0,0,0,0,13.0,0,0,0,0,0,0,0,2.0,0,0,0,0,0,0,0,0,0,0,0,0,0,0,0,0,0,0,3.0,1.0,10.0,6.0,0,0,1.0,4.0
PNKIxLhF36g,70806 Bardagoriya Rural Municipality,708 KAILALI,708,7 Sudurpashchim Province,7,70806,1.0,0,0,0,0,0,0,0,0,0,0,0,0,0,0,0,0,0,0,1.0,3.0,0,0,0,0,0,0,0,0,0,0,0,0,0,0,0,0,0,0,0,0,0,0,0,0,0,0,0,0,0,4.0,0,0,0,0,0,0,0,0,0,0,0,0,0,0,0,0,0,0,0,0,0,0,0,0,0,0,0,0,0,0,0,0,2.0,0,3.0,0,0,0,0,0,0,0,0,0,0,0,0,0,0,0,0,0,0,3.0,0,0,0,0,0,0,0,0,0,0,0,0,0,0,0,0,0,0,0,0,0,2.0,25.0
JdeVl61mwFO,40710 Aanbu Khaireni Rural Municipality,407 TANAHU,407,4 Gandaki Province,4,40710,0,0,0,0,0,0,0,0,0,2.0,0,0,1.0,0,0,7.0,4.0,2.0,0,0,24.0,0,0,0,0,0,0,0,0,0,0,0,0,0,1.0,0,0,4.0,2.0,0,1.0,0,0,0,0,0,0,0,0,0,0,0,0,0,0,0,0,2.0,0,0,0,0,0,0,0,0,0,0,0,0,0,0,0,0,0,0,0,0,0,1.0,2.0,0,0,0,0,0,0,0,0,0,0,0,0,0,0,0,0,0,0,0,0,0,0,0,0,0,0,0,0,0,0,1.0,0,0,0,0,0,0,3.0,0,2.0,1.0,0,1.0,2.0,0,0,0
ax9O5hQ8Z2n,31008 Sunapati Rural Municipality,310 RAMECHHAP,310,3 Bagmati Province,3,31008,0,0,0,0,0,0,0,2.0,0,0,0,0,0,0,0,0,0,0,1.0,0,0,0,0,0,0,0,0,0,0,0,0,0,0,0,0,0,0,0,1.0,0,0,0,0,1.0,0,0,0,0,0,0,0,0,0,0,0,0,0,0,0,0,0,0,0,0,0,0,0,0,0,0,0,0,0,0,0,0,0,0,0,0,0,0,0,0,0,0,0,0,0,0,0,1.0,0,0,0,0,0,0,0,0,0,0,0,0,0,0,0,0,0,0,0,0,0,0,0,0,0,2.0,0,0,0,0,1.0,2.0,0,0,1.0,1.0
WqkOGpZoSuq,51103 Baijanath Rural Municipality,511 BANKE,511,5 Lumbini Province,5,51103,0,0,0,0,0,0,0,0,0,0,0,0,0,0,0,0,0,0,3.0,0,0,0,0,0,0,0,0,0,0,0,0,0,0,0,0,0,0,0,0,0,2.0,1.0,0,0,0,0,0,0,0,0,0,0,0,0,0,0,0,0,0,0,0,0,0,0,0,0,0,0,0,0,0,0,0,0,0,0,0,0,0,0,0,0,0,0,0,0,0,0,0,0,0,0,0,0,0,0,0,0,0,0,0,0,0,0,0,0,0,0,0,0,0,0,0,0,0,0,0,0,0,0,0,0,0,0,0,0,0,0
l1WW0c90HAQ,60303 Simkot Rural Municipality,603 HUMLA,603,6 Karnali Province,6,60303,0,0,0,0,0,0,0,0,0,0,0,0,0,0,0,0,0,0,0,0,2.0,0,0,0,1.0,0,0,0,0,0,0,0,0,0,0,0,0,0,3.0,0,0,0,2.0,0,0,0,0,0,0,0,0,0,0,0,0,0,0,0,0,0,0,0,0,0,0,0,0,0,0,0,1.0,0,0,0,0,0,0,0,0,0,0,0,0,0,0,0,0,0,0,0,0,0,0,0,0,0,0,0,0,0,0,0,0,0,0,0,0,0,0,0,0,0,0,0,0,0,0,0,0,0,0,0,0,0,0,1.0,0,4.0
zXbXMAjhNVZ,50701 Bardaghat Municipality,507 NAWALPARASI WEST,507,5 Lumbini Province,5,50701,0,6.0,0,0,0,0,0,9.0,30.0,0,0,0,0,0,10.0,0,14.0,16.0,17.0,12.0,21.0,0,0,0,0,0,7.0,0,21.0,10.0,0,3.0,0,0,0,0,15.0,0,31.0,11.0,2.0,17.0,0,0,0,0,0,0,0,0,14.0,15.0,5.0,0,0,0,0,0,0,0,0,0,0,0,0,0,0,0,26.0,0,0,11.0,15.0,0,66.0,0,0,0,0,0,1.0,1.0,8.0,9.0,0,0,0,0,0,0,0,0,0,0,0,0,0,0,0,0,0,2.0,0,0,1.0,7.0,0,0,0,0,0,0,0,0,0,2.0,0,0,0,0,0,0,15.0,20.0,0,32.0,0,68.0
oIRLgE4GiPP,70401 Dilasaini Rural Municipality,704 BAITADI,704,7 Sudurpashchim Province,7,70401,0,0,0,0,0,0,0,0,0,0,0,0,0,0,0,0,0,0,0,1.0,0,0,0,0,0,0,0,0,0,0,0,0,0,0,0,0,0,0,0,0,0,0,0,0,0,0,0,0,0,0,0,0,0,0,0,0,0,0,0,0,0,0,0,0,0,0,0,0,0,0,0,0,0,0,0,0,0,0,0,0,0,0,0,0,0,0,0,0,0,0,0,0,0,0,0,0,0,0,0,0,0,0,0,0,0,0,0,0,0,0,0,0,0,0,0,0,0,0,0,0,0,0,0,0,0,0,0,0
dTHSxyHHffK,30409 Benighat Rorang Rural Municipality,304 DHADING,304,3 Bagmati Province,3,30409,0,2.0,0,4.0,0,0,0,0,3.0,7.0,0,2.0,0,4.0,0,1.0,0,1.0,0,2.0,1.0,6.0,0,0,1.0,0,0,3.0,1.0,0,2.0,0,0,1.0,4.0,0,1.0,1.0,3.0,2.0,2.0,1.0,2.0,10.0,0,2.0,0,0,0,0,0,0,0,0,0,0,0,0,0,0,0,0,0,0,1.0,0,0,0,0,6.0,0,0,1.0,1.0,2.0,0,1.0,0,0,0,0,0,0,0,1.0,1.0,0,0,0,0,0,0,1.0,0,0,0,0,0,0,0,0,0,0,0,0,0,6.0,0,0,0,0,1.0,0,0,0,0,0,1.0,2.0,1.0,2.0,0,3.0,2.0,1.0,1.0,4.0,39.0
K5b2F4DDUrh,51104 Khajura Rural Municipality,511 BANKE,511,5 Lumbini Province,5,51104,0,0,0,0,0,0,0,0,0,0,0,0,0,0,0,0,0,0,0,0,0,0,0,0,0,0,0,0,0,0,0,0,0,0,0,0,0,0,0,0,0,0,0,0,0,0,0,0,0,0,0,0,0,0,0,0,0,0,0,0,0,0,0,0,0,0,0,0,0,0,0,0,0,0,0,0,0,0,0,0,0,0,1.0,0,0,0,0,0,0,0,0,0,0,0,0,0,0,0,0,0,0,0,0,0,0,0,0,0,0,0,0,0,0,0,0,0,0,0,0,0,3.0,0,0,0,0,0,0,0
hWwQdwjQikK,61002 Chingad Rural Municipality,610 SURKHET,610,6 Karnali Province,6,61002,2.0,7.0,1.0,1.0,0,1.0,2.0,2.0,5.0,11.0,3.0,0,0,1.0,0,0,0,0,0,4.0,3.0,0,0,0,0,0,1.0,0,0,0,0,0,0,0,3.0,0,1.0,0,4.0,2.0,1.0,7.0,8.0,2.0,0,0,0,1.0,0,0,0,0,0,0,0,0,0,0,0,0,0,0,0,0,0,0,0,1.0,0,0,0,0,0,2.0,3.0,0,0,0,1.0,0,0,0,0,3.0,2.0,2.0,0,0,0,0,0,0,0,0,0,0,0,0,0,0,1.0,0,0,0,0,0,1.0,0,0,0,0,0,0,0,0,0,0,1.0,1.0,7.0,2.0,2.0,0,2.0,2.0,3.0,10.0,9.0
gIhVZulvEsV,10102 Mikwakhola Rural Municipality,101 TAPLEJUNG,101,1 Koshi Province,1,10102,0,0,0,0,0,0,0,0,0,0,0,0,0,0,0,0,0,0,0,0,0,0,0,0,0,0,0,0,0,0,0,0,0,0,0,1.0,0,0,2.0,0,0,0,0,0,0,0,0,0,0,0,0,0,0,0,0,0,0,0,0,0,0,0,0,0,0,0,0,0,0,0,0,0,0,0,0,0,0,0,0,0,0,0,1.0,0,0,0,0,0,0,0,0,0,0,0,0,0,0,0,0,0,0,0,0,0,0,0,0,0,0,0,0,0,0,0,0,0,0,0,0,0,0,0,0,0,0,0,0,0
hnu4RFrMbXo,10403 Molung Rural Municipality,104 OKHALDHUNGA,104,1 Koshi Province,1,10403,0,0,0,0,0,0,0,0,0,0,1.0,1.0,0,0,0,0,0,0,0,0,0,0,0,0,0,0,0,0,0,0,0,0,0,0,0,0,0,0,0,0,0,0,0,0,0,0,0,0,0,0,0,0,0,0,0,0,0,0,0,0,0,0,2.0,0,0,0,2.0,0,0,0,0,0,0,0,0,0,0,0,0,0,0,0,0,0,0,0,0,0,0,0,0,0,0,0,0,0,0,0,0,0,0,0,0,0,0,0,0,0,0,0,0,0,0,0,0,0,0,0,0,0,0,1.0,0,0,0,0,0,0
N7UbKeswOXG,70805 Ghodaghodi Municipality,708 KAILALI,708,7 Sudurpashchim Province,7,70805,8.0,0,6.0,0,0,0,0,0,0,0,0,6.0,4.0,6.0,0,0,0,0,0,0,0,0,0,0,0,0,0,0,0,0,6.0,0,0,6.0,0,14.0,0,0,0,0,0,0,0,0,6.0,0,0,0,0,0,0,0,0,0,0,1.0,0,0,0,0,0,0,0,0,6.0,0,0,0,0,0,0,0,0,0,0,0,4.0,0,0,0,0,0,0,0,0,0,0,0,0,0,0,0,0,0,0,0,0,0,0,0,0,9.0,0,0,0,0,0,0,0,0,0,0,0,0,0,0,0,6.0,0,0,0,0,0,0,0,0,2.0,0
LR6hCfJM3qN,20701 Nijagadh Municipality,207 BARA,207,2 Madhesh Province,2,20701,16.0,49.0,23.0,21.0,0,30.0,0,27.0,0,48.0,35.0,14.0,21.0,10.0,15.0,0,19.0,22.0,0,41.0,57.0,31.0,0,1.0,2.0,32.0,9.0,19.0,0,0,29.0,17.0,0,18.0,40.0,0,29.0,24.0,28.0,0,0,34.0,0,38.0,1.0,1.0,0,4.0,5.0,7.0,0,0,12.0,0,6.0,0,3.0,1.0,6.0,3.0,0,4.0,1.0,0,0,0,26.0,24.0,10.0,33.0,0,0,65.0,25.0,0,16.0,22.0,7.0,9.0,16.0,13.0,10.0,0,17.0,0,23.0,1.0,0,2.0,0,2.0,2.0,0,0,3.0,0,0,4.0,4.0,0,0,0,0,0,6.0,16.0,0,4.0,3.0,4.0,0,4.0,4.0,0,0,0,4.0,18.0,30.0,26.0,34.0,9.0,33.0,43.0,0,0,59.0,92.0
d3rNnxwAscv,70211 Thalara Rural Municipality,702 BAJHANG,702,7 Sudurpashchim Province,7,70211,0,0,0,0,0,0,0,0,0,0,1.0,0,2.0,0,0,0,0,0,0,0,0,0,0,0,0,0,0,0,0,0,0,0,0,1.0,0,1.0,0,0,1.0,1.0,0,0,0,0,0,0,0,0,0,0,0,0,0,0,0,0,0,0,0,0,0,0,0,0,0,0,0,0,0,1.0,0,0,0,0,0,0,0,0,0,0,1.0,3.0,0,0,0,0,0,0,0,0,0,0,0,0,0,0,0,0,0,0,0,0,0,0,0,0,0,0,0,0,0,0,0,0,0,0,0,0,0,0,0,0,0,0,0,1.0,0,2.0
aM55chvJhun,40601 Dordi Rural Municipality,406 LAMJUNG,406,4 Gandaki Province,4,40601,0,0,2.0,0,0,1.0,0,0,0,1.0,0,0,0,0,0,1.0,1.0,0,0,0,0,1.0,0,0,0,0,0,0,0,0,0,0,0,1.0,1.0,0,0,0,0,0,0,1.0,0,0,0,0,0,0,2.0,0,0,0,0,0,0,0,0,0,0,0,0,0,0,0,0,1.0,0,0,0,1.0,2.0,0,0,1.0,2.0,0,0,0,0,0,0,0,1.0,0,0,0,0,0,0,0,0,0,0,0,0,0,0,0,0,0,0,0,0,0,0,0,0,0,0,0,0,0,0,0,0,0,0,0,3.0,0,0,0,0,0,0,0,0,1.0
i9OaLRO8kUl,11301 Dharan Sub-Metropolitan City,113 SUNSARI,113,1 Koshi Province,1,11301,0,0,0,0,0,0,0,0,0,0,0,0,0,0,0,0,0,0,0,0,0,0,0,0,0,0,0,0,0,0,0,0,0,0,0,2.0,0,0,0,0,0,0,0,0,0,0,0,0,0,0,0,0,0,0,0,0,0,0,0,0,0,0,0,0,0,0,0,0,0,0,0,0,0,0,0,0,0,0,0,0,0,0,0,0,0,0,0,0,0,0,0,0,0,0,0,0,0,0,0,0,0,0,0,0,0,0,0,0,0,0,0,0,0,0,0,0,0,0,0,0,0,0,0,0,0,0,0,0
vTlkJzpiQKs,50206 Tribeni Rural Municipality,502 ROLPA,502,5 Lumbini Province,5,50206,0,0,0,0,0,0,0,0,0,0,0,0,0,0,2.0,0,2.0,1.0,1.0,0,0,0,0,0,0,0,0,0,0,0,0,0,0,0,2.0,1.0,0,0,5.0,1.0,1.0,1.0,3.0,0,0,0,0,0,0,0,0,0,0,0,0,0,0,0,0,0,0,0,0,0,0,0,0,0,0,0,0,0,0,8.0,0,0,1.0,0,0,0,0,0,0,0,0,0,0,0,0,0,0,0,0,0,0,0,0,0,0,0,0,0,0,0,0,0,0,0,0,0,0,0,0,0,0,0,0,0,1.0,0,0,0,3.0,1.0,0,0,0,2.0
gtToi9UsdzQ,41110 Jaimuni Municipality,411 BAGLUNG,411,4 Gandaki Province,4,41110,0,4.0,1.0,0,0,0,0,1.0,2.0,0,1.0,2.0,0,1.0,3.0,0,1.0,0,2.0,2.0,2.0,0,1.0,0,0,0,1.0,1.0,1.0,0,0,0,0,2.0,1.0,3.0,1.0,0,0,0,8.0,2.0,0,6.0,1.0,1.0,0,0,0,0,0,0,0,0,0,0,0,0,0,0,0,0,0,0,1.0,1.0,4.0,1.0,5.0,4.0,4.0,0,0,1.0,2.0,0,0,1.0,2.0,1.0,2.0,0,0,0,1.0,0,0,0,0,0,0,0,0,0,0,0,0,0,1.0,0,0,0,0,0,0,0,0,0,0,0,0,0,0,0,0,0,0,1.0,4.0,3.0,2.0,1.0,0,4.0,0,2.0,4.0,8.0
NuyG2c5LEVT,20618 Ishanath Municipality,206 RAUTAHAT,206,2 Madhesh Province,2,20618,0,0,0,0,0,0,0,0,0,0,0,0,0,0,0,0,0,0,0,0,0,0,0,0,0,0,0,0,0,0,0,0,0,0,0,0,0,0,0,0,0,0,0,0,0,0,0,0,0,0,0,0,0,0,0,0,8.0,0,0,0,0,0,0,0,0,0,0,0,0,0,0,0,0,0,0,0,0,0,0,0,0,0,0,0,0,0,0,0,0,0,0,0,0,0,0,0,0,0,0,0,0,0,0,0,0,0,0,0,0,0,0,0,0,0,0,0,0,0,0,0,0,0,0,0,0,0,0,0
F8qQLRVW1V6,31206 Hetauda Sub-Metropolitan City,312 MAKWANPUR,312,3 Bagmati Province,3,31206,0,1.0,0,0,0,0,0,0,0,0,0,0,0,0,0,0,0,0,0,2.0,0,0,0,0,0,0,0,0,0,0,0,0,2.0,0,0,0,0,0,0,0,0,2.0,0,1.0,0,0,0,0,0,0,0,0,0,0,0,0,0,0,0,0,0,0,0,0,0,0,0,0,0,0,0,0,0,0,0,0,0,0,6.0,0,0,0,0,0,0,0,0,0,0,0,0,0,0,0,0,0,0,0,0,0,0,0,0,0,0,0,0,0,0,0,0,0,0,0,0,0,0,0,0,3.0,0,0,0,0,0,0,1.0,1.0
Pc2z0fGNT4Y,30510 Panchakanya Rural Municipality,305 NUWAKOT,305,3 Bagmati Province,3,30510,0,0,0,0,0,0,0,1.0,0,0,2.0,0,0,0,0,0,0,0,0,0,2.0,0,0,0,0,0,0,0,0,0,0,0,0,0,1.0,214.0,0,0,0,0,0,0,0,0,0,0,0,0,0,0,0,0,0,0,0,0,0,0,0,0,0,0,0,0,0,0,0,0,0,0,0,2.0,0,0,0,0,0,0,0,0,0,0,0,0,0,0,0,4.0,0,0,0,0,2.0,0,0,0,0,1.0,0,0,1.0,0,0,0,0,0,0,0,0,0,0,0,0,0,0,0,0,1.0,0,0,1.0,1.0,0,0,0,1.0,0,0
d7E7YIncDUK,41007 Paiyu Rural Municipality,410 PARBAT,410,4 Gandaki Province,4,41007,0,0,0,0,0,0,0,0,0,7.0,0,0,0,0,1.0,0,1.0,1.0,2.0,1.0,5.0,1.0,0,0,0,0,0,0,0,0,0,0,0,0,0,0,0,0,2.0,0,0,1.0,3.0,1.0,0,0,0,0,0,0,0,0,0,0,0,0,0,0,0,0,0,0,0,0,1.0,0,0,0,0,0,0,0,0,2.0,4.0,0,0,0,0,0,0,0,0,1.0,1.0,1.0,0,0,0,0,0,0,0,0,0,0,0,0,0,0,0,0,1.0,0,0,0,0,0,0,0,0,0,0,0,0,0,0,0,0,0,0,0,0,2.0,0,0,4.0,9.0
qNdDbnter5g,50103 Bhoome Rural Municipality,501 RUKUM EAST,501,5 Lumbini Province,5,50103,0,0,0,0,0,0,1.0,0,0,1.0,0,0,0,0,0,0,0,0,0,0,1.0,0,0,0,0,0,0,1.0,0,0,0,0,0,0,1.0,0,0,0,0,0,3.0,0,0,0,0,0,0,0,0,0,1.0,0,0,0,0,0,0,0,0,0,0,0,0,0,0,0,0,0,0,0,0,0,0,1.0,0,0,0,0,0,0,0,0,0,0,1.0,0,0,0,0,0,0,0,0,0,0,0,0,0,0,0,0,2.0,0,0,0,0,0,0,0,0,0,0,0,0,0,0,0,0,1.0,0,0,0,0,5.0,0,0,1.0,0
tpsweQ66cIn,20716 Subarna Rural Municipality,207 BARA,207,2 Madhesh Province,2,20716,0,0,0,0,0,0,0,0,0,0,0,0,0,0,0,0,0,0,0,0,0,0,0,0,0,0,0,0,0,0,0,0,0,0,0,0,0,0,0,0,0,0,0,0,0,0,0,0,0,0,0,0,0,0,0,0,0,0,0,0,0,0,0,0,0,0,0,0,0,0,0,0,0,0,0,0,0,0,0,0,0,0,0,0,0,0,0,0,0,0,0,0,0,0,0,0,0,0,0,0,0,0,0,0,0,0,0,0,0,0,0,0,0,1.0,0,0,0,0,0,0,0,0,0,0,0,0,0,0
mQLICcbzzGj,10209 Madi Municipality,102 SANKHUWASABHA,102,1 Koshi Province,1,10209,0,0,2.0,0,0,1.0,1.0,2.0,0,1.0,0,0,0,0,0,1.0,0,2.0,0,0,0,1.0,1.0,0,0,0,0,0,0,0,0,0,0,0,0,2.0,0,1.0,0,3.0,0,0,0,1.0,0,0,0,0,0,0,0,0,0,0,0,0,0,0,0,0,0,0,1.0,0,0,0,0,0,0,0,2.0,0,1.0,2.0,1.0,0,0,0,0,0,0,0,0,1.0,0,1.0,0,0,0,0,0,0,0,0,0,0,0,0,0,0,0,0,0,0,0,0,0,0,0,0,0,0,0,0,0,0,0,0,0,0,2.0,0,0,0,0,0,0,3.0
bl3DkjJEtPX,70501 Nawadurga Rural Municipality,705 DADELDHURA,705,7 Sudurpashchim Province,7,70501,0,0,0,0,0,1.0,0,0,0,0,0,0,0,0,0,0,0,0,0,0,0,0,0,0,0,0,0,0,0,0,0,0,0,0,0,0,0,0,0,0,0,0,0,0,0,0,0,0,0,0,0,0,0,0,0,0,0,0,0,0,0,0,0,0,0,0,0,0,0,0,0,0,0,0,0,0,0,1.0,0,0,0,0,0,0,0,0,0,0,0,0,0,0,0,0,0,0,0,0,0,0,0,0,0,0,0,0,0,0,0,0,0,0,0,0,0,0,0,0,0,0,0,0,0,0,0,0,0,0
BkH14jmtBEy,11007 Chulachuli Rural Municipality,110 ILAM,110,1 Koshi Province,1,11007,0,0,0,0,0,0,0,0,0,1.0,2.0,0,0,0,0,0,0,0,0,0,0,0,0,0,0,0,0,0,0,0,0,0,0,0,0,0,0,0,0,0,0,0,0,0,0,0,0,0,0,0,0,0,0,0,0,0,0,0,0,0,0,0,0,0,0,0,0,0,0,0,0,0,0,0,0,0,0,0,0,0,0,0,0,0,0,0,0,0,0,0,0,0,0,0,0,0,0,0,0,0,0,0,0,0,0,0,0,0,0,0,0,0,0,0,0,0,0,0,0,0,0,0,0,0,0,0,0,0
v6VtFYe7zjn,11008 Mai Municipality,110 ILAM,110,1 Koshi Province,1,11008,0,0,0,0,0,0,0,0,1.0,0,0,0,0,0,0,0,0,0,0,0,0,0,0,0,0,0,0,0,0,0,0,0,0,0,0,0,0,0,0,0,0,0,0,0,0,0,0,0,0,0,0,0,0,0,0,0,0,0,0,0,0,0,0,0,2.0,0,0,0,0,0,0,0,0,0,0,0,0,0,0,0,0,0,0,0,0,0,0,0,0,0,0,0,0,0,0,0,0,0,0,0,0,0,0,0,0,0,0,0,0,0,0,0,0,0,8.0,0,0,0,0,0,0,0,0,0,0,2.0,0,0
hv4fG8ZjTkx,30404 Tripurasundari Rural Municipality,304 DHADING,304,3 Bagmati Province,3,30404,2.0,1.0,6.0,2.0,0,3.0,0,0,0,0,0,0,5.0,3.0,1.0,1.0,0,0,0,2.0,8.0,4.0,0,0,0,0,1.0,0,1.0,0,0,0,0,0,2.0,3.0,2.0,3.0,0,0,0,3.0,5.0,4.0,0,0,0,0,0,0,0,0,0,0,0,0,0,0,0,0,0,0,0,0,4.0,4.0,2.0,2.0,1.0,0,0,2.0,0,0,3.0,1.0,0,6.0,0,0,0,0,0,0,0,1.0,0,0,0,0,0,0,0,0,0,0,0,0,1.0,0,0,0,0,0,0,0,0,0,0,0,0,1.0,0,0,0,0,0,4.0,2.0,4.0,0,2.0,0,1.0,5.0,8.0,4.0,9.0
J4SFzwHCwD7,30108 Shailung Rural Municipality,301 DOLAKHA,301,3 Bagmati Province,3,30108,1.0,0,1.0,0,0,0,2.0,1.0,1.0,3.0,1.0,0,0,0,0,0,4.0,0,0,2.0,2.0,0,0,0,0,0,0,0,0,0,0,0,0,0,2.0,0,0,0,2.0,0,2.0,0,1.0,0,0,0,0,0,0,0,0,0,0,0,0,0,0,0,0,0,0,0,0,0,0,0,0,0,0,0,1.0,2.0,0,0,2.0,0,0,0,0,0,2.0,0,0,1.0,0,0,0,0,0,0,0,0,0,0,0,0,0,0,0,0,0,0,0,0,0,0,0,0,0,0,0,0,0,0,0,0,0,0,0,0,0,1.0,3.0,0,1.0,2.0,1.0,2.0
mEWltvmejLJ,31306 Khairahani Municipality,313 CHITWAN,313,3 Bagmati Province,3,31306,0,0,0,0,0,0,0,0,0,0,0,0,0,0,0,0,0,0,0,0,0,0,2.0,0,0,0,0,0,0,0,2.0,0,1.0,0,0,0,0,1.0,0,0,0,0,0,0,0,0,0,0,0,0,0,0,2.0,0,0,0,0,0,0,0,0,0,2.0,0,4.0,0,2.0,0,0,0,0,0,0,0,1.0,0,0,0,0,0,0,0,0,0,0,0,0,0,0,0,0,0,0,0,0,0,0,0,0,0,0,0,0,0,0,0,0,0,0,0,0,0,0,0,0,0,0,0,0,0,0,0,0,0,0,1.0,0,2.0
NeZFY1za0tu,70302 Duhun Rural Municipality,703 DARCHULA,703,7 Sudurpashchim Province,7,70302,0,0,0,0,1.0,0,0,0,0,0,0,0,0,0,0,0,0,0,0,0,1.0,1.0,0,0,0,0,0,0,0,0,0,0,0,0,2.0,0,0,0,0,0,0,0,0,0,0,0,0,0,0,0,0,0,0,0,0,0,0,0,0,0,0,0,0,0,0,0,0,0,0,0,0,0,0,0,0,0,0,0,0,0,0,0,0,0,0,0,0,0,0,0,0,0,0,0,0,0,0,0,0,0,0,0,0,0,0,0,0,0,0,0,0,0,0,0,0,0,0,0,0,0,0,0,0,0,0,0,0,1.0
n0ICenUQAGj,10404 Khiji Demba Rural Municipality,104 OKHALDHUNGA,104,1 Koshi Province,1,10404,0,0,2.0,0,0,0,0,0,1.0,0,0,0,0,0,1.0,0,0,0,0,0,0,2.0,0,0,0,0,0,0,0,0,0,0,3.0,2.0,0,1.0,0,1.0,0,0,0,0,0,0,0,0,0,0,0,0,0,0,0,0,0,0,0,0,0,0,0,0,0,0,0,0,0,0,1.0,0,0,0,1.0,0,0,1.0,0,0,0,0,0,0,0,0,2.0,0,0,0,0,0,0,0,0,0,0,0,0,1.0,0,0,0,0,0,0,0,0,1.0,0,0,0,0,0,0,0,0,0,0,4.0,1.0,0,0,1.0,1.0,1.0,0,1.0,2.0,3.0
hn1EFTvM2VY,51201 Bansgadhi Municipality,512 BARDIYA,512,5 Lumbini Province,5,51201,0,0,0,0,0,0,3.0,0,0,1.0,0,0,0,0,0,0,8.0,5.0,0,0,0,0,0,0,0,0,0,0,0,0,0,0,0,0,0,0,0,0,3.0,13.0,0,0,0,0,0,0,0,0,0,0,0,0,0,0,0,0,0,0,0,0,0,0,0,0,0,0,0,0,0,0,5.0,1.0,0,0,0,0,0,0,0,0,3.0,1.0,0,0,0,0,0,0,0,0,0,0,0,0,0,0,0,0,0,0,0,0,0,0,0,0,0,0,0,0,0,0,0,0,0,0,0,0,0,0,0,0,0,10.0,0,1.0,0,0
BiWa3iUtHtP,10503 Rawabesi Rural Municipality,105 KHOTANG,105,1 Koshi Province,1,10503,1.0,0,0,0,0,0,0,0,0,0,0,0,0,0,0,0,1.0,0,0,0,0,0,0,0,0,0,0,0,1.0,0,0,0,0,0,0,0,0,0,0,0,0,0,0,0,0,0,0,0,0,0,0,0,0,0,0,0,0,0,0,0,0,0,0,0,0,0,0,0,0,0,0,0,0,0,0,0,0,0,0,0,0,0,0,0,0,0,0,0,0,0,0,0,0,0,0,0,0,0,0,0,0,0,0,0,0,0,0,0,0,0,0,0,0,0,0,0,0,1.0,0,0,1.0,0,0,0,0,0,1.0,0
mGacVlqIv3w,31205 Manahari Rural Municipality,312 MAKWANPUR,312,3 Bagmati Province,3,31205,2.0,2.0,0,2.0,0,0,2.0,0,0,0,0,2.0,2.0,0,0,0,0,0,1.0,0,0,0,0,0,0,2.0,1.0,0,0,0,0,0,0,2.0,1.0,2.0,0,1.0,1.0,0,0,0,0,1.0,0,1.0,0,1.0,0,0,0,0,0,0,0,1.0,0,2.0,0,0,0,0,0,0,2.0,0,2.0,1.0,2.0,0,0,0,0,0,0,0,1.0,0,0,0,0,0,1.0,0,0,3.0,0,0,0,0,0,0,0,0,0,0,0,0,0,0,0,0,0,0,0,0,0,2.0,0,0,0,0,0,0,0,0,0,2.0,2.0,4.0,2.0,2.0,0,0,0,0,0,4.0
jBGwG3a6zWb,60103 Jagadulla Rural Municipality,601 DOLPA,601,6 Karnali Province,6,60103,0,0,0,0,0,0,0,0,0,0,0,0,0,0,0,0,1.0,0,0,0,0,0,0,0,0,0,0,0,0,0,0,0,0,1.0,0,0,0,0,0,0,0,0,1.0,0,0,0,0,0,0,0,0,0,0,0,0,0,0,0,0,0,0,0,0,0,0,0,0,0,0,0,0,0,0,0,0,0,0,0,0,0,0,0,0,0,0,0,0,0,0,0,0,0,0,0,0,0,0,0,0,0,0,0,0,0,0,0,0,0,0,0,0,0,0,0,0,0,0,4.0,0,0,0,0,0,0,0,0,0,0
mKSUBEinvq2,11204 Sundarharaicha Municipality,112 MORANG,112,1 Koshi Province,1,11204,0,0,0,1.0,0,6.0,0,0,0,0,0,0,0,0,0,0,0,1.0,0,8.0,0,1.0,0,0,0,0,0,0,0,0,0,0,1.0,0,0,0,0,0,0,0,0,8.0,0,0,0,0,0,0,0,0,0,0,0,0,0,0,0,0,0,0,0,0,0,1.0,0,0,0,0,0,0,0,0,0,0,0,0,0,0,0,0,0,0,0,4.0,0,2.0,0,0,0,0,0,0,0,0,0,0,0,0,0,0,0,0,0,0,0,0,0,0,0,0,0,0,0,0,0,0,0,0,0,0,0,0,0,0,0,8.0,0,3.0
LbwlY7AUuoO,50408 Dhurkot Rural Municipality,504 GULMI,504,5 Lumbini Province,5,50408,0,425.0,0,0,1.0,0,0,0,0,0,0,0,0,0,0,0,3.0,0,0,0,0,0,0,0,0,0,0,0,0,0,0,0,0,0,0,0,0,0,1.0,0,0,0,0,0,0,0,2.0,0,0,0,0,0,0,0,0,0,0,0,0,0,0,0,0,0,0,0,0,0,0,1.0,0,0,0,0,0,0,0,0,0,1.0,0,0,0,1.0,0,0,0,0,0,0,0,0,0,0,0,0,0,0,0,0,0,0,0,0,0,0,0,0,0,0,0,0,0,0,0,0,0,0,0,0,0,2.0,1.0,2.0,1.0,0,0,0
O83QKtwuJWq,10207 Panchakhapan Municipality,102 SANKHUWASABHA,102,1 Koshi Province,1,10207,1.0,0,0,1.0,0,1.0,1.0,6.0,2.0,1.0,0,0,2.0,4.0,0,3.0,1.0,0,0,1.0,6.0,4.0,0,0,0,0,0,0,0,1.0,1.0,0,1.0,0,0,0,4.0,2.0,3.0,1.0,1.0,0,5.0,0,0,0,0,0,0,0,0,0,0,0,0,0,0,0,0,0,0,0,0,0,0,0,0,0,0,1.0,2.0,3.0,2.0,2.0,3.0,0,1.0,0,0,0,0,1.0,1.0,4.0,0,1.0,0,0,0,0,0,0,0,0,0,0,0,0,0,0,0,0,0,0,0,0,0,0,0,0,0,0,0,0,0,0,0,0,0,0,0,1.0,0,2.0,2.0,5.0,3.0,5.0
a93eGOAOHia,11202 Letang Municipality,112 MORANG,112,1 Koshi Province,1,11202,0,0,2.0,0,0,0,0,0,0,0,0,0,0,0,0,0,0,0,0,0,3.0,34.0,0,0,0,0,0,0,0,0,0,0,0,0,0,0,0,0,0,1.0,0,0,0,0,0,0,0,0,0,0,0,23.0,0,2.0,0,0,0,0,0,0,0,0,0,0,0,0,0,0,0,0,0,0,0,0,6.0,0,0,0,0,0,0,0,0,0,0,3.0,0,0,0,0,0,0,0,0,0,0,0,0,0,0,0,0,0,0,0,0,3.0,0,0,0,0,0,0,0,0,0,0,0,0,0,0,2.0,0,0,0,0,0,40.0
LK5DFWU64XL,31103 Tinpatan Rural Municipality,311 SINDHULI,311,3 Bagmati Province,3,31103,0,0,0,1.0,0,1.0,1.0,0,0,1.0,0,0,0,0,1.0,0,0,1.0,0,1.0,0,0,0,0,0,0,0,0,0,0,0,1.0,2.0,0,1.0,1.0,1.0,0,0,0,0,0,0,1.0,0,0,0,0,0,0,0,0,0,0,0,0,0,0,0,0,0,0,0,0,0,0,0,0,0,0,0,0,0,1.0,0,0,0,1.0,0,0,2.0,0,0,0,0,1.0,0,0,0,0,0,0,0,0,1.0,0,0,0,0,0,0,0,0,0,0,0,0,0,0,0,0,0,0,0,0,0,0,0,0,0,1.0,0,1.0,0,0,0,0,2.0
xx7B1K7qErB,20315 Janakpur Sub-Metropolitan City,203 DHANUSA,203,2 Madhesh Province,2,20315,0,0,0,0,0,0,0,0,0,1.0,0,0,0,0,0,0,0,0,0,95.0,12.0,2.0,0,0,0,0,0,0,0,0,0,0,0,0,0,0,0,0,0,0,0,115.0,2.0,0,0,0,0,0,0,0,0,0,0,6.0,0,0,0,0,0,0,0,0,11.0,0,0,0,0,0,0,0,0,0,0,0,0,0,0,0,0,0,0,0,0,127.0,0,18.0,0,0,0,0,0,0,0,0,0,0,0,0,0,0,0,0,0,0,73.0,0,0,0,0,0,0,0,0,0,0,5.0,0,0,0,0,0,0,0,0,0,117.0,6.0,20.0
qIv6T7879Cn,30201 Bhotekoshi Rural Municipality,302 SINDHUPALCHOK,302,3 Bagmati Province,3,30201,0,0,0,0,1.0,2.0,1.0,0,2.0,3.0,0,0,0,0,2.0,0,0,0,0,0,0,0,0,0,0,0,0,0,0,0,0,0,0,0,0,1.0,0,0,1.0,0,0,0,1.0,2.0,0,0,0,0,0,0,0,0,0,0,0,0,0,0,0,0,0,0,0,0,0,2.0,0,1.0,0,0,0,0,0,0,2.0,2.0,0,0,0,0,0,0,0,0,0,0,0,0,0,0,0,0,0,0,0,0,0,0,0,0,0,0,0,0,0,0,0,0,0,0,0,0,0,0,0,0,0,0,1.0,1.0,1.0,0,0,0,0,0,10.0,6.0
TnT6m8FZEet,10101 Phaktanlung Rural Municipality,101 TAPLEJUNG,101,1 Koshi Province,1,10101,0,2.0,1.0,0,0,0,0,0,0,0,2.0,2.0,0,3.0,0,0,0,1.0,1.0,1.0,0,0,0,0,0,0,0,3.0,0,0,0,0,1.0,3.0,0,0,0,0,0,0,0,1.0,0,0,0,6.0,0,0,0,0,0,0,0,0,0,0,0,1.0,0,0,0,0,0,0,2.0,0,3.0,0,0,0,1.0,0,0,1.0,0,2.0,0,0,0,0,1.0,0,0,0,0,0,0,3.0,0,0,0,0,0,0,0,0,0,0,0,0,0,0,0,0,0,0,0,0,0,0,0,0,0,0,0,0,0,3.0,0,0,0,0,0,0,0,0,0,0
mhNvNmTvUsE,20311 Kamala Municipality,203 DHANUSA,203,2 Madhesh Province,2,20311,0,0,0,0,0,0,0,0,0,0,0,0,0,0,0,0,0,0,0,0,0,0,0,0,0,0,0,0,0,0,0,0,0,0,0,0,0,0,0,0,0,0,0,0,0,0,4.0,0,0,0,0,0,0,0,0,0,0,0,0,0,0,0,0,0,0,0,0,0,0,0,0,0,0,0,0,0,0,0,0,0,0,0,0,0,0,0,0,0,0,0,0,0,0,0,0,0,0,0,0,0,0,0,0,0,0,0,0,0,0,0,0,0,0,0,0,0,0,0,0,0,0,0,0,0,0,0,0,0
uLdNzeLGQik,60203 Soru Rural Municipality,602 MUGU,602,6 Karnali Province,6,60203,0,0,0,0,0,0,0,0,0,0,1.0,0,0,0,0,0,2.0,0,1.0,0,0,0,0,0,84.0,0,0,0,0,0,0,0,0,0,0,0,2.0,0,0,2.0,0,1.0,0,1.0,0,0,0,0,0,0,0,0,0,0,0,0,0,0,0,0,0,0,0,0,0,0,0,0,0,0,0,0,0,0,0,0,0,0,0,0,0,0,0,0,0,0,0,0,0,0,0,0,0,0,0,0,2.0,1.0,0,0,0,0,0,0,0,0,0,0,0,0,0,0,0,0,0,0,0,0,0,0,0,0,0,0,0,1.0,0,3.0
CMLxRNQiEuz,10902 Hilihan Rural Municipality,109 PANCHTHAR,109,1 Koshi Province,1,10902,1.0,0,0,0,0,0,0,0,0,0,0,0,0,0,0,1.0,0,0,0,0,0,0,0,0,0,0,1.0,0,0,0,0,0,0,0,0,0,1.0,2.0,0,0,0,0,0,0,0,0,0,0,0,0,0,0,0,0,0,0,0,0,0,0,0,0,0,0,0,0,0,0,0,0,0,0,0,0,0,0,0,0,0,0,0,0,0,0,0,1.0,0,0,0,0,0,0,0,0,0,0,0,0,0,0,0,0,0,0,0,0,0,0,0,0,0,0,0,0,0,0,0,0,0,0,0,0,0,0,0,0,0,1.0
X3rzE53ksA1,10203 Silichong Rural Municipality,102 SANKHUWASABHA,102,1 Koshi Province,1,10203,1.0,0,1.0,1.0,0,3.0,3.0,3.0,1.0,2.0,2.0,1.0,0,1.0,2.0,0,4.0,2.0,4.0,2.0,2.0,1.0,0,0,1.0,0,0,0,1.0,0,2.0,0,0,1.0,0,0,0,0,9.0,3.0,1.0,2.0,1.0,6.0,0,0,0,0,0,0,1.0,19.0,0,0,0,0,0,0,0,0,0,1.0,0,0,1.0,0,0,0,0,4.0,2.0,3.0,1.0,1.0,1.0,0,0,0,0,1.0,0,1.0,0,0,0,0,0,1.0,0,0,0,0,0,0,0,0,0,0,0,0,0,0,0,0,0,0,0,0,0,0,0,0,0,0,0,0,0,0,7.0,0,0,0,2.0,0,1.0,0,1.0,7.0
WMm4dtLoyR0,51001 Bangalachuli Rural Municipality,510 DANG,510,5 Lumbini Province,5,51001,0,0,0,0,0,0,0,0,0,21.0,0,0,0,0,0,0,0,1.0,0,0,0,0,0,0,0,0,0,0,0,0,0,0,0,0,0,0,0,1.0,0,0,0,0,0,0,0,0,0,0,0,0,0,0,0,0,0,0,0,0,0,0,0,0,0,0,0,0,0,0,0,0,0,0,0,0,0,0,0,0,0,0,0,0,0,0,0,0,0,0,2.0,0,0,0,0,0,0,0,0,0,0,0,0,0,0,0,0,0,0,0,0,0,0,0,0,0,0,0,0,0,1.0,0,0,0,0,0,0,0,1.0,0
aU6oNY86CMb,40803 Bungdikali Rural Municipality,408 NAWALPARASI EAST,408,4 Gandaki Province,4,40803,0,0,0,0,0,2.0,0,0,3.0,1.0,2.0,0,0,0,0,0,4.0,0,0,0,0,0,0,0,0,0,0,1.0,0,3.0,0,0,0,0,1.0,0,1.0,0,1.0,0,1.0,0,1.0,1.0,0,0,0,0,0,0,0,0,0,0,0,0,0,0,0,0,0,0,0,0,0,0,0,0,0,0,2.0,0,0,1.0,0,0,0,0,0,0,0,0,1.0,0,0,0,0,0,0,0,0,0,0,0,0,0,0,0,0,0,0,1.0,0,0,0,0,0,0,0,0,0,0,0,0,0,0,0,0,1.0,0,2.0,0,0,0,0,1.0,0,1.0
vOAAQWchu33,60905 Bagachour Municipality,609 SALYAN,609,6 Karnali Province,6,60905,0,0,0,2.0,0,0,2.0,1.0,0,0,2.0,0,0,0,0,0,0,0,0,1.0,0,0,0,0,0,0,0,2.0,0,0,0,0,0,0,0,2.0,1.0,0,3.0,0,0,4.0,0,1.0,0,0,0,0,0,0,0,0,0,0,0,0,0,0,0,0,0,0,0,0,0,0,0,0,8.0,0,0,0,0,0,0,0,0,0,0,0,0,0,0,0,0,0,0,0,0,0,0,0,0,0,0,0,0,0,0,0,0,0,0,0,0,0,0,0,0,0,0,0,0,0,0,0,0,0,0,1.0,1.0,0,0,0,2.0,3.0,4.0,1.0
HNoO3MOxRs6,40603 Kwhola Sothar Rural Municipality,406 LAMJUNG,406,4 Gandaki Province,4,40603,0,2.0,2.0,2.0,0,0,0,2.0,0,0,0,1.0,1.0,2.0,0,0,0,0,0,3.0,0,0,0,0,0,0,0,0,0,0,0,0,0,2.0,0,1.0,0,0,1.0,0,0,0,0,1.0,0,0,0,0,0,0,0,0,0,0,0,0,0,0,0,0,0,0,0,0,1.0,1.0,1.0,0,0,1.0,0,2.0,0,0,0,0,0,0,0,0,0,0,0,0,0,0,0,0,0,0,0,0,0,0,0,0,0,0,0,0,0,0,0,0,0,0,0,0,0,0,0,0,0,0,0,0,0,1.0,1.0,7.0,0,1.0,0,0,0,2.0,0,1.0
eP90MO7oR6J,70303 Mahakali Municipality,703 DARCHULA,703,7 Sudurpashchim Province,7,70303,0,0,0,0,0,0,0,1.0,0,0,0,0,0,0,0,0,0,0,4.0,2.0,0,0,0,0,0,0,0,0,0,1.0,3.0,0,0,0,0,0,0,0,0,0,0,1.0,0,0,0,0,0,0,0,0,0,0,0,0,0,0,0,0,0,0,0,0,0,0,0,0,0,0,0,0,0,1.0,0,0,0,0,1.0,0,0,0,0,0,2.0,0,4.0,0,0,0,0,0,0,0,0,0,0,0,0,0,0,0,0,1.0,0,1.0,0,0,0,0,0,0,0,0,0,0,0,0,0,0,0,0,0,0,2.0,0,0,3.0,1.0,4.0
AyKEcjoYtPd,51207 Gulariya Municipality,512 BARDIYA,512,5 Lumbini Province,5,51207,0,0,13.0,23.0,6.0,0,0,0,1.0,0,0,0,0,5.0,3.0,0,0,0,0,0,0,0,0,0,18.0,11.0,7.0,0,0,0,0,0,0,0,0,1.0,34.0,53.0,0,0,2.0,0,0,0,0,5.0,0,0,0,0,0,0,0,0,0,0,0,0,0,0,0,0,0,0,0,0,6.0,22.0,13.0,0,0,0,0,0,0,0,0,3.0,0,0,0,0,0,0,0,0,0,3.0,0,0,0,0,0,0,0,0,0,2.0,0,0,0,0,0,0,0,0,0,0,0,0,0,0,0,0,0,0,0,0,0,25.0,42.0,0,0,0,0,0,0,0
CM5YyMzgtyE,70710 Turmakhand Rural Municipality,707 ACHHAM,707,7 Sudurpashchim Province,7,70710,0,0,0,0,0,0,0,0,0,0,1.0,0,0,0,0,0,0,1.0,0,0,0,1.0,0,0,0,0,0,0,0,0,0,0,1.0,0,0,0,0,0,2.0,0,2.0,0,0,2.0,0,0,0,0,0,0,0,0,0,0,0,0,0,0,0,0,0,0,0,0,0,0,0,0,0,0,0,0,0,1.0,0,0,0,0,0,0,0,0,0,0,0,0,0,0,0,0,0,0,0,0,0,0,0,0,0,0,0,0,0,0,0,0,0,0,0,0,0,0,0,0,0,0,0,0,0,0,0,0,0,0,0,0,1.0,11.0
aGaKLs573SL,50504 Sandhikharka Municipality,505 ARGHAKHANCHI,505,5 Lumbini Province,5,50504,0,0,8.0,0,0,0,16.0,0,1.0,2.0,0,0,7.0,4.0,4.0,0,0,2.0,0,0,1.0,0,0,0,0,2.0,0,0,0,0,0,1.0,0,1.0,7.0,8.0,22.0,0,6.0,1.0,0,0,1.0,0,0,0,0,0,0,0,0,0,0,0,0,0,0,0,0,0,0,0,0,0,0,0,18.0,21.0,0,0,15.0,3.0,0,0,0,0,7.0,0,0,0,0,2.0,0,0,0,0,0,7.0,12.0,0,0,0,0,0,0,0,0,5.0,0,0,0,0,0,0,0,0,0,0,7.0,0,0,0,0,0,0,0,0,1.0,24.0,18.0,7.0,1.0,16.0,1.0,2.0,10.0,1.0,2.0
RwdsaWpcvuQ,20520 Malangawa Municipality,205 SARLAHI,205,2 Madhesh Province,2,20520,0,0,0,0,0,0,0,0,0,0,0,0,0,0,0,0,0,0,0,0,0,0,0,0,0,0,0,0,0,0,0,0,0,0,0,0,0,0,0,0,0,0,0,0,0,0,0,0,0,0,0,0,0,0,0,0,0,0,0,0,0,0,0,0,0,0,0,0,0,0,0,0,0,0,0,0,0,0,0,0,0,0,0,0,0,0,0,0,0,0,0,0,0,0,0,0,0,0,0,0,0,0,0,0,0,0,0,0,0,0,0,0,0,0,0,0,0,0,0,63.0,0,0,0,0,0,0,0,0
aTZcDT4w3Ml,70101 Himali Rural Municipality,701 BAJURA,701,7 Sudurpashchim Province,7,70101,0,0,0,0,0,0,0,0,0,0,0,0,0,0,0,0,0,0,0,1.0,0,0,0,0,0,0,0,0,0,0,0,0,0,0,0,0,0,0,0,0,0,1.0,0,0,0,0,0,0,0,0,0,0,0,0,0,0,0,0,0,0,0,0,0,0,0,0,0,0,0,0,0,0,0,0,0,0,0,0,0,0,0,0,0,0,0,0,0,0,0,0,0,0,0,0,0,0,0,0,0,0,0,0,0,0,0,0,0,0,0,0,0,0,0,0,0,0,0,0,0,0,0,2.0,1.0,0,0,0,0,2.0
Fen9qMN7huE,10505 Diktel Rupakot Majhuwagadhi Municipality,105 KHOTANG,105,1 Koshi Province,1,10505,2.0,21.0,4.0,4.0,9.0,6.0,4.0,2.0,0,10.0,0,2.0,10.0,0,0,2.0,5.0,5.0,0,0,1.0,0,0,0,0,0,0,0,0,0,0,0,0,0,4.0,4.0,1.0,4.0,3.0,2.0,2.0,1.0,9.0,0,0,0,0,0,6.0,0,0,0,0,0,0,0,0,0,0,0,0,4.0,0,9.0,1.0,13.0,26.0,1.0,0,25.0,2.0,4.0,0,0,0,0,4.0,1.0,4.0,0,3.0,0,0,2.0,3.0,0,0,0,0,0,0,0,0,0,0,3.0,0,0,0,0,0,0,0,0,0,0,0,0,0,2.0,6.0,0,0,0,0,0,0,1.0,24.0,7.0,0,5.0,1.0,1.0,2.0,0,11.0,8.0
sBELQdDFD2K,11203 Kerabari Rural Municipality,112 MORANG,112,1 Koshi Province,1,11203,0,0,0,0,0,1.0,0,0,6.0,1.0,0,0,0,0,0,0,0,0,2.0,7.0,0,0,0,0,0,0,0,0,0,0,2.0,0,0,0,0,0,0,0,0,0,3.0,3.0,0,1.0,0,0,0,0,0,0,0,2.0,0,0,0,0,0,0,0,0,0,0,0,0,0,1.0,0,0,0,0,0,0,1.0,0,0,0,0,0,0,0,0,0,0,0,0,0,0,0,0,0,0,0,0,0,0,0,0,0,0,0,0,0,22.0,0,0,0,0,0,0,0,0,0,0,0,0,0,0,0,0,0,0,0,0,0,0,2.0,0,1.0
gE2JavhfKh8,50802 Butwal Sub-Metropolitan City,508 RUPANDEHI,508,5 Lumbini Province,5,50802,0,0,0,0,0,0,165.0,229.0,188.0,36.0,241.0,0,0,0,0,0,110.0,120.0,86.0,0,138.0,91.0,0,0,0,0,0,0,29.0,58.0,31.0,0,59.0,0,1.0,0,0,0,145.0,176.0,156.0,0,168.0,176.0,0,0,0,0,0,37.0,76.0,23.0,0,29.0,0,0,0,0,0,18.0,9.0,15.0,0,12.0,0,0,0,0,0,0,110.0,127.0,102.0,0,147.0,0,0,0,0,0,59.0,66.0,0,0,12.0,0,0,2.0,0,0,0,2.0,4.0,5.0,0,0,0,0,0,0,0,15.0,14.0,21.0,0,11.0,0,0,0,0,0,0,4.0,5.0,6.0,0,7.0,0,0,0,0,0,181.0,166.0,153.0,0,248.0,629.0
vn8qhmMp7ph,60702 Kuse Rural Municipality,607 JAJARKOT,607,6 Karnali Province,6,60702,1.0,1.0,0,0,0,0,0,0,0,0,0,0,0,0,0,0,0,0,0,0,0,0,0,0,0,0,0,0,0,0,0,0,0,0,0,0,0,0,0,0,0,0,0,0,0,0,0,0,0,0,0,0,0,0,0,0,0,0,0,0,0,0,0,0,0,0,0,0,0,0,0,0,0,0,0,0,0,0,0,0,0,0,0,0,0,0,0,0,0,0,0,0,0,0,0,0,0,0,0,0,0,0,0,0,0,0,0,0,0,0,0,0,0,0,0,0,0,0,0,0,0,0,0,0,0,0,2.0,0
tQ73nJ7ioAy,30806 Bagmati Rural Municipality,308 LALITPUR,308,3 Bagmati Province,3,30806,0,0,0,0,0,1.0,0,0,2.0,2.0,2.0,0,0,0,0,0,0,0,0,0,0,0,1.0,0,0,0,0,0,0,0,0,1.0,0,4.0,0,0,0,0,0,0,0,0,2.0,0,0,0,0,0,0,0,0,0,0,0,0,0,0,0,0,0,0,0,0,0,3.0,0,0,0,0,0,0,0,0,0,0,0,0,0,0,0,0,0,0,0,0,0,0,0,0,0,0,0,0,0,0,0,0,0,0,0,0,0,0,0,0,0,0,1.0,0,0,0,0,0,0,0,0,0,1.0,0,0,0,0,0,0,0,0,0,0
DlmjnZcEmaW,11005 Fakfokathum Rural Municipality,110 ILAM,110,1 Koshi Province,1,11005,0,0,0,0,0,1.0,0,0,0,0,0,0,0,0,0,0,0,0,0,0,0,0,0,0,0,0,0,0,0,0,0,0,0,0,0,0,0,0,0,0,0,0,0,0,0,0,0,0,0,0,0,0,0,0,0,0,0,0,0,0,0,0,0,0,0,0,0,0,0,0,0,0,0,0,0,0,0,0,0,0,0,0,0,0,0,0,0,0,0,0,0,0,0,0,0,0,0,0,0,0,0,0,0,0,0,0,0,0,0,0,0,0,0,0,0,0,0,0,0,0,0,0,0,0,0,0,0,0
iFoDthLp3eG,20201 Lahan Municipality,202 SIRAHA,202,2 Madhesh Province,2,20201,0,0,54.0,68.0,0,58.0,50.0,66.0,0,0,0,0,0,30.0,29.0,29.0,21.0,0,0,0,0,0,0,0,0,0,9.0,21.0,9.0,29.0,2.0,39.0,0,0,0,0,69.0,34.0,0,51.0,0,0,0,0,0,0,19.0,8.0,18.0,0,0,0,19.0,0,0,0,0,1.0,5.0,0,4.0,0,22.0,0,0,0,19.0,1.0,15.0,26.0,7.0,35.0,0,0,0,0,0,24.0,27.0,7.0,29.0,30.0,3.0,0,0,0,0,0,4.0,0,1.0,0,0,0,0,0,0,0,9.0,8.0,21.0,0,11.0,0,0,0,0,0,0,0,0,1.0,0,4.0,0,0,0,0,0,89.0,46.0,49.0,0,41.0,0,0,0,6.0
Vkv9B89Tu0q,10307 Solu Dudhakunda Municipality,103 SOLUKHUMBU,103,1 Koshi Province,1,10307,0,0,0,0,0,0,1.0,1.0,11.0,3.0,1.0,0,0,0,0,1.0,0,2.0,0,0,0,0,0,1.0,0,0,0,0,0,1.0,0,0,0,4.0,6.0,0,1.0,1.0,4.0,0,2.0,2.0,0,1.0,1.0,0,0,0,0,0,0,0,0,0,0,0,0,0,0,0,0,0,0,0,0,2.0,0,0,1.0,0,0,0,0,0,0,0,1.0,2.0,0,0,0,0,0,0,0,0,0,2.0,0,0,0,0,0,0,0,0,0,0,0,0,0,0,0,0,0,0,0,0,0,0,0,0,0,0,0,0,0,2.0,4.0,2.0,2.0,0,2.0,0,0,1.0,0,7.0
k5Ig12XBeut,70607 Bogatan Rural Municipality,706 DOTI,706,7 Sudurpashchim Province,7,70607,0,0,0,0,0,0,0,0,0,2.0,0,0,0,0,0,0,0,0,0,0,0,0,0,0,0,0,0,0,0,0,0,0,0,1.0,0,0,0,0,0,0,0,0,0,0,0,0,0,0,0,0,0,1.0,0,0,0,0,0,0,0,0,0,0,0,0,0,0,0,0,0,0,0,1.0,0,0,0,0,0,0,0,0,0,0,0,0,0,0,0,0,0,0,0,0,0,0,0,0,0,0,0,0,0,0,0,0,0,0,0,0,0,0,0,0,0,0,0,0,0,1.0,0,0,0,0,0,0,0,0,0,0
pneopnkujAY,70703 Mellekh Rural Municipality,707 ACHHAM,707,7 Sudurpashchim Province,7,70703,0,0,0,0,0,0,0,0,0,0,0,0,0,0,0,0,0,0,0,0,0,0,0,0,0,0,0,0,0,0,0,0,0,0,0,0,0,1.0,0,0,0,0,0,10.0,0,0,0,0,0,0,0,0,0,0,0,0,0,0,0,0,0,0,0,0,0,0,0,0,0,0,0,0,0,0,0,0,0,0,0,0,0,0,0,0,0,0,0,0,0,0,0,0,0,0,0,0,0,0,0,0,0,0,0,0,0,0,0,0,0,0,0,0,0,0,0,0,0,0,0,0,0,0,0,0,0,0,0,20.0
p3jCjtaqr1K,11407 Katari Municipality,114 UDAYAPUR,114,1 Koshi Province,1,11407,0,0,0,0,0,2.0,0,0,61.0,48.0,0,6.0,0,0,0,0,0,0,0,0,0,0,0,0,0,0,0,0,0,0,0,0,0,5.0,0,0,0,0,0,0,0,0,0,0,0,0,0,0,0,0,0,0,0,0,0,0,0,0,0,0,4.0,0,0,0,0,0,0,4.0,0,0,0,0,0,17.0,0,1.0,0,0,0,0,0,0,0,0,0,0,0,0,0,0,0,0,0,0,0,0,1.0,0,0,0,0,0,0,0,0,0,0,0,0,0,0,0,0,0,0,0,0,0,0,0,0,0,0,0,0,0,0,0
GTscpNaZbdd,20101 Saptakoshi Municipality,201 SAPTARI,201,2 Madhesh Province,2,20101,0,0,0,0,0,0,0,0,0,0,0,0,0,0,0,0,0,0,0,0,0,0,0,0,0,0,0,0,0,0,0,0,0,0,0,0,0,0,0,0,0,0,0,0,0,0,0,0,0,0,0,0,0,0,0,0,0,0,0,0,0,0,0,0,0,0,0,0,0,0,0,0,0,0,0,0,0,0,0,0,0,0,0,0,0,0,0,0,0,0,0,0,0,0,0,0,0,0,0,0,0,0,0,0,0,60.0,0,0,0,0,0,0,0,0,0,0,0,0,0,0,0,0,0,0,0,0,0,0
DNNqxNFcyph,60603 Bhairabi Rural Municipality,606 DAILEKH,606,6 Karnali Province,6,60603,0,0,0,0,0,0,0,0,0,0,0,0,0,0,0,1.0,0,0,0,0,0,0,0,0,0,0,0,0,0,0,0,0,0,0,0,0,0,0,0,0,0,0,0,0,0,0,0,0,0,0,0,0,0,0,0,0,0,0,0,0,0,0,0,0,0,0,0,0,0,0,0,0,0,0,0,0,0,0,0,0,0,0,0,0,0,0,0,0,0,0,0,0,0,0,0,0,0,0,0,0,0,0,0,0,0,0,0,0,0,0,0,0,0,0,0,0,0,0,0,0,0,0,0,0,0,0,0,0
zR1anyfvrOo,30204 Helambu Rural Municipality,302 SINDHUPALCHOK,302,3 Bagmati Province,3,30204,0,0,0,0,2.0,1.0,1.0,0,0,1.0,2.0,0,0,0,0,0,0,0,0,0,0,0,0,0,0,0,0,0,0,0,0,0,0,0,0,0,3.0,0,0,0,0,2.0,0,2.0,0,0,0,0,0,0,0,0,0,0,0,0,0,0,0,0,0,0,0,0,0,0,0,0,0,3.0,1.0,2.0,0,0,0,0,0,1.0,0,0,0,0,0,0,0,0,0,0,0,0,0,0,0,0,0,0,0,0,0,0,0,0,0,0,0,0,0,0,0,0,0,0,0,0,0,0,0,0,0,0,0,0,1.0,2.0,0,0,0,2.0
FpflD8BqlMO,10107 Yangwarak Rural Municipality,101 TAPLEJUNG,101,1 Koshi Province,1,10107,0,0,0,0,0,0,0,0,0,0,0,0,0,0,2.0,0,0,0,0,0,0,0,0,0,0,0,0,0,0,0,0,0,0,0,0,0,0,0,0,0,0,0,0,0,0,0,0,0,0,0,0,0,0,0,0,0,0,0,0,0,0,0,0,0,0,0,0,0,0,0,1.0,0,0,0,0,0,0,0,0,0,0,0,0,0,0,0,0,0,0,0,0,0,0,0,0,0,0,0,0,0,0,0,0,0,0,0,0,0,0,0,0,0,0,0,0,0,0,1.0,0,0,0,0,0,0,0,0,0,0
JeXriiVgEnu,30101 Gaurishankar Rural Municipality,301 DOLAKHA,301,3 Bagmati Province,3,30101,3.0,2.0,0,0,1.0,0,3.0,0,0,1.0,0,0,0,0,1.0,0,0,0,0,1.0,0,0,0,0,0,0,0,0,0,0,0,0,1.0,0,1.0,0,0,1.0,0,1.0,0,0,0,0,0,1.0,0,0,0,0,0,0,0,0,0,0,0,0,0,0,0,0,0,0,0,0,0,1.0,0,2.0,0,0,0,0,0,0,0,0,0,0,0,0,0,0,0,0,0,0,0,0,0,0,0,0,0,0,0,0,0,0,0,0,0,0,0,0,0,0,0,0,0,0,0,0,0,0,0,2.0,0,0,0,0,0,1.0,2.0,0,0,0
hCCeMTw69UU,40406 Beni Municipality,404 MYAGDI,404,4 Gandaki Province,4,40406,0,0,0,8.0,0,2.0,0,0,0,1.0,1.0,1.0,1.0,0,0,0,0,0,2.0,2.0,4.0,0,0,0,0,1.0,0,0,0,0,0,0,0,0,1.0,0,15.0,0,2.0,3.0,0,2.0,0,1.0,0,0,0,0,0,0,1.0,0,0,1.0,0,0,0,3.0,0,0,0,0,0,0,1.0,0,1.0,5.0,3.0,2.0,1.0,0,1.0,0,0,0,0,0,0,0,0,0,6.0,1.0,0,0,0,0,0,2.0,0,0,0,0,0,0,0,0,0,2.0,0,0,0,4.0,0,0,0,0,0,1.0,3.0,0,0,0,0,0,0,0,1.0,0,13.0,0,2.0,1.0,0,0,1.0,1.0
yLgova5hxHh,30910 Bethanchowk Rural Municipality,309 KAVREPALANCHOK,309,3 Bagmati Province,3,30910,0,2.0,1.0,0,1.0,0,0,0,1.0,0,0,0,0,0,0,0,0,0,0,0,0,0,0,0,0,0,1.0,0,0,0,0,0,0,0,0,1.0,0,0,0,1.0,0,0,0,0,0,1.0,0,0,0,0,0,0,0,0,0,0,0,0,0,0,0,0,0,0,0,0,0,0,0,0,0,1.0,0,0,0,0,0,0,1.0,0,0,0,0,0,0,0,0,0,0,0,0,0,0,0,0,0,0,0,0,0,0,0,0,0,0,2.0,0,0,0,0,0,0,0,0,0,0,0,0,0,1.0,0,1.0,0,0,1.0,0,0,0
rdYbkteJ80f,20313 Bideha Municipality,203 DHANUSA,203,2 Madhesh Province,2,20313,0,0,0,0,0,0,0,0,0,0,0,0,0,0,0,0,0,0,0,0,0,0,0,0,0,0,0,0,0,0,0,0,0,0,0,0,0,0,0,0,0,0,0,0,0,0,0,0,0,0,0,0,0,0,0,0,0,0,0,0,0,0,0,0,0,0,0,0,0,0,0,0,0,0,0,0,0,0,0,0,0,0,0,0,0,0,0,0,0,0,0,2.0,0,0,0,0,0,0,0,0,0,0,0,0,0,0,0,0,0,0,0,0,0,0,0,0,0,0,0,0,0,0,0,0,0,0,0,0
qSqjrMwbIvJ,51006 Dangisharan Rural Municipality,510 DANG,510,5 Lumbini Province,5,51006,0,0,0,0,0,0,0,0,0,0,0,0,0,0,0,0,0,0,0,0,0,0,0,2.0,2.0,1.0,0,0,0,0,0,0,0,0,1.0,0,0,0,0,1.0,0,0,0,0,0,0,0,0,0,0,0,0,0,0,0,0,0,0,0,0,0,0,0,0,0,0,0,0,0,0,0,0,0,0,0,0,0,0,0,0,0,0,0,0,0,0,0,0,0,0,0,0,0,0,0,0,0,0,0,0,0,0,1.0,0,0,0,0,0,0,0,0,0,0,0,0,0,0,0,0,0,0,0,0,0,0,0,0,0
mHYyY7S8j05,70902 Shuklaphanta Municipality,709 KANCHANPUR,709,7 Sudurpashchim Province,7,70902,0,0,0,0,0,0,0,0,0,0,0,0,0,0,0,0,0,0,0,0,0,0,0,0,0,0,0,0,0,0,0,0,0,0,0,0,0,0,0,0,0,0,0,0,0,0,0,0,0,0,0,0,0,0,0,0,0,0,2.0,0,0,0,0,0,0,0,0,0,0,0,0,0,0,0,0,0,0,0,0,0,0,0,0,0,0,0,0,0,0,0,0,0,0,0,0,0,0,0,0,0,0,0,0,0,0,0,0,0,0,0,0,0,0,0,0,0,0,0,0,0,0,0,0,0,0,0,0,0
RJjAQffhRya,11309 Inaruwa Municipality,113 SUNSARI,113,1 Koshi Province,1,11309,0,0,0,0,0,0,0,0,0,0,0,0,0,0,0,0,0,0,0,22.0,0,0,0,0,0,0,0,0,0,0,0,10.0,0,0,0,0,0,0,0,0,0,14.0,2.0,0,0,0,0,0,0,0,0,0,28.0,0,0,0,0,0,0,0,0,0,18.0,0,0,0,0,0,0,0,0,0,0,0,0,0,0,0,0,0,0,0,0,22.0,0,0,0,0,0,0,0,0,0,0,12.0,0,0,0,0,0,0,0,0,0,56.0,0,0,0,0,0,0,0,0,0,0,24.0,0,1.0,0,0,0,0,0,0,0,2.0,2.0,0
udhEfsRJE0r,60804 Musikot Municipality,608 RUKUM WEST,608,6 Karnali Province,6,60804,0,1.0,0,4.0,0,4.0,1.0,0,1.0,3.0,2.0,0,2.0,3.0,5.0,0,3.0,7.0,3.0,0,2.0,9.0,0,0,0,0,0,1.0,0,0,0,0,1.0,0,16.0,10.0,4.0,5.0,5.0,13.0,5.0,2.0,2.0,2.0,0,0,0,0,0,0,0,0,0,0,0,0,0,0,0,0,0,0,0,0,0,0,0,0,0,0,1.0,1.0,2.0,3.0,1.0,0,3.0,1.0,3.0,0,0,9.0,0,0,0,3.0,0,0,0,0,0,0,1.0,0,0,0,0,0,0,1.0,0,0,0,0,0,0,1.0,0,0,0,3.0,0,2.0,0,0,0,0,1.0,3.0,8.0,4.0,3.0,5.0,12.0,4.0,1.0,1.0,47.0
yBNQa3DDCMV,70202 Bungal Municipality,702 BAJHANG,702,7 Sudurpashchim Province,7,70202,0,0,0,0,0,0,0,0,0,0,0,0,0,0,0,0,0,0,0,0,0,0,0,0,0,0,0,0,0,0,0,0,0,0,0,0,0,0,0,0,0,0,0,2.0,0,0,0,0,0,0,0,0,0,0,0,0,0,0,0,0,0,0,0,0,0,0,0,1.0,0,0,0,0,1.0,0,0,0,0,0,0,0,0,0,0,0,0,0,0,0,0,0,0,0,0,0,0,0,0,0,0,0,0,0,0,0,0,0,0,0,0,0,0,0,0,0,0,0,0,0,0,0,0,0,0,0,0,0,0,2.0
Xznx7upyyKb,10304 Mapya Dudhkoshi Rural Municipality,103 SOLUKHUMBU,103,1 Koshi Province,1,10304,0,0,0,2.0,0,0,2.0,0,0,0,1.0,1.0,2.0,0,0,0,2.0,2.0,0,2.0,0,0,0,0,1.0,2.0,0,0,1.0,0,0,1.0,0,0,2.0,2.0,0,0,1.0,2.0,4.0,0,2.0,4.0,0,0,0,0,0,0,0,0,0,0,0,0,0,0,0,0,0,0,0,0,0,2.0,0,0,0,1.0,0,0,0,2.0,0,0,1.0,0,0,0,0,0,0,0,0,0,0,0,0,0,0,0,0,0,0,0,0,0,0,0,1.0,0,0,0,0,0,0,0,0,0,0,0,0,0,1.0,0,0,2.0,0,0,1.0,2.0,1.0,0,0,6.0,0,8.0
QXdURpmMJVr,11215 Katahari Rural Municipality,112 MORANG,112,1 Koshi Province,1,11215,0,0,0,0,0,0,0,0,0,1.0,0,0,0,0,0,0,0,0,0,0,0,0,0,0,0,0,0,0,0,0,0,0,0,0,0,0,0,0,0,0,0,0,1.0,0,0,0,0,0,0,0,0,0,0,0,0,0,0,0,0,0,0,0,0,0,0,0,0,0,0,0,0,0,0,0,1.0,0,0,0,0,0,0,0,0,0,0,0,0,0,0,0,0,0,0,0,0,0,0,0,0,0,0,0,0,0,0,0,0,0,0,0,0,0,0,0,0,0,0,0,0,0,0,0,0,2.0,0,0,0,0
gaKf8O4iGZi,60503 Raskot Municipality,605 KALIKOT,605,6 Karnali Province,6,60503,0,0,0,0,0,0,0,0,0,0,0,0,0,0,0,0,0,0,0,0,0,8.0,0,0,0,0,0,0,0,0,0,0,0,0,0,0,0,0,1.0,0,0,0,0,18.0,0,0,0,0,0,0,0,0,0,0,0,0,0,0,0,0,0,0,0,0,0,0,0,0,0,0,0,0,0,0,0,0,0,0,0,0,0,0,0,0,0,0,0,0,0,0,0,0,0,0,0,0,0,0,0,0,0,0,0,0,0,0,4.0,0,0,0,0,0,0,0,0,0,0,0,0,0,0,0,0,0,0,0,0,54.0
etsLClmlGvE,70604 Shikhar Municipality,706 DOTI,706,7 Sudurpashchim Province,7,70604,0,1.0,0,0,0,0,0,0,0,5.0,0,0,0,0,0,0,0,0,0,0,0,0,0,0,0,0,0,0,0,0,0,0,0,0,0,0,0,2.0,0,0,0,0,0,0,0,0,0,0,0,0,0,0,0,0,0,0,0,0,0,0,0,0,0,0,0,0,0,0,0,0,0,0,0,0,0,0,0,0,0,0,0,0,0,0,0,0,0,0,0,0,0,0,0,0,0,0,0,0,0,0,0,0,0,0,6.0,0,0,0,0,0,0,0,0,0,0,0,0,0,0,0,0,0,0,0,0,0,0,0
dhBrAUPY3Jt,70301 Byas Rural Municipality,703 DARCHULA,703,7 Sudurpashchim Province,7,70301,0,0,0,0,0,0,0,0,0,0,0,0,0,0,0,0,0,0,0,0,0,0,0,0,0,0,0,0,0,0,0,0,0,0,0,0,0,0,0,0,0,0,0,0,0,0,0,0,0,0,0,0,0,0,0,0,0,0,0,0,0,0,0,0,0,0,0,0,0,0,0,0,0,0,0,0,0,0,0,0,0,0,0,0,0,0,0,0,0,0,0,0,0,0,0,0,0,0,0,0,0,0,0,0,0,0,0,0,0,0,0,0,0,0,0,0,0,0,0,0,0,0,0,0,0,1.0,0,0
dubj3bHIuwU,50801 Devdaha Municipality,508 RUPANDEHI,508,5 Lumbini Province,5,50801,2.0,6.0,0,0,0,0,0,0,0,0,0,6.0,0,21.0,0,0,0,1.0,0,0,0,8.0,0,1.0,0,0,1.0,0,0,0,0,0,0,0,0,21.0,0,0,0,0,0,0,0,9.0,1.0,0,0,0,0,0,0,0,0,0,0,0,0,0,0,0,0,0,0,0,14.0,8.0,0,0,0,0,0,0,0,0,0,0,0,0,0,0,0,0,0,0,2.0,4.0,21.0,0,0,0,0,0,0,0,0,0,6.0,0,0,0,0,2.0,0,0,0,0,10.0,0,0,0,0,1.0,0,0,0,0,0,8.0,0,0,0,0,0,0,0,0,0,35.0
aPYWk1hRPYY,40806 Kawasoti Municipality,408 NAWALPARASI EAST,408,4 Gandaki Province,4,40806,30.0,51.0,1.0,1.0,32.0,7.0,23.0,44.0,11.0,59.0,46.0,9.0,21.0,3.0,14.0,0,23.0,19.0,12.0,25.0,0,37.0,8.0,9.0,0,0,19.0,23.0,0,16.0,0,12.0,12.0,20.0,9.0,0,0,29.0,42.0,19.0,9.0,35.0,44.0,36.0,3.0,3.0,0,6.0,14.0,1.0,2.0,0,12.0,7.0,0,0,0,3.0,2.0,3.0,3.0,0,0,3.0,19.0,34.0,0,0,0,58.0,13.0,21.0,0,28.0,28.0,13.0,17.0,0,0,0,21.0,8.0,0,5.0,17.0,15.0,0,0,0,1.0,0,0,0,0,1.0,1.0,2.0,2.0,0,2.0,3.0,4.0,0,3.0,6.0,3.0,2.0,5.0,5.0,0,0,0,0,0,0,1.0,1.0,39.0,37.0,0,0,40.0,22.0,31.0,14.0,28.0,49.0,154.0
rJiz16288V1,70602 Sayal Rural Municipality,706 DOTI,706,7 Sudurpashchim Province,7,70602,0,0,0,0,0,0,0,0,0,0,0,0,0,0,0,0,0,0,0,0,2.0,0,0,0,0,0,0,0,0,0,0,0,0,0,0,0,0,0,0,0,0,1.0,0,1.0,0,0,0,0,0,0,0,0,0,0,0,0,0,0,0,0,0,0,0,0,0,0,0,0,0,0,0,0,0,0,0,0,0,0,0,0,0,0,0,0,0,0,0,0,0,0,0,0,0,0,0,0,0,0,0,0,0,0,0,0,0,0,0,0,0,0,0,0,0,0,0,0,0,0,0,0,0,0,1.0,0,0,0,0,1.0
MFzUIoegqtN,20603 Phatuwa Bijayapur Municipality,206 RAUTAHAT,206,2 Madhesh Province,2,20603,0,0,0,0,0,0,0,0,0,0,2.0,0,0,0,0,0,0,0,0,0,0,0,0,0,2.0,0,0,0,0,0,0,0,0,0,0,0,0,0,5.0,3.0,0,1.0,0,0,0,0,1.0,0,0,0,0,0,0,0,0,0,0,0,0,0,0,0,0,0,0,0,0,0,0,0,0,0,0,0,0,0,0,0,0,0,0,0,0,0,0,0,0,0,2.0,0,0,0,0,0,0,0,0,0,0,0,0,0,0,0,0,0,0,0,0,0,0,0,0,0,0,0,0,0,0,0,0,0,3.0,0,0,0,0,0
F3Q2FhmSvR9,31005 Manthali  Municipality,310 RAMECHHAP,310,3 Bagmati Province,3,31005,2.0,1.0,14.0,1.0,0,1.0,5.0,1.0,0,2.0,0,2.0,0,1.0,2.0,0,1.0,2.0,5.0,1.0,0,1.0,0,2.0,0,0,0,1.0,0,0,0,0,0,1.0,2.0,8.0,4.0,0,3.0,5.0,0,3.0,5.0,0,0,0,0,0,0,0,0,0,0,0,0,0,0,0,0,0,0,0,0,0,0,0,10.0,0,0,0,0,0,0,0,0,0,3.0,0,0,0,0,0,1.0,0,4.0,0,0,0,0,0,0,0,0,0,0,0,2.0,0,0,0,0,1.0,0,0,0,0,0,0,0,0,0,0,0,0,0,0,0,1.0,0,0,0,1.0,4.0,2.0,0,0,0,3.0
iCoo4jo8gb7,70407 Shivanath Rural Municipality,704 BAITADI,704,7 Sudurpashchim Province,7,70407,0,0,0,0,0,0,0,3.0,0,0,0,0,0,0,0,0,0,0,0,0,0,1.0,0,0,0,0,0,0,0,0,0,0,0,0,0,0,0,0,0,0,0,3.0,0,2.0,0,0,0,0,0,0,0,0,0,0,0,0,0,0,0,0,0,0,0,1.0,0,0,0,0,0,0,0,0,0,0,0,0,0,0,0,0,0,0,0,0,0,0,0,0,0,0,0,0,0,0,0,0,0,0,0,0,0,0,0,0,0,0,0,0,0,0,0,0,0,0,0,0,0,0,0,0,0,0,0,2.0,0,0,0,3.0
JX5rBAArWRn,30911 Roshi Rural Municipality,309 KAVREPALANCHOK,309,3 Bagmati Province,3,30911,0,0,0,0,0,0,0,0,0,1.0,1.0,0,2.0,0,0,0,0,1.0,1.0,2.0,1.0,0,0,0,0,0,0,0,0,0,0,0,0,0,0,0,0,0,0,0,1.0,0,0,2.0,0,0,0,0,0,0,0,0,0,0,0,0,0,0,0,0,0,0,0,0,0,0,0,0,0,0,2.0,0,0,1.0,0,0,1.0,0,0,0,0,0,0,0,0,0,0,0,0,0,0,0,0,0,0,0,2.0,0,0,0,0,0,0,0,0,0,0,0,0,0,0,0,0,0,0,0,0,0,0,0,0,0,0,0,0,2.0,0,4.0
PaZ8MJUYoBS,30701 Changunarayan Municipality,307 BHAKTAPUR,307,3 Bagmati Province,3,30701,0,2.0,0,0,0,3.0,1.0,0,0,0,0,0,0,2.0,0,0,1.0,2.0,0,0,0,0,2.0,0,0,0,0,0,0,0,0,0,0,1.0,1.0,0,0,6.0,1.0,0,0,0,0,1.0,0,0,54.0,0,0,0,0,0,0,0,0,0,0,1.0,0,0,1.0,0,1.0,0,1.0,0,0,3.0,0,0,0,2.0,0,3.0,0,0,0,0,0,1.0,2.0,0,0,0,1.0,1.0,0,0,0,0,0,0,0,0,0,0,0,0,0,0,0,0,0,0,0,0,2.0,0,0,0,0,0,0,0,0,0,0,0,1.0,0,0,0,0,0,0,1.0,0,6.0
yxV18PSNcMh,20406 Loharpatti Municipality,204 MAHOTTARI,204,2 Madhesh Province,2,20406,0,0,0,0,0,0,0,0,0,0,0,0,0,0,0,0,0,0,0,0,0,0,0,0,0,0,0,0,0,0,0,0,0,0,0,0,0,0,0,0,0,0,0,0,0,0,0,0,0,0,0,0,0,0,0,0,0,0,0,0,1.0,0,0,0,0,0,0,0,0,0,0,0,0,0,0,0,0,0,0,0,0,0,4.0,0,0,0,0,0,0,0,0,0,0,0,0,0,0,0,0,0,0,0,0,0,0,0,0,0,0,0,0,0,0,0,0,0,0,0,0,0,0,0,0,0,0,0,0,0
MEAf91SGUMb,50305 SWARGADWARI MUNICIPALITY,503 PYUTHAN,503,5 Lumbini Province,5,50305,0,0,0,0,0,0,0,1.0,2.0,1.0,240.0,0,1.0,2.0,0,1.0,0,2.0,5.0,0,0,42.0,0,0,0,0,0,0,0,0,0,0,0,2.0,1.0,0,1.0,5.0,1.0,1.0,1.0,3.0,2.0,42.0,0,0,0,0,0,0,0,0,0,0,0,0,0,0,0,0,0,0,0,0,0,2.0,0,0,0,0,0,0,0,0,0,0,0,0,0,0,0,2.0,0,0,0,11.0,0,0,0,0,0,0,0,0,0,0,0,0,0,0,0,0,0,0,0,0,1.0,0,0,0,0,0,0,0,0,0,0,0,0,0,0,2.0,0,1.0,4.0,0,0,100.0
TfXLISHWMds,50501 Chhatradev Rural Municipality,505 ARGHAKHANCHI,505,5 Lumbini Province,5,50501,0,0,0,2.0,0,0,0,0,0,0,0,0,0,0,0,0,0,0,0,0,0,0,0,0,1.0,0,0,0,0,0,0,0,0,0,2.0,2.0,0,0,0,0,0,1.0,0,0,0,0,0,1.0,0,0,0,0,0,0,0,0,0,0,0,0,0,0,0,0,0,0,0,0,0,0,0,1.0,0,0,0,0,0,0,2.0,0,0,4.0,0,0,0,0,0,0,0,0,0,0,0,0,0,0,0,0,0,0,0,0,0,0,0,0,0,0,0,0,4.0,0,0,0,0,0,0,0,1.0,1.0,0,0,0,0,1.0,0,0,0
pyw6x7rguen,10305 Thulung Dudhkoushi Rural Municipality,103 SOLUKHUMBU,103,1 Koshi Province,1,10305,1.0,4.0,2.0,0,1.0,2.0,0,0,1.0,0,0,0,0,0,0,0,0,1.0,0,2.0,11.0,2.0,0,0,0,0,0,0,0,0,0,0,0,0,0,4.0,2.0,0,2.0,0,2.0,2.0,1.0,2.0,0,0,0,0,0,0,0,0,0,0,0,0,0,0,0,0,0,0,0,0,0,0,1.0,0,0,0,0,0,0,2.0,0,0,0,0,0,0,0,0,0,0,0,0,0,0,0,0,0,0,0,0,0,0,0,0,0,0,0,0,0,0,0,0,0,0,0,0,0,0,0,0,0,0,0,2.0,0,0,0,0,1.0,0,2.0,1.0,3.0,6.0
hu537WWQLab,60106 Thulibheri Municipality,601 DOLPA,601,6 Karnali Province,6,60106,0,0,0,0,2.0,0,0,0,0,1.0,0,0,0,0,0,0,0,0,1.0,2.0,0,0,0,0,0,0,0,0,0,0,0,0,0,2.0,0,0,0,0,0,0,0,6.0,1.0,1.0,0,0,0,0,0,0,0,0,0,0,0,0,0,0,0,0,0,0,0,0,0,0,0,0,6.0,0,0,0,0,0,0,0,0,0,0,0,0,0,0,0,0,0,0,0,0,0,0,0,0,0,0,0,0,0,0,0,0,0,0,0,0,0,0,0,0,0,0,0,0,0,0,0,0,1.0,1.0,0,0,2.0,0,0,0,0,0,1.0
DIGqwFpoqoL,31007 Doramba Rural Municipality,310 RAMECHHAP,310,3 Bagmati Province,3,31007,0,0,0,2.0,0,4.0,3.0,2.0,1.0,0,0,0,0,0,1.0,0,1.0,0,0,0,0,0,0,0,0,0,0,0,0,0,0,0,0,0,0,1.0,0,0,0,0,0,0,1.0,0,0,0,0,0,0,0,0,0,0,0,0,0,0,0,0,0,0,0,0,0,1.0,0,2.0,0,0,1.0,0,0,0,1.0,1.0,0,0,0,0,0,0,1.0,0,0,0,0,0,0,0,0,0,0,0,0,0,0,0,0,0,0,0,0,0,0,0,0,0,0,0,0,0,0,0,0,0,0,0,0,0,0,1.0,0,1.0,2.0,2.0,0,1.0,0
jUSkmeSh1bB,20109 BodeBarsain Municipality,201 SAPTARI,201,2 Madhesh Province,2,20109,0,0,0,0,0,0,0,0,0,0,0,0,0,381.0,0,0,0,0,0,0,0,0,0,0,0,0,0,0,0,0,0,0,0,0,0,0,0,0,0,0,0,0,0,0,0,0,0,0,0,0,0,0,0,0,0,0,0,0,0,0,0,0,0,0,0,0,0,0,0,0,0,0,0,0,0,0,0,0,0,0,0,0,0,0,0,0,0,0,0,0,0,0,0,0,0,0,0,0,0,0,0,0,0,0,0,0,0,0,0,0,0,0,0,0,0,0,0,0,0,0,0,0,0,0,0,0,0,0
IrlWkahBEKS,11403 Triyuga Municipality,114 UDAYAPUR,114,1 Koshi Province,1,11403,0,3.0,0,0,20.0,0,0,0,1.0,0,0,2.0,6.0,0,0,0,0,0,1.0,0,0,0,1.0,0,0,0,0,0,0,0,0,0,0,0,3.0,0,0,0,0,0,0,0,0,0,0,0,0,0,1.0,0,0,0,0,0,0,0,0,0,0,0,0,0,0,0,1.0,0,0,0,0,1.0,0,0,0,0,0,1.0,3.0,0,0,0,0,1.0,0,0,0,2.0,0,0,0,0,0,0,0,0,0,0,0,0,0,0,0,0,0,0,0,4.0,0,0,0,0,0,2.0,0,0,0,0,0,2.0,2.0,0,0,0,0,0,0,27.0,0,2.0
KvtJex2PPNq,20704 Parawanipur Rural Municipality,207 BARA,207,2 Madhesh Province,2,20704,0,0,0,0,0,0,0,0,0,0,0,0,0,0,0,0,0,0,0,0,0,0,0,0,0,0,0,0,0,0,0,0,0,0,0,0,0,0,0,0,1.0,0,0,0,0,0,0,0,0,0,0,0,0,0,0,0,0,0,0,0,0,0,0,0,0,0,0,0,0,0,0,0,0,0,0,0,0,0,0,0,0,0,0,0,0,0,0,2.0,0,0,0,0,0,0,0,0,0,0,0,0,0,0,0,0,0,0,23.0,0,0,0,0,0,0,0,0,0,0,0,0,0,0,0,0,0,0,0,0,23.0
gIwoGLpdBl1,10106 Phungling Municipality,101 TAPLEJUNG,101,1 Koshi Province,1,10106,0,0,4.0,7.0,9.0,0,3.0,2.0,0,0,0,0,5.0,0,0,0,0,0,0,0,0,0,0,0,14.0,1.0,0,0,0,0,1.0,4.0,0,0,5.0,3.0,0,0,0,0,8.0,0,0,0,0,0,0,0,0,0,0,6.0,0,0,0,0,0,0,0,0,0,0,0,0,3.0,28.0,4.0,4.0,12.0,1.0,2.0,0,0,0,0,0,1.0,0,0,6.0,0,0,0,0,3.0,0,0,0,0,0,0,0,0,0,0,0,0,1.0,0,0,0,0,0,0,0,0,0,1.0,0,0,0,0,0,0,1.0,0,0,0,1.0,5.0,0,6.0,0,6.0,0,0,1.0,0
A0M7yWhXSEE,60705 Shivalaya Rural Municipality,607 JAJARKOT,607,6 Karnali Province,6,60705,0,0,0,0,0,0,0,0,0,0,0,0,0,0,0,0,0,0,0,0,0,0,0,0,0,0,0,0,0,0,0,0,0,0,0,0,0,0,0,0,0,0,1.0,0,0,0,0,0,0,0,0,0,0,0,0,0,0,0,0,0,0,0,0,0,1.0,0,0,0,0,0,0,0,0,0,0,0,0,0,0,0,0,0,0,0,0,0,0,0,0,0,0,0,0,0,0,0,0,0,0,0,0,0,0,0,0,0,0,0,0,0,0,0,0,0,0,0,0,0,0,0,0,0,0,0,0,0,0,0
BVLET8oBWxi,40709 Bandipur Rural Municipality,407 TANAHU,407,4 Gandaki Province,4,40709,0,0,2.0,2.0,0,2.0,0,1.0,1.0,2.0,0,0,1.0,0,0,0,0,0,0,1.0,0,1.0,0,0,0,0,0,0,0,0,0,0,0,0,0,1.0,0,0,4.0,1.0,0,0,0,0,0,0,0,0,0,0,0,0,0,0,0,0,0,0,0,0,0,0,0,0,0,1.0,1.0,1.0,0,0,0,0,0,0,0,1.0,0,0,0,0,0,0,0,0,0,0,0,0,0,0,0,0,0,0,0,0,0,0,0,0,0,0,1.0,0,0,0,0,0,0,0,0,0,0,4.0,0,0,0,0,1.0,1.0,0,0,0,1.0,0,1.0,0,1.0
FQn7IHD6JHR,41109 Bareng Rural Municipality,411 BAGLUNG,411,4 Gandaki Province,4,41109,5.0,2.0,5.0,1.0,1.0,1.0,0,0,2.0,1.0,0,0,1.0,0,0,0,1.0,0,0,0,1.0,1.0,0,0,0,0,0,0,0,0,0,0,0,2.0,0,0,0,0,0,0,0,0,1.0,1.0,0,0,0,0,0,0,0,0,0,0,0,0,0,0,0,0,0,0,0,0,0,2.0,4.0,2.0,0,1.0,1.0,0,0,0,0,0,1.0,1.0,0,0,0,0,0,0,0,0,0,0,0,0,0,0,0,0,0,0,0,0,0,0,0,0,0,0,0,0,0,0,0,1.0,0,0,0,0,0,0,0,3.0,3.0,5.0,0,0,2.0,0,2.0,0,2.0,6.0
HFEaEcs9ap6,20519 Kaudena Rural Municipality,205 SARLAHI,205,2 Madhesh Province,2,20519,0,0,0,0,0,0,0,0,0,0,0,0,0,0,0,0,0,0,2.0,0,0,0,0,0,0,0,0,0,0,0,0,0,0,0,0,0,0,0,0,0,0,0,0,0,0,0,0,0,0,0,0,0,0,0,0,0,0,0,0,0,0,0,0,0,0,0,0,0,0,0,0,0,0,0,0,0,0,0,0,0,0,0,0,0,0,0,0,0,0,0,0,0,0,0,0,0,0,0,0,0,0,0,0,0,0,0,0,0,0,0,0,0,0,0,0,0,0,0,0,0,0,0,0,0,0,0,0,0
eAdrPiTtmhE,60902 Kumakh Rural Municipality,609 SALYAN,609,6 Karnali Province,6,60902,0,0,0,0,0,0,1.0,0,0,0,0,0,0,0,0,0,0,0,0,0,0,0,0,0,0,0,0,0,0,0,0,0,0,0,0,0,0,0,0,0,0,0,0,0,0,0,0,0,0,0,0,0,0,0,0,0,0,0,0,0,0,0,0,0,0,0,0,0,0,0,0,0,0,0,0,0,0,0,0,0,0,0,0,0,0,0,0,0,0,0,0,0,0,0,0,0,0,0,0,0,0,0,0,0,0,0,0,0,0,0,0,0,0,0,0,0,0,0,0,0,0,0,0,0,0,0,0,0
n4WyWRzfTV1,50502 Malarani Rural Municipality,505 ARGHAKHANCHI,505,5 Lumbini Province,5,50502,4.0,1.0,0,0,0,0,0,0,0,0,0,1.0,0,0,0,0,2.0,0,1.0,0,0,0,0,0,0,0,0,0,0,0,0,0,0,3.0,0,1.0,0,1.0,0,3.0,1.0,1.0,0,0,0,0,0,0,0,0,0,0,0,0,0,0,0,0,0,0,0,0,0,0,0,0,0,0,0,0,0,0,1.0,0,0,0,0,0,0,0,0,2.0,0,0,0,0,0,0,0,0,0,0,0,0,0,0,0,0,0,0,0,0,0,0,0,0,0,0,0,0,0,0,0,0,0,0,0,0,3.0,0,0,0,0,0,0,0,1.0,0
TqbInE7SzD9,70507 Ganyapdhura Rural Municipality,705 DADELDHURA,705,7 Sudurpashchim Province,7,70507,0,0,0,0,0,0,0,0,0,0,0,0,0,0,0,0,0,0,0,0,0,0,0,0,0,0,0,0,0,0,0,0,0,0,0,0,0,0,0,0,0,0,0,0,0,0,0,0,0,0,0,0,0,0,0,0,0,0,0,0,0,0,0,0,0,0,0,0,0,0,0,0,0,0,0,0,0,0,0,0,1.0,0,0,0,0,0,0,0,0,0,0,0,0,0,0,0,0,0,0,0,0,0,0,0,0,0,0,0,0,0,0,0,0,0,0,0,0,0,0,0,0,0,0,0,0,2.0,0,0
JliQ0BJSGqa,30908 Namobuddha Municipality,309 KAVREPALANCHOK,309,3 Bagmati Province,3,30908,3.0,1.0,0,0,1.0,0,0,3.0,0,2.0,2.0,0,0,0,0,1.0,0,3.0,0,1.0,4.0,0,2.0,0,0,0,0,0,0,0,0,0,1.0,0,0,2.0,2.0,4.0,4.0,4.0,0,2.0,3.0,0,0,0,0,0,1.0,0,0,0,0,0,0,0,0,0,0,0,0,0,0,0,1.0,0,0,0,0,0,0,0,0,2.0,0,0,0,0,0,0,0,1.0,0,0,0,0,0,0,0,0,0,0,0,0,0,0,0,0,0,0,0,0,0,0,0,0,0,0,0,0,0,0,0,0,0,0,0,2.0,1.0,2.0,3.0,0,3.0,3.0,3.0,1.0,5.0,0
FKmy9u2N6bi,50506 Shitaganga Municipality,505 ARGHAKHANCHI,505,5 Lumbini Province,5,50506,5.0,1.0,0,0,0,0,0,0,0,2.0,0,0,0,0,0,2.0,0,1.0,0,0,0,0,0,0,0,0,0,0,0,0,0,0,0,0,2.0,0,2.0,0,0,0,0,0,2.0,0,0,0,0,0,0,0,0,0,0,0,0,0,0,0,0,0,0,0,0,0,1.0,0,0,0,1.0,0,0,0,0,0,0,0,0,1.0,0,1.0,0,0,0,0,0,0,0,1.0,0,0,0,0,0,0,0,0,0,1.0,0,0,0,0,0,0,0,0,0,0,0,0,0,0,0,0,0,0,0,1.0,0,0,0,0,1.0,0,0,2.0,1.0,0
IGnDwGml3CS,30107 Melung Rural Municipality,301 DOLAKHA,301,3 Bagmati Province,3,30107,0,0,0,0,0,0,0,1.0,0,0,0,0,0,0,0,0,0,0,0,0,0,0,0,0,0,0,0,0,0,0,0,0,0,0,0,0,0,0,0,2.0,2.0,2.0,0,0,0,0,0,0,0,0,0,0,0,0,0,0,0,0,0,0,0,0,0,0,0,0,0,0,0,0,0,0,0,0,0,0,0,0,0,0,0,0,0,1.0,0,0,0,0,0,0,0,0,0,0,0,0,0,0,0,0,0,0,0,0,0,0,0,0,0,0,0,0,0,0,0,0,0,0,0,0,0,0,0,0,0,0,0,0
Fg5SMJO2RrG,11003 Ilam Municipality,110 ILAM,110,1 Koshi Province,1,11003,0,0,0,0,1.0,0,0,0,0,1.0,16.0,0,0,0,0,0,0,0,0,0,12.0,0,0,0,0,0,0,0,0,0,0,0,30.0,0,0,1.0,0,0,0,0,0,6.0,3.0,39.0,0,0,0,0,0,0,0,0,10.0,15.0,0,0,0,0,0,0,0,0,0,18.0,0,0,0,0,0,0,0,0,1.0,6.0,18.0,0,0,0,0,0,0,0,0,0,15.0,0,0,0,0,0,0,0,0,0,0,7.0,0,0,0,0,0,0,0,0,0,2.0,13.0,0,0,0,0,0,0,0,0,0,11.0,0,0,0,0,0,0,0,0,0,0,148.0
JLE1LepTKt0,31204 Raksirang Rural Municipality,312 MAKWANPUR,312,3 Bagmati Province,3,31204,0,0,0,1.0,0,0,0,0,0,0,0,0,0,0,0,0,0,0,0,0,0,0,0,0,0,0,0,0,0,0,0,0,0,0,0,0,2.0,0,0,0,0,0,1.0,0,0,0,0,0,2.0,0,0,0,0,1.0,0,0,0,0,0,0,0,0,0,0,0,0,0,0,0,0,0,0,0,0,0,0,0,0,0,1.0,1.0,0,0,0,0,0,0,0,0,0,0,0,0,0,0,0,0,0,0,0,0,0,0,0,0,0,0,0,0,0,0,0,0,0,0,0,0,0,0,0,0,0,2.0,2.0,0,0,0,0
n9JZhYXpYA5,20512 Chakraghatta Rural Municipality,205 SARLAHI,205,2 Madhesh Province,2,20512,0,0,0,0,0,1.0,0,0,0,0,0,0,0,0,0,0,0,0,0,0,0,0,0,0,0,0,0,0,0,0,0,0,0,0,0,0,0,0,0,0,0,0,0,0,0,0,0,0,0,0,0,0,0,0,0,0,0,0,0,0,0,0,0,0,0,0,0,0,0,0,0,0,0,0,0,0,0,0,0,0,0,0,0,0,0,0,0,0,0,0,0,0,0,0,0,0,0,0,0,0,0,0,0,0,0,0,0,0,0,0,0,0,0,0,0,0,0,0,0,0,0,0,0,0,0,0,0,0
wZeA8yZcimo,40705 Bhimad Municipality,407 TANAHU,407,4 Gandaki Province,4,40705,2.0,1.0,0,0,1.0,0,1.0,12.0,0,2.0,2.0,0,2.0,0,2.0,0,0,1.0,0,3.0,2.0,0,0,0,0,0,2.0,0,0,0,0,0,0,0,2.0,0,4.0,0,1.0,2.0,3.0,8.0,4.0,0,0,0,0,0,0,0,0,0,0,0,2.0,0,1.0,0,0,0,0,0,0,0,8.0,0,2.0,0,0,3.0,2.0,8.0,0,0,0,0,1.0,2.0,0,0,1.0,1.0,0,2.0,1.0,0,0,2.0,0,0,0,0,0,0,0,0,0,0,0,0,0,0,0,0,0,1.0,0,0,0,1.0,0,0,0,0,0,0,0,0,2.0,1.0,4.0,0,0,2.0,8.0,1.0,2.0,0
ecKPJ6Bonyc,60201 Mugumkarmarog Rural Municipality,602 MUGU,602,6 Karnali Province,6,60201,0,0,0,0,0,0,0,0,2.0,0,0,0,0,0,0,0,0,0,0,0,0,0,0,0,0,0,0,0,0,0,0,0,0,0,0,0,0,0,2.0,2.0,0,0,0,0,0,0,0,0,0,0,0,0,0,0,0,0,0,0,0,0,0,0,0,0,0,0,0,0,0,1.0,0,0,0,0,0,0,0,0,0,0,0,0,0,0,0,0,0,0,0,0,0,0,0,0,0,0,0,0,0,0,0,0,0,0,0,0,0,0,0,0,0,0,0,0,0,0,0,0,0,0,0,0,2.0,2.0,0,0,0,0
IJwWcZ3Smdq,60611 Gurans Rural Municipality,606 DAILEKH,606,6 Karnali Province,6,60611,0,4.0,0,0,0,3.0,0,0,0,3.0,0,0,0,2.0,0,0,0,0,0,0,0,0,0,0,0,0,0,0,0,0,0,0,0,0,0,1.0,3.0,0,0,0,0,0,2.0,0,0,0,0,0,0,0,0,0,0,0,0,0,0,0,0,0,0,0,0,0,0,0,1.0,0,0,0,0,0,0,0,0,0,0,0,0,0,0,0,0,0,0,1.0,0,0,0,0,0,0,0,0,0,0,0,1.0,0,0,0,0,0,0,0,0,0,0,0,0,0,0,0,0,0,0,0,0,1.0,0,2.0,1.0,0,0,0,0,0,5.0
M8lAYwHcRvR,30805 Mahankal Rural Municipality,308 LALITPUR,308,3 Bagmati Province,3,30805,3.0,9.0,0,2.0,0,0,0,0,0,1.0,0,2.0,0,0,1.0,3.0,0,0,0,1.0,0,0,0,0,0,0,0,0,0,0,0,0,0,2.0,2.0,2.0,0,1.0,0,0,0,0,0,1.0,0,0,0,0,0,0,0,0,0,0,0,0,0,0,0,0,0,0,0,0,3.0,2.0,0,0,0,0,0,1.0,2.0,1.0,1.0,0,0,0,0,0,0,0,0,0,0,0,0,0,0,0,0,0,0,0,0,0,0,0,0,0,0,0,0,0,0,0,0,0,0,0,0,0,0,0,0,0,0,5.0,1.0,2.0,1.0,1.0,0,0,0,1.0,0,1.0
Sd2ztZ039KO,20514 Dhanakaul Rural Municipality,205 SARLAHI,205,2 Madhesh Province,2,20514,0,0,0,0,0,0,0,0,0,0,0,0,0,0,0,0,0,0,0,0,0,0,0,0,0,0,0,0,0,0,0,0,0,0,0,0,0,0,0,0,0,0,0,0,0,0,0,0,2.0,0,0,0,0,0,0,0,0,0,0,0,0,0,0,0,0,0,0,0,0,0,0,0,0,0,0,0,0,0,0,0,0,0,0,0,0,0,0,0,0,0,0,0,0,0,0,0,0,0,0,0,0,0,0,0,0,0,0,0,0,0,0,0,0,0,0,0,0,0,0,0,0,0,0,0,0,0,0,0
TYaXBMXX7nl,60608 Narayan Municipality,606 DAILEKH,606,6 Karnali Province,6,60608,0,1.0,2.0,5.0,3.0,11.0,2.0,4.0,10.0,0,0,0,4.0,0,0,0,2.0,0,1.0,2.0,1.0,0,1.0,0,0,0,0,5.0,0,0,0,0,0,1.0,0,0,8.0,1.0,0,0,5.0,2.0,3.0,0,0,0,7.0,0,0,0,0,0,0,0,0,0,1.0,0,0,0,0,0,0,0,0,3.0,1.0,6.0,0,3.0,0,2.0,0,0,0,0,0,0,0,0,0,0,1.0,2.0,0,0,0,0,0,0,0,0,0,0,0,0,0,0,0,0,0,1.0,0,0,0,0,0,0,0,9.0,0,0,0,0,0,0,0,1.0,0,18.0,0,2.0,5.0,2.0,6.0,0,2.0,4.0
f7uSgiSErsd,10907 Tumbewa Rural Municipality,109 PANCHTHAR,109,1 Koshi Province,1,10907,1.0,2.0,0,0,0,0,0,0,0,0,0,0,0,0,0,1.0,0,0,0,0,0,0,0,0,0,0,0,0,0,0,0,0,0,0,0,1.0,0,1.0,0,0,0,0,0,0,0,0,0,0,0,0,0,0,0,0,0,0,0,0,0,0,0,0,0,0,0,0,0,0,0,0,0,0,0,0,0,0,0,0,0,0,0,0,0,0,0,0,0,0,0,0,0,0,0,0,0,0,0,0,0,0,0,0,0,0,0,0,0,0,0,0,0,1.0,0,0,0,0,0,0,0,0,0,0,0,0,0,0,0,0
JXNsFanZyrp,60805 Tribeni Rural Municipality,608 RUKUM WEST,608,6 Karnali Province,6,60805,0,0,0,0,0,0,0,0,0,0,0,0,0,0,0,0,0,0,0,0,1.0,0,0,0,0,0,0,0,0,0,0,0,0,0,0,0,0,0,0,0,0,2.0,0,0,0,0,0,0,0,0,0,0,0,0,0,0,0,0,0,0,0,0,0,0,0,0,0,0,0,0,0,0,0,1.0,0,0,0,0,0,1.0,0,0,0,0,0,0,0,0,0,0,0,0,0,0,0,0,0,0,0,0,0,0,0,0,0,0,0,0,0,0,0,0,0,0,0,0,0,0,0,0,0,0,0,0,0,0,0,2.0
oEJ9zGHQD3W,11307 Duhabi Municipality,113 SUNSARI,113,1 Koshi Province,1,11307,0,0,0,0,0,0,0,0,0,0,0,0,0,0,0,0,0,0,0,0,0,0,0,0,0,0,0,0,0,0,0,0,0,0,0,0,0,0,0,0,0,0,0,0,0,0,0,0,0,0,0,0,14.0,0,0,0,0,0,0,0,0,0,0,0,0,0,0,0,0,0,0,0,0,0,0,0,0,0,0,0,0,0,0,0,0,0,0,0,0,0,0,0,0,0,0,0,0,0,0,0,0,0,0,0,0,0,0,0,0,0,0,0,0,0,0,0,0,0,0,0,0,0,0,0,0,0,0,0
Wx8c91bQTKe,10401 Chishankhu Gadhi Rural Municipality,104 OKHALDHUNGA,104,1 Koshi Province,1,10401,0,0,0,0,0,0,0,0,0,0,0,0,0,0,0,0,1.0,0,0,0,0,0,0,0,0,0,0,0,0,0,0,0,0,0,0,0,0,0,0,0,0,0,0,0,0,0,0,0,0,0,0,0,0,0,0,0,0,0,0,0,0,0,0,0,0,0,0,0,0,0,0,0,0,0,0,0,0,0,0,0,0,0,0,1.0,0,0,0,0,0,0,0,0,0,0,0,0,0,0,0,0,0,0,0,0,0,0,0,0,0,0,0,0,0,0,0,0,0,0,0,0,0,0,0,0,0,0,0,0
ZjTMit6BH52,61001 Simta Rural Municipality,610 SURKHET,610,6 Karnali Province,6,61001,0,0,0,0,0,0,0,0,0,0,0,0,0,2.0,0,0,0,0,0,0,1.0,0,0,0,0,0,0,0,0,0,0,0,0,0,0,1.0,0,0,0,0,0,0,0,0,0,0,0,0,0,0,0,0,0,0,0,0,0,0,0,0,0,0,0,0,0,0,0,0,0,0,0,0,0,0,0,0,0,0,0,0,0,0,0,0,0,0,0,0,0,0,0,0,0,0,0,0,0,0,0,0,0,0,0,0,0,0,0,0,0,0,0,0,0,0,0,0,0,0,0,0,0,0,0,1.0,0,0,1.0,0
PWXmspiItoE,60305 Sarkegad Rural Municipality,603 HUMLA,603,6 Karnali Province,6,60305,0,0,0,0,0,0,0,0,0,0,0,0,0,0,0,0,0,0,0,0,0,0,0,0,0,0,0,0,1.0,0,2.0,0,0,0,0,0,0,0,0,0,0,0,0,0,0,0,0,0,0,0,0,0,0,0,0,0,0,0,0,0,0,0,0,0,0,0,0,0,0,1.0,0,0,0,0,0,0,0,0,0,0,0,0,0,0,0,0,0,0,0,0,0,0,0,0,0,0,0,0,0,0,0,0,0,0,0,0,0,0,0,0,0,0,0,0,0,0,0,0,0,0,0,0,0,1.0,0,2.0,0,0
ReAGX6NhTe1,30512 Kakani Rural Municipality,305 NUWAKOT,305,3 Bagmati Province,3,30512,0,2.0,0,0,0,0,1.0,0,1.0,0,2.0,1.0,0,0,0,0,1.0,0,1.0,0,0,0,0,0,0,0,0,0,0,0,0,0,0,0,1.0,0,1.0,1.0,4.0,0,0,1.0,1.0,0,0,0,0,0,0,0,0,0,0,0,0,0,0,0,0,0,0,0,0,0,0,1.0,0,0,0,0,0,0,0,0,0,0,1.0,0,0,0,2.0,0,0,0,0,0,0,0,0,0,0,0,0,0,0,0,0,0,2.0,0,0,0,0,0,0,0,0,0,0,0,0,0,0,0,0,0,0,0,0,0,1.0,0,1.0,0,0,0,0,4.0
kkBHXOIpD2O,20309 Sabaila Municipality,203 DHANUSA,203,2 Madhesh Province,2,20309,0,0,0,0,0,0,0,0,0,0,0,0,0,0,0,0,0,0,0,0,0,0,0,0,0,0,0,0,0,0,0,0,0,0,0,0,0,0,0,0,0,2.0,0,0,0,0,0,4.0,0,0,0,0,0,0,0,0,0,0,0,0,0,0,0,0,0,0,0,0,0,0,0,0,0,0,0,0,0,0,0,0,0,0,0,0,0,0,0,0,0,0,0,0,0,0,0,0,0,0,0,0,0,0,0,0,0,0,0,0,0,0,0,0,0,0,0,0,0,0,0,0,1.0,0,0,0,0,0,0,0
EfOP3rwkan2,20504 Barahathawa Municipality,205 SARLAHI,205,2 Madhesh Province,2,20504,0,0,0,0,35.0,17.0,22.0,19.0,27.0,42.0,28.0,0,0,0,14.0,22.0,27.0,14.0,38.0,11.0,13.0,0,0,0,0,0,7.0,10.0,8.0,5.0,3.0,10.0,4.0,0,0,0,15.0,0,19.0,19.0,15.0,0,0,0,0,0,0,7.0,10.0,10.0,8.0,2.0,12.0,4.0,0,0,0,2.0,3.0,8.0,15.0,20.0,3.0,5.0,0,0,0,0,16.0,9.0,21.0,18.0,10.0,20.0,28.0,0,0,0,10.0,9.0,13.0,11.0,5.0,9.0,34.0,0,0,0,0,0,1.0,0,0,2.0,4.0,3.0,0,0,0,5.0,1.0,8.0,8.0,10.0,5.0,20.0,16.0,0,0,0,1.0,0,6.0,3.0,10.0,5.0,7.0,0,0,0,23.0,27.0,35.0,22.0,20.0,0,14.0,16.0
MC8LYtFGC0z,41104 Tamankhola Rural Municipality,411 BAGLUNG,411,4 Gandaki Province,4,41104,0,0,0,2.0,2.0,0,0,3.0,2.0,1.0,2.0,2.0,0,1.0,0,0,0,1.0,0,1.0,0,0,0,0,0,0,0,1.0,0,0,0,0,0,0,0,2.0,2.0,1.0,0,2.0,0,0,0,2.0,0,0,0,0,0,0,0,0,0,0,0,0,0,0,0,0,0,0,0,1.0,0,0,0,1.0,0,0,0,0,0,0,1.0,2.0,0,0,0,0,0,1.0,0,0,1.0,0,0,0,0,0,0,0,0,0,0,0,0,0,0,0,0,0,0,0,0,0,0,0,0,0,0,0,0,0,0,0,0,0,0,2.0,0,0,1.0,0,0,0,0,4.0
uyBa1m2x09F,40305 Thasang Rural Municipality,403 MUSTANG,403,4 Gandaki Province,4,40305,0,0,0,0,0,0,0,0,0,0,0,0,3.0,0,0,0,0,0,0,0,0,0,1.0,0,0,0,0,0,0,0,0,0,0,0,0,0,0,1.0,0,0,0,0,0,0,0,0,0,0,0,0,0,0,0,0,0,0,0,0,0,0,0,0,0,0,0,0,0,0,0,0,0,0,0,1.0,0,0,0,0,0,0,0,0,0,0,0,0,0,0,0,0,0,0,0,0,0,0,0,0,0,0,0,0,0,0,0,0,0,0,0,0,0,0,0,0,0,0,0,0,0,1.0,0,1.0,0,0,1.0,0,0,0
cp9IiyIrpjA,10803 Menchhayayem Rural Municipality,108 TERHATHUM,108,1 Koshi Province,1,10803,0,0,0,2.0,0,0,0,0,1.0,2.0,0,0,0,4.0,0,0,3.0,0,0,0,0,0,0,0,0,0,0,0,0,0,0,0,0,0,0,1.0,1.0,1.0,0,1.0,1.0,0,4.0,0,0,0,0,0,0,0,0,0,0,0,0,0,0,0,0,0,0,0,0,0,1.0,0,1.0,0,0,0,0,0,0,0,0,0,0,6.0,0,0,0,0,0,0,0,0,0,0,0,0,0,0,0,0,0,0,0,0,0,0,0,0,1.0,0,0,0,0,0,0,0,0,0,0,0,0,0,0,0,0,6.0,1.0,0,0,0,0,0,0,2.0
KIBbwbvjwaR,31307 Madi Municipality,313 CHITWAN,313,3 Bagmati Province,3,31307,31.0,14.0,12.0,15.0,20.0,4.0,23.0,10.0,15.0,13.0,18.0,25.0,0,5.0,7.0,9.0,5.0,9.0,37.0,11.0,4.0,0,4.0,0,7.0,1.0,7.0,1.0,2.0,7.0,0,3.0,0,12.0,18.0,14.0,14.0,9.0,5.0,2.0,4.0,9.0,8.0,3.0,0,4.0,0,0,4.0,2.0,2.0,0,2.0,0,4.0,0,0,0,5.0,1.0,0,4.0,0,0,32.0,14.0,6.0,9.0,28.0,14.0,5.0,5.0,6.0,13.0,16.0,10.0,1.0,6.0,1.0,6.0,3.0,2.0,0,5.0,8.0,0,10.0,0,1.0,0,0,0,0,0,0,0,0,0,8.0,0,3.0,2.0,3.0,0,4.0,3.0,0,8.0,0,0,0,1.0,2.0,0,0,0,0,14.0,16.0,15.0,11.0,27.0,7.0,6.0,14.0,6.0,6.0,21.0
ZkUs4cVAgqm,40704 Shuklagandaki Municipality,407 TANAHU,407,4 Gandaki Province,4,40704,6.0,5.0,0,0,0,0,2.0,12.0,0,5.0,0,1.0,2.0,0,3.0,1.0,2.0,24.0,0,0,2.0,0,4.0,2.0,0,1.0,0,1.0,1.0,0,0,0,0,5.0,2.0,2.0,1.0,1.0,0,2.0,4.0,0,6.0,4.0,3.0,0,0,0,0,0,8.0,0,0,0,2.0,0,0,0,0,0,3.0,0,0,0,3.0,3.0,0,0,0,0,1.0,32.0,0,2.0,0,2.0,2.0,0,0,0,0,13.0,7.0,0,1.0,0,2.0,2.0,0,0,0,0,0,0,1.0,0,2.0,2.0,0,0,0,1.0,1.0,0,0,0,0,3.0,2.0,2.0,0,0,2.0,0,0,0,1.0,4.0,7.0,0,2.0,4.0,0,9.0,0,0,2.0,4.0
txapzBqXqYv,11216 Dhanapalthan Rural Municipality,112 MORANG,112,1 Koshi Province,1,11216,0,0,0,0,0,0,0,0,0,0,0,0,0,0,0,0,0,0,0,0,0,0,0,0,0,0,0,0,0,0,0,0,0,0,0,0,0,0,0,0,0,0,0,0,0,0,0,0,0,0,0,0,0,0,0,0,0,0,0,0,0,0,0,0,0,0,0,0,0,0,0,0,0,0,0,0,0,0,0,0,0,1.0,0,0,0,0,0,0,0,0,0,0,0,0,0,0,0,0,0,0,0,0,0,0,0,0,0,0,0,0,0,0,0,0,0,0,0,0,0,0,0,0,0,0,0,0,0,0
yWuhof8ZxbV,40808 Binayi Tribeni Rural Municipality,408 NAWALPARASI EAST,408,4 Gandaki Province,4,40808,0,0,0,0,2.0,0,66.0,73.0,97.0,65.0,95.0,0,0,0,0,0,26.0,48.0,51.0,73.0,43.0,47.0,1.0,0,0,0,0,0,22.0,35.0,29.0,27.0,34.0,0,2.0,0,0,0,35.0,46.0,72.0,89.0,65.0,60.0,0,0,0,0,0,18.0,22.0,16.0,27.0,25.0,0,0,0,0,0,9.0,0,11.0,5.0,6.0,0,0,0,0,0,0,43.0,63.0,45.0,65.0,49.0,0,0,0,0,0,23.0,17.0,38.0,42.0,31.0,27.0,0,0,0,0,0,6.0,0,4.0,1.0,10.0,0,0,0,0,0,5.0,8.0,21.0,9.0,21.0,5.0,0,0,0,0,0,5.0,2.0,1.0,8.0,5.0,0,0,0,0,0,42.0,66.0,91.0,111.0,77.0,289.0
mlsVdmg9h5Q,50606 Ribdikot Rural Municipality,506 PALPA,506,5 Lumbini Province,5,50606,0,0,0,0,0,0,0,0,1.0,0,0,0,0,0,0,0,0,0,0,0,0,0,0,0,0,0,0,0,0,0,0,0,0,0,0,0,0,0,0,0,0,0,0,2.0,0,0,0,0,0,0,0,0,0,0,0,0,0,0,0,0,0,0,0,0,0,0,0,0,0,0,0,0,0,0,0,0,0,0,0,0,0,0,0,0,0,0,0,0,0,0,0,0,0,0,0,0,0,0,0,0,0,0,0,0,0,0,0,0,0,0,0,0,0,0,0,0,0,1.0,0,0,0,0,0,0,0,1.0,0,2.0
xRUd1elou25,10109 Sidingba Rural Municipality,101 TAPLEJUNG,101,1 Koshi Province,1,10109,0,0,0,0,0,0,0,0,0,0,0,0,0,1.0,0,1.0,0,0,0,0,0,0,0,0,0,0,0,0,0,0,0,1.0,0,0,0,0,1.0,1.0,0,0,0,0,0,0,0,0,0,0,0,1.0,0,0,0,0,0,0,0,0,0,0,0,0,0,0,0,0,0,0,0,0,0,0,0,0,0,0,0,0,0,0,0,0,0,0,0,0,0,0,0,0,0,0,0,0,0,0,0,0,0,0,0,0,0,0,6.0,0,0,0,0,0,0,0,0,0,0,0,0,0,0,0,0,0,0,1.0,0,0,0,0
WObZearD2p5,40708 Devghat Rural Municipality,407 TANAHU,407,4 Gandaki Province,4,40708,0,1.0,0,2.0,0,0,0,0,0,1.0,0,0,0,0,0,0,0,0,0,0,0,0,0,0,0,0,0,0,0,0,0,0,0,0,0,0,0,0,0,2.0,0,0,0,0,0,0,0,0,0,0,0,0,0,0,0,0,0,0,0,0,0,0,0,0,0,0,0,0,0,0,0,0,0,4.0,0,0,0,0,0,0,0,0,0,0,0,0,0,0,0,0,0,0,0,0,0,0,0,0,0,0,0,0,0,0,0,0,0,0,0,0,0,0,0,0,0,0,0,0,0,0,0,0,0,0,2.0,0,0,0
KTRG2BvU2aN,30305 Naukunda Rural Municipality,303 RASUWA,303,3 Bagmati Province,3,30305,0,0,0,0,0,1.0,0,0,0,1.0,0,0,0,0,0,0,0,0,0,0,0,0,0,0,0,0,0,0,0,0,0,0,0,0,0,0,0,0,0,0,0,1.0,0,1.0,0,0,0,0,0,0,0,0,0,0,0,0,0,0,0,0,0,0,0,0,0,0,0,0,0,0,0,0,0,0,0,0,0,0,0,0,0,0,0,0,0,0,0,0,0,0,0,0,0,1.0,0,0,0,0,0,0,0,0,0,0,0,0,0,0,0,0,0,0,0,0,1.0,0,0,0,0,0,0,0,1.0,1.0,0,1.0,0,5.0
gvkv2hCpAS3,51003 Tulsipur Sub-Metropolitan City,510 DANG,510,5 Lumbini Province,5,51003,0,0,0,0,0,0,38.0,48.0,42.0,47.0,58.0,0,0,0,0,0,30.0,39.0,1.0,20.0,34.0,0,0,0,0,0,0,0,1.0,10.0,0,5.0,14.0,0,0,0,0,0,35.0,19.0,31.0,30.0,37.0,0,0,0,0,0,0,1.0,8.0,1.0,0,6.0,0,0,0,0,0,0,0,1.0,1.0,3.0,0,0,0,0,0,0,13.0,19.0,7.0,14.0,32.0,0,0,0,0,0,8.0,22.0,11.0,5.0,23.0,0,0,0,0,0,0,0,0,1.0,1.0,0,0,0,0,0,0,0,2.0,2.0,0,3.0,0,0,0,0,0,0,0,1.0,2.0,0,0,0,1.0,0,0,0,32.0,27.0,47.0,63.0,91.0,0
nJjfVfRRwiA,70410 Sigas Rural Municipality,704 BAITADI,704,7 Sudurpashchim Province,7,70410,0,0,0,0,0,0,0,0,2.0,0,0,0,0,0,0,0,0,0,0,0,0,0,0,0,0,0,1.0,0,0,0,0,0,0,1.0,0,0,1.0,0,0,2.0,0,0,0,0,0,0,0,0,0,0,0,0,0,0,0,0,0,0,0,0,0,0,0,0,0,0,0,0,0,0,0,0,0,0,2.0,0,0,0,0,0,0,0,0,0,0,0,0,0,0,0,0,0,0,0,0,0,0,0,0,0,0,0,0,0,0,0,0,0,0,0,0,0,0,0,0,0,0,1.0,0,0,0,0,0,0,0,2.0,1.0,0
YSlivU7ElaL,41005 Mahashila Rural Municipality,410 PARBAT,410,4 Gandaki Province,4,41005,0,1.0,3.0,1.0,1.0,0,0,3.0,3.0,0,1.0,0,0,1.0,1.0,1.0,0,3.0,0,0,1.0,0,0,0,0,0,0,3.0,0,1.0,0,0,2.0,1.0,1.0,2.0,0,1.0,2.0,1.0,0,1.0,0,0,0,0,0,0,0,0,0,0,0,0,0,0,0,0,0,0,0,0,0,0,1.0,0,0,2.0,0,0,1.0,10.0,0,0,1.0,0,0,0,0,0,1.0,0,0,0,1.0,0,0,0,0,0,0,0,0,0,0,0,0,0,2.0,0,0,0,0,0,1.0,0,0,0,0,0,0,0,0,0,0,0,0,2.0,3.0,0,0,0,1.0,0,0,1.0,2.0,2.0
XeUjDTr86BB,30602 Kageshwori Manahara Municipality,306 KATHMANDU,306,3 Bagmati Province,3,30602,0,0,0,0,0,0,0,2.0,1.0,0,0,0,0,0,0,0,0,0,0,0,0,0,0,0,0,0,0,0,0,0,2.0,0,0,0,0,0,0,0,0,0,0,0,2.0,0,0,0,0,0,0,0,0,0,0,0,0,0,0,0,0,0,0,0,0,0,0,0,0,0,0,1.0,0,0,0,0,0,0,0,0,0,0,0,0,0,1.0,1.0,0,0,0,0,0,0,0,0,0,0,0,0,0,0,0,0,0,0,0,0,33.0,0,0,0,0,0,0,0,0,0,0,0,0,0,0,0,0,0,0,0,0,1.0,0
dIazHm6ngNe,31302 Kalika Municipality,313 CHITWAN,313,3 Bagmati Province,3,31302,0,0,0,0,0,0,0,0,0,0,3.0,0,0,0,0,0,0,0,0,0,2.0,2.0,0,0,6.0,0,0,0,0,0,0,0,3.0,0,0,0,0,1.0,0,0,0,0,0,0,0,0,0,0,1.0,0,0,0,0,3.0,0,0,0,0,0,0,0,0,0,1.0,0,0,0,0,0,0,0,0,0,0,3.0,0,0,0,0,0,0,0,0,0,0,0,0,0,0,0,0,0,0,0,0,3.0,0,0,0,0,0,0,0,0,0,1.0,0,0,1.0,0,0,0,0,0,0,0,0,0,0,0,0,0,0,2.0,0,0,3.0,2.0
CPAdGKO7IuX,40701 Bhanu Municipality,407 TANAHU,407,4 Gandaki Province,4,40701,3.0,7.0,0,1.0,0,0,0,1.0,0,0,3.0,9.0,6.0,0,4.0,4.0,3.0,0,0,2.0,4.0,0,4.0,4.0,0,0,2.0,2.0,0,0,0,0,6.0,8.0,5.0,0,2.0,2.0,3.0,2.0,0,1.0,1.0,3.0,3.0,0,0,0,0,0,0,0,0,0,3.0,0,0,0,0,0,0,0,0,0,6.0,4.0,0,0,0,2.0,0,0,1.0,0,4.0,7.0,4.0,0,0,0,3.0,0,0,0,6.0,20.0,3.0,0,0,2.0,0,0,0,0,0,0,7.0,5.0,0,0,0,2.0,0,0,0,1.0,18.0,5.0,5.0,0,0,0,0,0,0,0,0,5.0,5.0,4.0,1.0,3.0,5.0,5.0,1.0,0,1.0,41.0
fEFYRClTwTr,20213 Bhagawanpur Rural Municipality,202 SIRAHA,202,2 Madhesh Province,2,20213,0,0,0,0,0,0,0,0,0,0,0,0,0,0,0,0,0,0,0,0,0,0,0,0,0,0,0,0,0,0,0,0,0,0,0,0,0,0,0,0,0,0,0,0,0,0,0,0,0,0,0,0,0,0,0,0,0,0,0,0,0,0,0,0,0,0,0,0,0,0,0,0,0,0,0,0,0,0,0,0,0,0,0,0,0,0,0,0,0,0,0,0,0,0,0,0,0,0,0,0,0,0,0,0,0,0,0,0,0,0,0,0,0,0,0,0,0,0,0,0,0,0,0,0,0,0,6.0,0
OGBAz1Z7iE9,60407 Tila Rural Municipality,604 JUMLA,604,6 Karnali Province,6,60407,0,0,0,0,0,0,0,2.0,0,0,0,0,0,0,0,0,0,0,0,0,0,0,0,0,0,0,0,0,0,0,0,0,0,0,0,0,0,0,0,0,0,0,0,0,0,0,0,0,0,0,0,0,0,0,0,0,0,0,0,0,0,0,0,0,0,0,0,0,0,0,0,0,0,0,0,0,0,0,0,0,0,0,0,0,0,0,0,0,0,0,0,0,0,0,0,0,0,0,0,0,0,0,0,0,0,0,0,0,0,0,0,0,0,0,0,0,0,0,0,0,0,0,0,0,0,0,0,0
fxxVxM4Dznm,20803 Jagarnathpur Rural Municipality,208 PARSA,208,2 Madhesh Province,2,20803,0,0,0,0,0,0,0,0,0,0,0,0,0,0,0,0,0,0,0,0,0,0,0,0,0,0,0,0,0,0,0,0,0,0,0,0,0,0,0,0,0,0,0,0,0,0,0,0,0,0,0,0,0,0,0,0,0,0,0,0,0,0,0,0,0,0,0,0,0,0,0,0,0,0,0,0,0,0,0,0,0,0,0,0,0,0,0,0,0,0,0,0,0,0,0,0,0,0,0,0,0,0,0,0,0,0,0,0,0,0,0,0,0,0,0,0,0,0,0,0,1.0,0,0,0,0,0,0,0
if6E8fKPpZJ,60904 Siddha Kumakh Rural Municipality,609 SALYAN,609,6 Karnali Province,6,60904,0,0,0,0,0,0,0,0,0,0,0,0,0,0,0,0,0,0,0,0,0,0,0,0,0,0,0,0,0,0,0,0,0,1.0,0,0,0,0,0,0,0,0,0,0,0,0,0,0,0,0,0,0,0,0,0,0,0,0,0,0,0,0,0,0,0,0,0,0,0,0,0,0,0,0,0,0,0,0,0,0,0,0,0,0,0,0,0,0,0,0,0,0,0,0,0,0,0,0,0,0,0,0,0,0,0,0,0,0,0,0,0,0,0,0,0,0,0,0,0,0,0,1.0,0,0,0,0,0,0
q1noskqyYet,20205 Karjanha Municipality,202 SIRAHA,202,2 Madhesh Province,2,20205,0,0,0,0,0,2.0,2.0,0,6.0,5.0,0,0,0,0,0,0,2.0,0,4.0,0,0,0,0,0,0,0,0,0,0,0,0,14.0,0,0,0,0,0,0,0,0,0,0,0,0,0,0,0,0,0,0,0,0,3.0,3.0,0,0,0,0,0,0,0,0,5.0,0,0,0,0,0,0,3.0,0,0,0,0,9.0,0,0,0,0,0,2.0,0,2.0,4.0,0,0,0,0,0,0,0,0,0,0,2.0,0,0,0,0,0,0,0,0,0,5.0,0,0,0,0,0,0,0,0,0,0,11.0,0,0,0,0,0,0,6.0,0,0,0,0,0
dVjrEKQVAjU,11002 Sandakpur Rural Municipality,110 ILAM,110,1 Koshi Province,1,11002,0,0,0,1.0,0,0,0,0,0,0,0,0,0,0,1.0,0,0,0,0,0,0,0,0,0,0,0,0,0,0,0,0,0,0,0,0,0,0,0,0,0,0,0,0,0,0,0,0,0,0,0,0,0,0,0,0,0,0,0,0,0,0,0,0,0,2.0,0,0,0,0,0,0,0,0,0,0,0,0,0,0,0,0,0,0,0,0,0,0,0,0,0,0,0,0,0,0,0,0,0,0,0,0,0,0,0,0,0,0,0,0,0,0,0,0,0,0,0,0,0,0,0,0,0,0,0,0,0,0,0
G58bwGWfyhX,10701 Mahalaxmi Municipality,107 DHANKUTA,107,1 Koshi Province,1,10701,0,0,1.0,0,0,0,0,0,0,0,0,0,0,1.0,0,2.0,0,0,0,0,0,0,0,0,0,0,1.0,0,0,0,0,0,0,0,2.0,1.0,0,4.0,0,0,0,0,0,2.0,0,0,0,1.0,0,0,0,0,0,0,0,0,0,0,0,0,0,0,0,0,0,0,0,0,0,0,0,0,0,0,0,0,0,0,0,0,0,0,0,0,0,0,0,0,0,0,0,0,0,0,0,0,0,0,0,0,0,0,0,0,0,0,0,0,0,0,0,0,0,0,0,0,0,0,1.0,2.0,1.0,0,0,0,0,0,0,2.0
rA6JEBcbzki,50811 Siddharthanagar Municipality,508 RUPANDEHI,508,5 Lumbini Province,5,50811,0,0,0,0,0,187.0,0,222.0,220.0,0,0,0,0,0,0,114.0,113.0,168.0,104.0,0,0,0,0,0,0,0,0,40.0,0,83.0,0,0,0,0,0,0,0,296.0,147.0,219.0,174.0,273.0,0,0,0,0,0,0,28.0,0,71.0,22.0,0,0,0,0,0,0,13.0,0,19.0,17.0,0,0,0,0,0,2.0,0,0,0,121.0,109.0,0,0,0,0,0,0,69.0,75.0,119.0,39.0,0,0,0,0,0,0,0,5.0,1.0,11.0,3.0,0,0,0,0,0,0,38.0,21.0,48.0,13.0,0,0,0,0,0,0,0,1.0,6.0,8.0,0,0,0,0,0,0,0,0,125.0,114.0,208.0,0,2.0,0
MGHrhNDK1Un,70609 Jorayal Rural Municipality,706 DOTI,706,7 Sudurpashchim Province,7,70609,0,0,0,0,0,0,0,0,0,1.0,0,0,0,0,0,0,0,0,0,0,0,0,0,0,0,0,0,0,0,0,0,0,0,0,0,0,0,0,0,0,0,0,0,1.0,0,0,0,0,0,0,0,0,0,0,0,0,0,0,0,0,0,0,0,0,0,0,0,0,0,0,0,0,0,0,0,0,0,0,0,0,0,0,0,0,1.0,0,0,0,0,0,0,0,0,0,0,0,0,0,0,0,0,0,0,0,0,0,0,0,0,0,0,0,0,0,0,0,0,0,0,3.0,0,0,0,0,0,0,0,1.0
A4ASYhangp4,40405 Mangala Rural Municipality,404 MYAGDI,404,4 Gandaki Province,4,40405,0,0,1.0,1.0,1.0,0,7.0,0,3.0,2.0,2.0,0,0,0,0,2.0,1.0,1.0,2.0,0,1.0,0,0,0,0,0,0,1.0,0,0,0,0,0,0,1.0,0,1.0,1.0,0,1.0,2.0,2.0,1.0,2.0,0,0,0,0,0,0,0,0,0,0,0,0,0,0,0,0,0,0,0,0,0,0,0,2.0,0,0,0,0,0,1.0,0,0,0,0,1.0,0,0,1.0,0,0,0,0,0,0,0,0,0,0,0,0,0,0,0,0,0,0,0,0,0,0,0,0,0,0,0,1.0,0,0,0,0,0,0,0,0,2.0,1.0,1.0,1.0,1.0,1.0,1.0,3.0,0,2.0
lIDmub972Qv,31108 Marin Rural Municipality,311 SINDHULI,311,3 Bagmati Province,3,31108,0,0,0,4.0,0,2.0,0,0,3.0,0,0,0,1.0,0,1.0,0,0,0,2.0,0,1.0,0,0,0,0,0,0,0,0,0,0,4.0,0,2.0,0,0,0,0,3.0,2.0,3.0,10.0,0,0,0,0,1.0,0,0,0,0,0,0,0,0,0,0,0,0,0,0,0,0,0,0,1.0,0,0,0,0,0,0,0,10.0,0,0,0,0,1.0,0,0,1.0,0,0,0,0,0,0,0,0,0,0,0,0,0,0,0,0,0,0,0,0,0,0,0,0,0,0,0,1.0,0,0,0,0,0,0,0,0,0,0,0,0,0,0,0,0,8.0,2.0
oiPoxEsEVm5,11206 Kanepokhari Rural Municipality,112 MORANG,112,1 Koshi Province,1,11206,0,0,0,0,0,0,0,0,0,0,0,0,0,0,0,0,0,0,0,0,0,0,0,0,0,0,0,0,0,0,0,0,0,0,0,0,0,0,0,0,0,0,0,0,0,0,0,0,0,0,0,0,0,1.0,0,0,0,0,0,0,0,0,0,0,0,0,0,0,0,0,0,0,0,0,0,0,0,0,0,0,0,0,0,0,0,0,0,0,0,0,0,0,0,0,0,0,0,0,0,0,0,0,0,0,0,0,0,0,0,0,0,0,0,0,0,0,0,0,0,0,0,0,0,0,0,0,0,0
DrH1J7KIk4g,10407 Sunkoshi Rural Municipality,104 OKHALDHUNGA,104,1 Koshi Province,1,10407,0,0,1.0,0,0,0,0,0,1.0,0,0,0,0,0,0,0,0,0,0,0,2.0,2.0,0,0,0,0,0,0,0,0,0,0,0,0,0,0,0,1.0,0,0,0,0,0,1.0,0,0,0,0,0,0,0,0,0,0,0,0,0,0,0,0,0,0,0,0,0,0,0,0,0,0,0,2.0,0,0,2.0,0,0,0,0,0,0,0,0,0,0,0,0,0,0,0,0,0,0,0,0,0,0,0,0,0,0,0,0,0,0,0,0,0,0,0,0,0,0,0,0,0,0,0,0,0,2.0,0,0,1.0,0,0,0,3.0
URrTfccviIx,20617 Gaur Municipality,206 RAUTAHAT,206,2 Madhesh Province,2,20617,0,0,71.0,70.0,0,0,0,0,0,0,0,0,51.0,0,62.0,0,0,0,0,0,0,0,0,0,82.0,83.0,62.0,0,0,0,0,0,0,0,125.0,0,0,0,0,0,0,0,0,0,0,0,43.0,0,0,0,0,0,0,0,0,0,0,0,0,0,0,0,0,0,0,0,73.0,99.0,1.0,0,0,0,0,0,0,0,42.0,0,1.0,0,0,0,0,0,0,0,0,0,0,0,0,0,0,0,0,0,0,13.0,0,0,0,0,0,0,0,0,0,0,0,0,0,0,0,0,0,0,0,0,67.0,0,0,0,0,0,0,0,0,0
dXlL4KSKWt8,50307 Mallarani Rural Municipality,503 PYUTHAN,503,5 Lumbini Province,5,50307,0,0,0,0,0,0,0,0,0,0,0,0,0,0,1.0,0,0,0,0,2.0,1.0,0,0,0,0,0,0,0,0,0,0,0,0,1.0,0,0,0,0,0,0,3.0,0,1.0,0,0,0,0,0,0,0,0,0,0,0,0,0,0,0,0,0,0,0,0,0,0,0,0,0,0,0,1.0,0,1.0,0,0,0,0,0,0,2.0,0,0,0,1.0,0,0,0,0,0,0,0,0,0,0,0,0,0,0,0,0,0,0,0,0,0,0,0,0,0,0,0,0,0,0,0,0,0,0,0,2.0,0,0,1.0,0,0,0,4.0,0
vRXbpkNHDuC,11006 Mangsebung Rural Municipality,110 ILAM,110,1 Koshi Province,1,11006,0,0,0,0,0,0,0,0,0,0,0,0,0,0,0,0,0,0,0,0,0,0,0,0,2.0,0,0,0,0,0,0,0,0,0,0,0,0,0,0,0,0,0,0,0,0,0,0,0,0,0,0,0,0,0,0,0,0,0,0,0,0,0,0,0,0,0,0,0,0,0,0,0,0,0,0,0,0,0,0,0,0,0,0,0,0,0,0,0,0,0,0,0,0,0,0,0,0,0,0,0,0,0,0,0,0,0,0,0,0,0,0,0,0,0,0,0,0,0,0,0,0,0,0,0,0,0,0,0
tUOPTUihUk9,70107 Khaptad Chhededaha Rural Municipality,701 BAJURA,701,7 Sudurpashchim Province,7,70107,0,0,0,0,1.0,0,0,0,0,0,0,2.0,0,0,0,0,1.0,0,0,0,0,0,0,0,0,0,0,0,0,0,0,0,0,0,0,0,0,0,0,1.0,0,1.0,0,0,0,0,0,0,0,0,0,0,0,0,0,0,0,0,0,0,0,0,0,0,0,0,0,0,0,0,0,0,0,0,0,0,0,0,0,0,0,0,0,0,0,0,0,0,0,0,0,0,0,0,0,0,0,0,0,0,0,0,0,0,0,0,0,0,0,0,0,0,0,0,0,0,0,0,0,1.0,0,0,0,0,0,0,0,0
e6uMoYPaXg3,51009 Gadhawa Rural Municipality,510 DANG,510,5 Lumbini Province,5,51009,0,0,0,0,0,0,64.0,52.0,43.0,36.0,77.0,2.0,0,0,0,0,0,33.0,20.0,27.0,42.0,25.0,0,0,0,0,0,0,0,15.0,11.0,6.0,19.0,0,1.0,1.0,0,0,0,35.0,56.0,36.0,35.0,36.0,0,0,0,0,0,0,0,5.0,3.0,0,0,0,0,0,0,0,0,5.0,2.0,1.0,0,0,0,0,0,0,25.0,17.0,18.0,13.0,0,0,0,0,0,0,0,24.0,13.0,12.0,30.0,9.0,0,0,0,0,0,0,0,0,0,0,0,0,0,0,0,0,5.0,0,4.0,1.0,1.0,0,0,0,0,0,0,6.0,0,0,1.0,0,0,0,0,0,0,32.0,36.0,51.0,40.0,155.0
QAvh6PqC9ao,70811 Bhajani Municipality,708 KAILALI,708,7 Sudurpashchim Province,7,70811,0,0,0,0,0,0,0,0,0,0,0,0,0,0,0,0,0,0,0,0,0,1.0,0,0,0,0,0,0,0,0,0,0,0,0,0,0,12.0,0,0,0,0,0,0,0,0,0,0,0,0,0,0,0,0,0,0,0,0,0,0,0,0,0,0,0,0,4.0,0,0,0,0,0,0,0,1.0,0,0,0,0,0,0,0,0,0,0,0,0,0,0,0,0,0,0,0,0,0,0,0,0,0,0,0,0,0,0,0,0,0,0,0,0,0,0,0,0,0,0,0,0,0,0,1.0,0,0,0,0,0,0,1.0
xpZx5iZTcmp,10702 Pakhribas Municipality,107 DHANKUTA,107,1 Koshi Province,1,10702,0,0,0,0,0,0,2.0,0,0,0,0,0,0,0,0,1.0,0,0,0,0,0,0,0,0,0,0,0,0,0,0,2.0,0,0,2.0,0,0,0,0,1.0,1.0,0,0,0,0,0,0,0,0,0,0,0,0,0,0,0,0,0,0,0,0,0,0,0,0,0,0,0,0,0,0,0,0,0,0,0,0,0,0,0,0,0,0,0,0,0,0,0,0,0,0,0,0,0,0,0,0,0,0,0,0,1.0,0,0,0,0,0,0,0,0,0,0,0,0,0,0,0,0,0,0,0,0,0,2.0,0,0,0,0,0
MhMpfcsUjqo,30411 Galchhi Rural Municipality,304 DHADING,304,3 Bagmati Province,3,30411,0,0,0,0,0,6.0,3.0,0,4.0,0,0,0,1.0,1.0,0,0,1.0,0,0,16.0,9.0,1.0,0,0,0,0,0,0,0,2.0,0,1.0,0,1.0,1.0,3.0,2.0,0,5.0,1.0,4.0,2.0,4.0,0,0,0,0,0,0,0,0,1.0,0,0,0,0,0,0,0,0,0,0,0,0,0,0,0,0,0,3.0,0,1.0,6.0,0,2.0,0,0,0,0,0,0,0,0,2.0,10.0,0,1.0,0,0,0,0,0,0,0,0,0,5.0,0,0,0,0,0,0,0,1.0,17.0,0,0,0,0,0,0,0,0,0,0,1.0,0,0,2.0,0,0,0,2.0,3.0,2.0,3.0,5.0
My9JVu4tB1f,20102 Kanchanrup Municipality,201 SAPTARI,201,2 Madhesh Province,2,20102,1.0,0,8.0,0,0,0,16.0,24.0,34.0,23.0,19.0,0,14.0,6.0,0,0,0,18.0,14.0,6.0,18.0,0,15.0,5.0,0,0,0,0,0,7.0,3.0,8.0,13.0,14.0,8.0,5.0,0,0,0,14.0,18.0,1.0,18.0,31.0,7.0,6.0,0,0,0,0,3.0,3.0,4.0,12.0,5.0,6.0,0,0,0,0,3.0,1.0,3.0,0,34.0,0,8.0,4.0,0,0,2.0,15.0,3.0,11.0,16.0,5.0,14.0,0,0,0,0,16.0,14.0,1.0,15.0,0,5.0,6.0,0,0,0,0,1.0,0,1.0,1.0,0,5.0,0,0,0,0,9.0,5.0,1.0,7.0,0,6.0,6.0,0,0,0,0,2.0,1.0,0,5.0,13.0,0,0,6.0,0,0,6.0,19.0,25.0,13.0,99.0
eHA15T4IKX4,70803 Godawari Municipality,708 KAILALI,708,7 Sudurpashchim Province,7,70803,3.0,0,0,0,0,0,0,0,0,0,0,0,0,0,0,0,0,2.0,0,0,0,0,0,0,0,0,2.0,0,1.0,0,0,0,0,20.0,0,0,0,0,0,1.0,0,0,1.0,0,0,0,0,0,0,0,2.0,0,0,0,8.0,0,0,0,0,0,0,0,0,0,0,0,0,0,2.0,0,0,0,0,0,0,0,0,0,0,0,0,1.0,0,0,0,0,0,0,0,0,0,0,1.0,0,0,0,0,0,0,0,0,0,0,0,0,0,0,0,0,0,2.0,0,0,0,0,0,0,0,4.0,0,0,0,0,0,0,0,0,0
Jit4hXPt6dE,10903 Falelung Rural Municipality,109 PANCHTHAR,109,1 Koshi Province,1,10903,0,0,0,1.0,0,1.0,0,0,0,0,0,0,1.0,0,0,0,0,1.0,0,0,0,0,0,0,0,0,0,0,0,0,0,0,0,0,0,0,0,0,0,0,0,0,0,0,0,0,0,0,0,0,0,0,0,0,0,0,0,0,0,0,0,0,0,0,0,0,0,0,0,0,0,0,0,0,0,0,0,0,0,0,0,0,0,0,0,0,0,0,0,0,0,0,0,0,0,0,0,0,0,0,0,0,0,0,0,0,0,0,2.0,0,0,0,0,0,0,0,0,0,1.0,0,0,0,0,0,0,0,0,0
dLEIDoJr160,50910 Shuddhodhan Rural Municipality,509 KAPILBASTU,509,5 Lumbini Province,5,50910,0,0,0,0,0,0,0,0,0,0,0,0,0,0,0,0,4.0,0,0,0,0,0,0,0,0,0,0,0,0,0,0,0,0,0,0,0,0,0,0,0,0,0,0,0,0,0,0,0,0,0,0,0,0,0,0,0,0,0,0,0,0,0,0,0,0,0,0,0,0,0,0,0,0,0,0,0,0,0,0,0,0,0,0,0,0,0,0,0,0,0,0,0,0,0,0,0,0,0,0,0,0,0,0,0,0,0,0,0,0,0,0,0,0,0,0,0,0,0,1.0,0,0,0,0,0,0,0,0,0
PbnmyAhSXvo,70801 Mohanyal Rural Municipality,708 KAILALI,708,7 Sudurpashchim Province,7,70801,0,0,2.0,0,0,0,0,0,0,0,0,0,0,0,0,0,1.0,0,0,0,0,0,0,0,0,0,0,0,0,0,0,0,0,0,0,0,0,1.0,0,0,0,0,0,0,0,0,0,0,0,0,0,0,0,0,0,0,0,0,0,0,0,0,0,0,0,0,0,0,0,0,0,0,0,0,0,0,0,0,0,0,8.0,0,0,0,0,0,0,0,0,0,0,0,0,0,0,0,0,0,0,0,0,0,0,0,0,0,0,0,0,0,0,0,0,0,0,0,0,0,0,2.0,0,0,0,0,0,0,0,0
EmYULdguYAk,40504 Pokhara Metropolitan City,405 KASKI,405,4 Gandaki Province,4,40504,30.0,49.0,49.0,54.0,69.0,74.0,29.0,28.0,53.0,2.0,32.0,39.0,75.0,58.0,67.0,49.0,64.0,62.0,25.0,19.0,56.0,10.0,4.0,7.0,13.0,6.0,16.0,6.0,4.0,9.0,4.0,1.0,10.0,42.0,79.0,53.0,94.0,54.0,83.0,57.0,13.0,24.0,3.0,19.0,8.0,4.0,4.0,5.0,1.0,5.0,2.0,2.0,0,16.0,0,0,5.0,7.0,3.0,9.0,0,0,14.0,0,9.0,34.0,27.0,75.0,35.0,51.0,20.0,31.0,2.0,4.0,25.0,16.0,30.0,0,17.0,29.0,47.0,4.0,6.0,0,26.0,12.0,0,1.0,0,4.0,3.0,12.0,0,2.0,0,0,4.0,23.0,6.0,0,1.0,13.0,5.0,17.0,4.0,13.0,2.0,1.0,0,0,4.0,1.0,11.0,0,0,0,26.0,61.0,75.0,5.0,84.0,125.0,40.0,67.0,28.0,43.0,34.0,155.0
Sh9Sx2iLNjY,30609 Kirtipur Municipality,306 KATHMANDU,306,3 Bagmati Province,3,30609,0,0,0,0,0,0,0,0,0,1.0,1.0,0,14.0,0,0,0,0,0,0,2.0,0,0,0,0,0,0,0,0,0,0,0,0,0,0,0,0,1.0,0,0,2.0,0,0,0,0,0,0,0,0,0,0,0,0,0,0,0,0,0,0,0,0,0,0,0,0,0,0,0,0,0,0,0,0,0,1.0,0,0,0,0,0,0,0,0,0,0,0,0,1.0,0,0,0,0,0,0,0,0,0,0,0,0,0,0,0,0,0,0,0,1.0,0,0,0,0,0,0,0,0,0,0,0,1.0,0,0,0,0,0,2.0,0,1.0,1.0
ON8h8G5JK6h,60806 Chaurjahari Municipality,608 RUKUM WEST,608,6 Karnali Province,6,60806,3.0,4.0,3.0,2.0,5.0,7.0,0,0,0,24.0,2.0,0,4.0,0,0,0,0,0,16.0,0,61.0,2.0,0,2.0,5.0,0,0,2.0,0,2.0,0,0,0,7.0,8.0,0,1.0,8.0,4.0,3.0,0,37.0,63.0,6.0,0,3.0,0,0,1.0,1.0,0,0,0,0,0,4.0,6.0,0,0,0,0,0,0,0,0,3.0,0,2.0,4.0,2.0,1.0,0,0,2.0,0,0,0,0,0,0,0,0,0,0,2.0,0,0,0,0,0,0,0,0,0,0,0,0,0,0,0,0,0,0,0,0,0,0,0,0,0,0,0,0,0,0,0,0,5.0,0,0,2.0,12.0,5.0,1.0,21.0,4.0,32.0,28.0
DVMRpMuFczl,11207 Pathari Shanishchare Municipality,112 MORANG,112,1 Koshi Province,1,11207,0,0,0,0,0,0,0,0,0,0,0,0,0,0,0,0,0,0,0,0,0,0,0,2.0,0,0,0,0,0,0,0,0,0,0,0,0,0,0,0,0,0,0,0,0,0,0,0,0,0,0,0,0,0,0,0,0,0,0,0,0,0,0,0,0,0,0,0,0,8.0,0,0,0,0,0,0,0,0,0,0,0,0,0,0,0,0,0,0,0,0,0,0,0,0,0,0,1.0,0,0,0,0,0,0,0,0,0,0,0,0,0,0,0,0,0,0,0,0,0,0,0,0,0,0,0,0,0,0,0,0
E3jE9arhqvd,60903 Banagad Kupinde Municipality,609 SALYAN,609,6 Karnali Province,6,60903,0,1.0,0,0,0,0,0,0,3.0,0,0,0,0,0,0,0,0,0,0,1.0,0,0,0,0,0,0,0,0,0,0,0,0,0,0,0,0,0,0,0,0,2.0,0,0,0,0,0,0,0,0,0,0,0,0,0,0,0,0,0,0,0,0,0,0,0,0,0,0,0,0,0,0,0,0,0,0,0,0,0,0,0,0,0,0,0,0,0,0,0,0,0,0,0,0,0,0,0,0,0,0,0,0,0,0,0,0,0,0,0,0,0,0,0,0,0,0,0,0,0,0,0,0,0,0,0,0,2.0,0,0
WTMxLUaucNm,70904 Bhimdatta Municipality,709 KANCHANPUR,709,7 Sudurpashchim Province,7,70904,0,0,0,0,180.0,0,0,0,0,0,0,0,0,0,0,0,0,0,0,12.0,0,0,0,0,0,0,0,0,0,0,0,0,0,0,0,0,0,0,0,0,0,0,0,0,0,0,0,0,0,0,0,0,0,0,0,0,0,0,0,0,0,0,0,0,0,0,0,0,0,0,0,0,0,0,0,0,0,0,0,0,0,0,0,0,0,0,0,0,0,0,0,0,0,0,0,0,0,0,0,0,0,0,0,0,0,0,0,0,0,0,0,0,0,0,0,0,0,0,0,0,0,0,0,4.0,0,0,0,0
GUiARD69vqI,31208 Makawanpurgadhi Rural Municipality,312 MAKWANPUR,312,3 Bagmati Province,3,31208,0,0,0,0,0,0,2.0,0,1.0,2.0,0,0,0,0,1.0,0,0,0,0,0,0,1.0,0,0,0,0,0,0,2.0,0,0,1.0,0,0,0,0,0,0,1.0,1.0,0,1.0,0,0,0,0,0,0,0,0,0,0,0,0,0,0,0,0,0,0,0,0,0,0,0,0,0,0,0,1.0,0,1.0,0,1.0,1.0,0,0,0,0,0,0,0,1.0,0,0,0,0,0,0,0,0,0,0,0,0,0,0,0,0,0,0,0,0,0,0,0,0,0,0,0,0,0,0,0,0,0,0,0,0,1.0,0,0,0,0,1.0,1.0,0,1.0
AWIh6Khl1v3,61003 Lekabeshi Municipality,610 SURKHET,610,6 Karnali Province,6,61003,0,2.0,0,1.0,0,0,0,2.0,0,1.0,0,4.0,0,0,0,0,0,0,0,0,2.0,0,0,0,0,0,2.0,0,0,0,0,0,0,0,0,1.0,0,0,0,0,0,1.0,1.0,0,0,0,0,0,0,0,0,0,0,0,0,0,0,0,0,0,0,0,0,0,2.0,0,0,0,0,0,0,0,0,0,0,0,0,0,0,0,0,0,1.0,0,0,0,0,0,0,0,0,0,0,0,0,0,0,0,0,0,0,0,0,0,0,0,0,0,0,0,0,0,0,0,0,0,0,0,0,1.0,0,0,0,0,0,0,0,0
xPU2FhwKsRf,10901 Yangbarak Rural Municipality,109 PANCHTHAR,109,1 Koshi Province,1,10901,0,0,0,1.0,0,0,0,0,0,0,0,0,0,0,0,0,0,0,0,0,0,0,0,0,0,0,0,0,0,0,0,0,0,0,1.0,0,0,0,0,0,0,0,1.0,0,0,0,0,0,0,0,0,0,0,0,0,0,0,0,0,0,0,0,0,0,0,0,0,0,0,0,0,0,0,0,0,0,0,0,0,0,0,0,0,0,0,0,0,0,0,0,0,0,0,0,0,0,0,0,0,0,0,0,0,0,0,0,0,0,0,0,0,0,0,0,0,0,0,0,1.0,0,0,0,0,0,2.0,0,2.0,2.0
Bttts23FIp4,30604 Budhanilkhantha Municipality,306 KATHMANDU,306,3 Bagmati Province,3,30604,0,0,0,0,0,0,0,0,0,0,0,0,0,0,0,0,0,0,0,0,0,0,0,0,0,0,0,0,0,0,0,0,0,2.0,0,1.0,0,0,0,0,0,0,0,0,0,0,0,0,0,0,0,0,0,0,0,0,0,0,0,0,0,0,0,0,0,2.0,1.0,0,1.0,0,0,0,0,0,0,0,0,0,0,0,0,0,0,0,0,0,0,0,0,0,0,0,0,0,0,0,0,0,0,0,0,2.0,0,0,0,0,0,0,0,0,0,1.0,1.0,0,0,0,0,0,0,0,0,0,0,0,0,0,0,0
QaGifEG44bz,30302 Aamachhodingmo Rural Municipality,303 RASUWA,303,3 Bagmati Province,3,30302,0,0,0,0,0,0,2.0,0,0,0,2.0,0,2.0,0,0,0,0,0,0,0,0,0,0,0,0,0,0,0,0,0,0,0,0,0,0,0,0,0,0,0,0,1.0,0,0,0,0,0,0,0,0,0,0,0,0,0,0,0,0,0,0,0,0,0,0,0,0,0,0,0,0,0,2.0,0,0,0,0,0,0,0,0,0,0,0,0,0,0,0,0,0,0,0,0,0,0,0,0,0,0,0,0,0,0,0,0,0,0,0,0,0,0,0,0,0,0,0,0,0,1.0,0,0,0,0,0,0,0,0,1.0,0
A59slhEIrcI,20612 Paroha Municipality,206 RAUTAHAT,206,2 Madhesh Province,2,20612,0,0,0,0,0,0,0,0,0,0,0,0,0,0,0,0,0,0,0,0,0,1.0,0,0,0,0,0,0,0,0,0,0,0,0,0,0,0,0,0,0,2.0,0,0,3.0,0,0,0,0,0,0,0,0,0,0,0,0,0,0,0,0,0,1.0,0,0,0,0,0,0,0,0,0,0,0,0,0,0,0,0,0,0,0,0,0,0,0,1.0,0,0,0,0,0,0,0,0,0,0,0,0,0,0,0,0,0,0,0,0,0,0,0,0,0,0,0,0,0,0,0,0,0,0,0,0,0,0,0,0,0,5.0
UwdMA5hDFCB,70109 Tribeni Municipality,701 BAJURA,701,7 Sudurpashchim Province,7,70109,0,0,0,0,0,0,0,0,0,0,0,0,0,0,0,0,0,0,0,0,0,0,0,0,0,0,0,0,0,0,0,0,0,0,0,1.0,0,0,0,0,0,0,0,1.0,0,0,0,0,0,0,0,0,0,0,0,0,0,0,0,0,0,0,0,0,0,0,0,0,0,0,0,0,0,1.0,0,0,0,0,0,0,0,0,0,0,0,0,0,0,0,0,0,0,0,0,0,0,0,0,0,0,0,0,0,0,0,0,0,0,0,0,0,0,0,0,0,0,0,0,0,0,0,0,0,0,0,0,0,1.0
of5txBWqdOE,30912 Mahabharat Rural Municipality,309 KAVREPALANCHOK,309,3 Bagmati Province,3,30912,0,0,0,1.0,1.0,1.0,1.0,0,1.0,0,0,0,0,0,1.0,0,0,0,1.0,0,4.0,0,0,0,0,0,0,0,0,0,1.0,0,0,0,0,0,5.0,0,1.0,0,0,0,0,0,0,0,0,0,0,0,0,0,0,0,0,0,0,0,0,0,0,0,0,0,0,2.0,0,0,0,0,1.0,0,0,1.0,0,0,0,0,0,0,0,0,0,0,0,0,0,0,0,0,0,0,0,0,0,0,0,0,0,0,0,0,0,0,0,0,0,0,0,0,0,0,0,0,2.0,0,0,0,0,0,1.0,1.0,2.0,0,1.0,0,2.0,0
pFBMPRDcabz,50309 Sarumarani Rural Municipality,503 PYUTHAN,503,5 Lumbini Province,5,50309,0,0,0,0,0,0,0,0,0,0,0,0,0,0,0,0,0,0,0,0,0,0,0,0,0,0,0,0,0,0,0,0,0,0,0,0,0,0,0,0,0,0,0,0,0,0,0,0,0,0,0,0,0,0,0,0,0,0,0,0,0,0,0,0,0,0,0,0,0,0,0,0,0,0,0,0,0,0,0,0,0,0,0,0,0,0,0,0,0,0,0,0,0,0,0,0,0,0,0,0,0,0,0,0,0,0,0,0,0,0,0,0,0,0,0,0,0,0,2.0,0,0,0,0,0,0,0,0,0
kG2N6Qdbgyh,30208 Balephi Rural Municipality,302 SINDHUPALCHOK,302,3 Bagmati Province,3,30208,0,0,0,4.0,0,0,0,0,1.0,0,0,1.0,0,0,1.0,1.0,0,0,2.0,0,0,0,0,0,0,0,0,2.0,0,0,0,0,0,3.0,0,0,0,1.0,1.0,2.0,0,1.0,0,2.0,0,0,0,0,0,0,0,18.0,0,0,0,0,0,0,0,0,0,0,0,0,0,0,0,0,0,0,0,0,0,0,1.0,0,0,1.0,0,1.0,0,0,0,0,2.0,0,0,0,0,0,0,0,0,0,0,0,0,0,0,0,0,0,0,0,0,0,0,0,0,0,0,0,0,0,0,0,0,4.0,0,2.0,0,2.0,1.0,0,0,1.0,1.0,2.0
zhcnfhX1HNv,70608 Badi Kedar Rural Municipality,706 DOTI,706,7 Sudurpashchim Province,7,70608,0,0,0,0,0,0,0,0,0,0,0,0,0,0,0,0,0,0,0,0,0,0,0,0,0,0,0,0,0,0,0,0,0,0,0,0,0,0,0,0,0,0,1.0,0,0,0,0,0,0,0,0,0,0,0,0,0,0,0,0,0,0,0,0,0,0,0,0,0,0,0,0,0,0,0,0,0,0,0,0,0,0,0,0,0,0,0,0,0,0,0,0,0,0,0,0,0,0,0,0,0,0,0,0,0,0,0,0,0,0,0,0,0,0,0,0,0,0,0,0,0,3.0,2.0,0,0,0,0,1.0,0
sYffyMFZFcY,40909 Walling Municipality,409 SYANGJA,409,4 Gandaki Province,4,40909,1.0,31.0,21.0,13.0,11.0,9.0,11.0,14.0,11.0,13.0,24.0,4.0,27.0,30.0,9.0,26.0,20.0,24.0,26.0,23.0,3.0,5.0,3.0,0,1.0,13.0,3.0,1.0,4.0,3.0,3.0,7.0,7.0,4.0,33.0,32.0,14.0,33.0,36.0,16.0,36.0,18.0,19.0,23.0,0,0,3.0,0,0,5.0,3.0,0,0,2.0,0,0,0,0,0,1.0,2.0,0,0,0,9.0,9.0,21.0,18.0,7.0,10.0,9.0,8.0,6.0,4.0,16.0,0,14.0,8.0,3.0,20.0,5.0,2.0,2.0,3.0,4.0,2.0,0,0,0,0,0,0,0,0,0,0,1.0,1.0,1.0,0,0,1.0,0,0,0,3.0,0,0,0,0,0,0,0,0,0,0,0,4.0,42.0,26.0,19.0,25.0,10.0,14.0,40.0,16.0,13.0,54.0
lfvPvTzR3Kt,60802 Sanibheri Rural Municipality,608 RUKUM WEST,608,6 Karnali Province,6,60802,0,0,1.0,1.0,0,0,5.0,2.0,1.0,2.0,2.0,0,0,0,1.0,0,2.0,0,1.0,1.0,0,0,0,0,0,0,0,0,0,0,2.0,0,1.0,0,0,0,0,0,2.0,2.0,1.0,1.0,2.0,0,0,0,0,0,0,0,0,0,0,0,0,0,0,0,0,0,0,0,0,0,0,0,0,0,0,3.0,6.0,0,0,0,3.0,0,0,0,0,0,0,0,0,1.0,3.0,0,0,0,0,0,0,0,0,0,0,0,0,0,0,0,0,0,0,0,0,0,0,0,0,0,0,0,0,0,0,0,0,0,2.0,0,0,0,0,1.0,2.0,1.0,7.0,0
REamYQDDc8L,20113 Rajbiraj Municipality,201 SAPTARI,201,2 Madhesh Province,2,20113,0,0,163.0,0,0,0,0,0,83.0,0,0,0,0,0,0,0,0,0,35.0,69.0,0,0,0,0,155.0,0,0,0,0,0,69.0,0,0,0,0,0,0,0,0,0,87.0,25.0,0,0,0,0,0,0,0,0,0,29.0,15.0,0,0,0,0,0,0,0,0,60.0,15.0,0,0,0,0,0,0,0,0,0,0,0,0,0,0,0,0,0,0,0,93.0,80.0,0,0,0,0,0,0,0,0,0,80.0,17.0,0,0,0,0,0,0,0,0,107.0,0,0,0,0,0,0,0,0,0,0,33.0,69.0,0,0,0,0,0,0,0,0,25.0,0,0,0
aCFDSXlmccd,10301 Khumbu Pasanglhamu Rural Municipality,103 SOLUKHUMBU,103,1 Koshi Province,1,10301,0,0,0,0,0,0,0,0,0,0,0,0,0,0,0,0,0,0,0,0,0,0,0,0,0,0,0,0,0,0,0,0,0,0,0,0,0,0,0,0,0,1.0,0,0,0,0,0,0,0,0,0,0,0,0,0,0,0,0,0,0,0,0,0,0,0,0,0,0,0,0,0,0,0,0,0,0,0,0,0,0,0,0,0,0,1.0,0,0,0,0,0,0,0,0,0,0,0,0,0,0,0,0,0,0,0,0,0,0,0,0,0,0,0,0,0,0,0,0,0,0,0,0,0,0,0,0,3.0,0,0
RXyOlRFs3Ft,30205 Melamchi Municipality,302 SINDHUPALCHOK,302,3 Bagmati Province,3,30205,1.0,7.0,1.0,0,0,3.0,3.0,1.0,1.0,8.0,5.0,0,0,1.0,2.0,1.0,3.0,1.0,2.0,3.0,0,0,0,0,0,1.0,0,1.0,0,0,0,0,2.0,0,0,1.0,0,1.0,2.0,2.0,2.0,0,1.0,5.0,0,0,1.0,0,0,1.0,0,0,0,3.0,0,2.0,0,0,0,0,0,0,0,0,0,0,1.0,0,1.0,1.0,0,3.0,0,1.0,0,0,0,0,0,0,0,1.0,1.0,0,2.0,3.0,0,0,0,0,0,0,0,0,1.0,1.0,0,0,0,0,0,0,0,0,0,2.0,0,0,0,0,0,0,0,0,0,0,0,0,0,1.0,4.0,0,0,2.0,2.0,1.0,3.0,16.0
T8quwYZYfsu,30401 Rubi Valley Rural Municipality,304 DHADING,304,3 Bagmati Province,3,30401,1.0,0,2.0,0,1.0,1.0,1.0,1.0,4.0,6.0,4.0,0,0,3.0,0,2.0,0,0,0,1.0,0,1.0,0,0,0,0,0,1.0,0,0,0,0,0,2.0,0,0,0,0,1.0,0,1.0,3.0,1.0,0,0,0,0,0,0,0,0,0,0,0,0,0,0,0,0,0,0,0,0,0,0,0,0,1.0,0,2.0,0,2.0,0,1.0,6.0,0,0,0,0,0,0,0,0,0,1.0,1.0,0,0,0,0,0,0,0,0,0,0,0,0,0,0,0,0,0,0,0,0,0,0,0,0,0,0,0,0,0,0,0,2.0,2.0,0,0,0,2.0,4.0,1.0,2.0,1.0,8.0
x9TFkDJyQbt,60907 Sharada Municipality,609 SALYAN,609,6 Karnali Province,6,60907,0,0,0,0,2.0,0,5.0,6.0,4.0,1.0,0,0,0,0,0,0,0,2.0,6.0,0,5.0,4.0,0,0,0,0,0,0,0,3.0,0,0,0,4.0,0,0,0,1.0,0,5.0,18.0,0,0,4.0,0,0,0,0,0,0,0,0,0,0,0,0,0,0,0,0,0,0,0,0,0,2.0,0,0,0,0,0,0,0,0,4.0,0,0,0,0,0,0,3.0,1.0,0,0,1.0,0,0,0,0,0,0,0,0,0,0,0,0,0,0,0,0,0,0,0,1.0,0,0,0,0,0,2.0,0,0,0,0,0,2.0,0,0,1.0,0,0,5.0,0,0,3.0,19.0
CfshIuUoZCa,40103 Barpak Sulikot Rural Municipality,401 GORKHA,401,4 Gandaki Province,4,40103,0,0,0,2.0,0,2.0,2.0,0,1.0,0,0,0,0,1.0,0,0,0,1.0,0,0,0,0,1.0,0,0,0,0,0,2.0,0,0,0,0,3.0,0,2.0,0,1.0,2.0,0,0,0,0,0,0,0,0,0,0,0,0,0,0,0,0,0,0,0,0,0,0,0,0,0,0,0,2.0,0,0,0,0,0,0,1.0,0,0,0,0,0,0,0,0,0,0,0,0,0,0,0,0,0,0,0,0,0,0,0,0,0,0,0,0,0,0,0,0,0,0,0,0,0,0,0,0,0,0,0,2.0,1.0,2.0,0,0,0,2.0,0,1.0,1.0,2.0
Z4Qs1YyiL5j,20410 Manara Shisawa Municipality,204 MAHOTTARI,204,2 Madhesh Province,2,20410,1.0,1.0,0,0,0,0,0,0,0,0,0,0,0,0,0,0,0,0,0,0,0,0,2.0,1.0,0,0,0,0,0,0,0,0,0,0,0,0,0,0,0,0,0,0,0,0,0,0,0,0,0,0,0,0,0,0,0,0,0,0,0,0,0,0,0,0,2.0,0,0,0,0,0,0,0,0,2.0,0,0,0,0,0,0,0,0,0,2.0,0,0,0,0,0,0,0,0,0,0,0,0,0,0,0,0,0,0,0,0,0,0,0,0,0,0,0,0,0,0,0,0,0,1.0,0,0,0,0,0,0,0,0,0,0
LHlCGNNM8nF,50803 Sainamaina Municipality,508 RUPANDEHI,508,5 Lumbini Province,5,50803,0,0,0,0,1.0,0,0,0,0,0,0,0,0,0,0,0,0,0,0,0,0,0,0,0,0,0,0,0,0,0,0,0,0,0,0,0,1.0,0,0,0,38.0,0,0,1.0,0,0,0,0,0,0,0,0,0,0,0,0,0,0,0,0,0,0,0,0,0,0,0,0,0,0,0,0,0,0,0,0,0,0,0,0,0,0,0,0,0,0,0,0,0,0,0,0,0,0,0,0,0,0,0,0,0,0,0,0,0,0,0,0,0,0,0,0,0,0,0,0,0,0,0,0,0,0,0,0,0,0,0,1.0
od29axZQYBM,20709 Karaiyamai Rural Municipality,207 BARA,207,2 Madhesh Province,2,20709,0,0,0,0,0,0,1.0,0,0,0,0,0,0,0,0,0,0,0,0,0,0,0,0,0,0,0,0,0,0,0,0,0,0,0,0,0,0,0,0,0,0,0,0,0,0,0,0,0,0,0,0,0,0,0,0,0,0,0,0,0,0,0,0,0,0,0,0,0,0,0,0,0,0,0,0,0,0,0,0,0,0,0,0,0,0,0,0,0,0,0,0,0,0,0,0,0,0,0,0,0,0,0,0,0,0,0,0,0,0,0,0,0,0,0,0,0,0,0,0,0,0,0,0,0,0,0,0,0
yR30qKyaGd2,20601 Chandrapur Municipality,206 RAUTAHAT,206,2 Madhesh Province,2,20601,86.0,113.0,0,25.0,32.0,38.0,21.0,0,0,0,0,73.0,54.0,32.0,22.0,0,13.0,29.0,0,64.0,0,0,156.0,44.0,46.0,52.0,64.0,0,0,0,0,0,2.0,72.0,76.0,49.0,25.0,210.0,23.0,17.0,0,102.0,0,0,72.0,100.0,0,30.0,33.0,13.0,0,0,0,0,14.0,0,0,32.0,40.0,4.0,0,0,0,0,155.0,63.0,0,44.0,0,56.0,20.0,0,0,0,0,53.0,95.0,12.0,88.0,0,4.0,28.0,0,5.0,0,15.0,0,0,2.0,0,0,4.0,0,0,0,0,8.0,0,13.0,0,0,0,0,0,3.0,0,0,5.0,6.0,2.0,0,0,0,25.0,0,7.0,0,0,159.0,46.0,41.0,76.0,32.0,13.0,0,112.0,0,15.0
wqUu19NIUqZ,40902 Phedikhola Rural Municipality,409 SYANGJA,409,4 Gandaki Province,4,40902,0,0,2.0,0,0,1.0,0,0,2.0,0,0,0,0,0,0,0,0,0,0,0,1.0,0,0,0,0,0,0,0,0,0,0,0,0,0,1.0,0,0,0,0,2.0,0,0,0,0,0,0,0,0,0,0,0,0,0,0,0,0,0,0,0,0,0,0,0,0,0,0,0,0,0,0,1.0,0,0,0,0,0,0,0,0,0,0,0,0,0,0,0,0,0,0,0,0,0,0,0,0,0,0,0,0,0,0,0,0,0,0,0,0,0,0,0,0,0,0,0,0,0,0,1.0,0,0,0,2.0,0,0,0,2.0,0,0
buXxVwO9Yq6,51010 Rajpur Rural Municipality,510 DANG,510,5 Lumbini Province,5,51010,0,0,0,0,0,0,0,0,3.0,0,0,0,0,0,0,0,0,0,0,0,0,0,0,0,0,0,0,0,0,0,0,0,0,0,0,0,0,0,0,0,0,0,0,0,0,0,0,0,0,0,0,0,0,0,0,0,0,0,0,0,0,0,0,0,0,0,0,0,0,0,0,0,0,0,0,0,0,0,0,0,0,0,0,0,0,14.0,0,0,0,0,0,0,0,0,0,0,0,0,0,0,0,0,0,0,0,0,16.0,0,0,0,0,0,0,0,0,0,0,0,0,0,0,0,0,0,0,0,0,30.0
ItuhK7FfBhx,61006 Birendranagar Municipality,610 SURKHET,610,6 Karnali Province,6,61006,1.0,0,0,1.0,0,0,0,0,0,0,0,0,0,0,0,0,0,1.0,0,0,0,0,0,0,0,0,0,0,0,0,0,0,0,0,0,0,3.0,6.0,0,1.0,0,0,0,0,0,0,2.0,0,0,0,0,0,0,0,0,0,0,0,0,0,0,0,0,0,0,0,0,1.0,0,0,0,0,0,0,0,0,0,0,1.0,0,0,0,0,0,0,0,0,0,0,0,0,0,0,0,0,0,0,0,0,0,0,0,0,0,0,0,0,0,0,0,0,0,0,0,0,0,0,1.0,0,0,3.0,0,0,0,2.0,0,0,0
ZYSpy8oLqWo,20802 Jirabhawani Rural Municipality,208 PARSA,208,2 Madhesh Province,2,20802,0,0,0,0,0,0,0,0,0,0,0,0,0,2.0,0,0,0,0,0,0,0,0,0,0,0,0,0,0,0,0,0,0,0,0,0,0,0,0,0,0,0,0,0,0,0,0,0,0,0,0,0,0,0,0,0,0,0,0,0,0,0,0,0,0,0,0,0,0,0,0,0,0,0,0,0,0,0,0,0,0,0,0,0,0,0,0,0,0,0,0,0,0,0,0,0,0,0,0,0,0,0,0,0,0,0,0,0,0,0,0,0,0,0,0,0,0,0,0,0,0,0,0,0,0,0,0,0,0
seMsxiJS8sz,20402 Gaushala Municipality,204 MAHOTTARI,204,2 Madhesh Province,2,20402,0,0,0,0,0,13.0,0,0,0,4.0,0,0,0,0,0,0,0,0,0,7.0,3.0,0,0,0,0,0,0,4.0,0,0,8.0,4.0,1.0,0,0,0,12.0,0,8.0,0,27.0,4.0,3.0,0,0,0,0,0,0,0,0,0,2.0,0,0,0,0,0,0,0,0,0,0,0,0,6.0,0,0,0,17.0,0,0,0,2.0,0,0,0,0,0,0,0,0,7.0,5.0,0,0,0,0,0,0,0,0,0,0,0,0,0,0,0,0,0,0,0,5.0,2.0,1.0,0,0,0,0,0,0,0,0,2.0,0,0,0,0,0,0,0,10.0,0,0,0,0,0
U4kYiiDNknr,31102 Phikkal Rural Municipality,311 SINDHULI,311,3 Bagmati Province,3,31102,0,0,0,0,0,0,0,0,0,0,0,0,0,0,0,0,0,0,0,1.0,1.0,0,0,0,0,0,0,0,0,0,0,0,0,0,0,0,2.0,1.0,0,0,2.0,0,0,0,0,0,0,0,0,0,0,0,0,0,0,0,0,0,0,0,0,0,0,0,0,0,0,0,0,0,0,0,0,0,0,0,0,0,0,0,0,0,0,0,0,0,0,0,0,0,0,0,0,0,0,0,0,0,0,0,0,0,0,0,1.0,0,0,0,0,0,0,0,0,0,0,0,0,1.0,0,0,0,0,0,0,0,0,1.0,0
c5xvFc10jWu,11115 Kachanakawal Rural Municipality,111 JHAPA,111,1 Koshi Province,1,11115,0,0,0,0,0,0,53.0,0,0,24.0,31.0,0,0,0,0,0,0,36.0,25.0,15.0,23.0,0,0,0,0,0,0,0,0,0,30.0,6.0,8.0,0,0,0,0,0,0,0,46.0,27.0,41.0,0,0,0,0,0,0,0,0,21.0,6.0,0,0,0,0,0,0,0,4.0,8.0,8.0,0,0,0,0,0,0,0,0,15.0,21.0,15.0,15.0,0,0,0,0,0,0,0,19.0,7.0,18.0,9.0,0,0,0,0,0,0,0,8.0,0,5.0,0,0,0,0,0,0,13.0,12.0,8.0,7.0,9.0,0,0,0,0,0,0,4.0,2.0,1.0,2.0,0,0,0,0,0,0,47.0,44.0,0,25.0,126.0
ocZon5HzPOG,30903 Mandan Deupur Municipality,309 KAVREPALANCHOK,309,3 Bagmati Province,3,30903,0,0,0,0,0,0,0,0,0,0,0,0,0,0,0,0,0,0,0,1.0,0,0,0,0,0,0,0,0,0,0,0,0,0,0,0,0,2.0,0,0,0,0,1.0,0,0,0,0,0,0,0,0,0,0,0,0,0,0,0,0,0,0,0,0,0,0,0,0,0,0,0,0,0,0,0,0,0,0,0,0,0,1.0,0,0,0,0,6.0,0,0,0,0,0,0,0,0,0,0,0,0,0,0,0,0,0,0,0,0,0,0,0,0,0,0,0,0,0,16.0,0,0,0,1.0,0,0,0,0,0,0,0,0,0
DUyrbiuup9f,50812 Mayadevi Rural Municipality,508 RUPANDEHI,508,5 Lumbini Province,5,50812,0,0,0,0,0,0,1.0,0,0,0,0,0,0,0,0,0,0,1.0,3.0,0,3.0,3.0,0,0,0,0,0,0,0,0,0,0,3.0,0,0,0,0,0,0,0,0,0,0,21.0,0,0,0,0,0,0,0,0,0,0,0,0,0,0,0,0,0,0,0,0,0,0,0,0,0,0,0,1.0,0,0,3.0,0,0,0,0,0,0,0,0,0,0,0,0,0,0,0,0,0,0,0,0,0,0,0,0,0,0,0,0,0,0,0,0,0,0,0,0,0,0,0,3.0,0,0,0,0,0,0,4.0,0,0,0,0,0,24.0
KBOIBsIq9R7,50609 Mathagadhi Rural Municipality,506 PALPA,506,5 Lumbini Province,5,50609,1.0,1.0,0,0,0,0,2.0,0,1.0,0,1.0,0,1.0,0,0,0,0,0,0,2.0,1.0,0,0,0,0,0,0,0,0,0,0,0,1.0,0,0,0,0,0,1.0,2.0,0,0,1.0,1.0,0,0,0,1.0,0,0,0,0,0,0,0,0,0,0,0,0,0,0,0,0,2.0,0,0,0,1.0,27.0,3.0,1.0,0,0,0,0,0,0,0,0,0,0,0,0,2.0,0,0,0,0,0,0,0,0,0,0,0,0,0,0,0,1.0,0,0,0,0,0,0,0,0,0,0,0,0,0,0,0,0,0,1.0,1.0,0,0,0,0,0,1.0,3.0,3.0
dEtwSiS6KNj,70104 Swami Kartik Rural Municipality,701 BAJURA,701,7 Sudurpashchim Province,7,70104,0,0,0,0,0,0,0,0,0,0,0,0,0,2.0,0,0,0,0,0,2.0,0,1.0,1.0,0,0,0,0,0,0,0,0,0,0,0,0,0,0,0,0,0,0,0,0,1.0,0,0,0,0,0,0,0,0,0,0,0,0,0,0,0,0,0,0,0,0,0,0,0,0,0,0,0,0,0,0,0,0,0,0,0,0,0,0,0,0,0,0,0,0,0,0,0,0,0,0,0,0,0,0,0,0,0,0,0,0,0,0,0,0,0,0,0,0,0,0,0,0,0,0,0,0,0,0,0,0,0,0,0,2.0
t5SAADE3GA6,50905 Krishnanagar Municipality,509 KAPILBASTU,509,5 Lumbini Province,5,50905,0,0,21.0,0,0,0,0,0,1.0,2.0,0,0,29.0,29.0,0,0,0,0,0,0,0,0,0,0,0,0,0,0,0,0,0,0,0,0,29.0,29.0,0,0,0,0,0,0,0,0,0,0,0,0,0,0,0,0,0,0,0,3.0,0,0,0,0,0,0,0,0,1.0,0,0,0,0,0,0,0,0,6.0,0,0,28.0,13.0,0,0,0,0,0,0,0,0,0,0,0,0,0,0,0,0,0,0,0,8.0,0,1.0,0,0,0,0,0,0,0,0,0,0,0,0,0,0,0,0,0,0,17.0,16.0,0,0,0,0,0,0,0,0
NhzpDUmOnX1,50302 Naubahini Rural Municipality,503 PYUTHAN,503,5 Lumbini Province,5,50302,0,0,0,2.0,0,1.0,0,1.0,0,0,0,2.0,0,0,0,0,0,0,0,0,0,0,0,0,0,0,0,0,0,0,0,0,0,0,0,0,0,0,0,0,0,0,1.0,0,0,0,0,0,0,0,0,0,0,0,0,0,0,0,0,0,0,0,0,0,0,0,0,0,0,0,0,0,0,0,1.0,2.0,0,0,0,0,0,0,0,0,0,0,0,0,0,0,0,0,0,0,0,2.0,0,0,0,0,0,0,0,0,0,0,0,0,0,0,0,0,0,0,0,0,0,0,0,0,0,1.0,0,0,2.0,1.0,3.0,0
bcA7xbjb8bV,10603 Tyamke Maiyum Rural Municipality,106 BHOJPUR,106,1 Koshi Province,1,10603,2.0,1.0,5.0,0,2.0,2.0,2.0,1.0,1.0,0,1.0,0,0,2.0,3.0,1.0,1.0,1.0,2.0,0,0,0,0,0,0,1.0,0,0,0,0,0,0,0,0,2.0,0,0,3.0,1.0,2.0,0,0,2.0,0,0,0,0,0,0,1.0,0,0,0,0,0,0,0,1.0,0,0,0,0,0,0,0,0,0,1.0,1.0,14.0,1.0,0,3.0,0,0,0,0,0,0,0,1.0,0,0,0,0,0,0,0,0,0,0,0,0,0,0,0,0,0,0,0,0,0,0,0,1.0,0,0,0,0,0,0,0,0,0,0,0,0,1.0,2.0,0,0,2.0,2.0,0,1.0,1.0,0,12.0
upTIN1Trha0,60609 Bhagawatimai Rural Municipality,606 DAILEKH,606,6 Karnali Province,6,60609,0,1.0,0,0,1.0,0,1.0,0,0,0,2.0,0,0,0,2.0,0,2.0,0,0,0,0,0,0,0,0,0,0,0,0,0,0,1.0,0,0,0,0,3.0,0,0,0,0,0,3.0,0,0,0,0,0,0,0,0,0,0,0,0,0,0,0,0,0,0,0,0,0,0,0,0,0,1.0,0,1.0,0,0,1.0,1.0,0,0,0,0,0,0,1.0,0,0,1.0,0,0,0,0,0,0,0,0,0,0,0,0,0,0,0,0,0,0,0,0,0,0,0,0,0,0,0,0,0,0,0,0,0,0,1.0,0,2.0,0,0,0,2.0,2.0,4.0
VcF5bn0dGEP,51002 Ghorahi Sub-Metropolitan City,510 DANG,510,5 Lumbini Province,5,51002,0,0,0,0,0,0,0,0,0,0,32.0,0,0,0,0,0,0,0,0,8.0,6.0,6.0,0,0,0,0,0,0,0,0,0,6.0,2.0,0,0,0,0,0,0,0,0,4.0,6.0,6.0,0,0,0,0,0,0,0,0,0,2.0,0,0,0,0,0,0,0,0,0,0,0,0,1.0,0,0,0,0,0,0,8.0,16.0,0,0,0,0,0,0,0,0,0,6.0,8.0,0,0,0,0,0,0,0,0,0,1.0,0,0,0,0,0,1.0,0,0,0,0,0,0,0,0,0,0,0,0,0,0,0,0,0,0,0,0,0,0,0,12.0,0,20.0
eavdB3HKbSd,30906 Panchkhal Municipality,309 KAVREPALANCHOK,309,3 Bagmati Province,3,30906,2.0,0,0,2.0,1.0,6.0,2.0,1.0,1.0,3.0,1.0,0,3.0,5.0,3.0,0,4.0,2.0,0,2.0,0,4.0,0,0,0,0,0,2.0,3.0,1.0,0,0,5.0,1.0,3.0,0,1.0,5.0,3.0,2.0,2.0,3.0,3.0,5.0,0,0,0,1.0,2.0,2.0,3.0,0,1.0,0,0,0,1.0,0,0,0,0,0,0,0,0,2.0,0,2.0,0,0,3.0,2.0,0,2.0,2.0,0,1.0,0,0,1.0,0,0,0,2.0,1.0,1.0,0,0,0,0,0,0,0,0,0,0,0,0,0,0,0,0,0,0,0,0,0,0,0,0,0,0,0,0,0,0,0,5.0,6.0,1.0,3.0,3.0,9.0,3.0,2.0,0,0,14.0
TlXDFMCSr7E,41107 Badigad Rural Municipality,411 BAGLUNG,411,4 Gandaki Province,4,41107,0,0,1.0,5.0,2.0,1.0,0,1.0,0,0,0,0,1.0,0,0,0,0,0,0,0,0,0,0,0,0,1.0,1.0,0,0,0,0,0,0,0,1.0,0,2.0,2.0,0,0,0,0,0,0,0,0,0,0,0,0,0,0,0,0,0,0,0,0,0,0,0,0,0,0,0,0,1.0,0,1.0,0,1.0,0,0,0,1.0,0,0,0,0,0,0,0,0,0,0,0,0,0,0,0,0,0,0,0,0,0,0,0,0,0,0,0,0,0,0,0,0,0,0,0,0,0,0,0,0,0,0,0,0,0,2.0,0,1.0,0,0,0,0,0
xZmHtrqwcH3,60605 Aathbis Municipality,606 DAILEKH,606,6 Karnali Province,6,60605,0,0,0,0,0,0,0,0,0,0,0,0,0,0,0,0,0,0,0,0,0,0,0,0,0,0,0,0,0,0,0,0,0,2.0,0,0,0,0,0,0,0,0,24.0,0,0,0,0,0,0,0,0,0,0,0,0,0,0,0,0,0,0,0,0,0,0,0,0,0,0,0,0,0,0,0,0,0,0,0,0,0,0,0,0,0,0,0,0,0,0,0,0,0,0,0,0,0,0,0,0,0,0,0,0,0,0,0,0,0,0,0,0,0,0,0,0,0,0,2.0,0,0,0,0,0,0,0,23.0,1.0,0
FnQX929N8kc,60803 Banphikot Rural Municipality,608 RUKUM WEST,608,6 Karnali Province,6,60803,1.0,0,0,2.0,0,0,0,0,2.0,0,0,1.0,0,2.0,1.0,0,0,0,1.0,0,0,0,0,0,0,0,0,0,0,0,0,0,0,0,1.0,0,0,0,0,1.0,0,0,1.0,0,0,0,0,0,0,0,0,0,0,0,0,0,0,0,0,0,0,0,0,0,0,0,0,2.0,0,0,1.0,0,0,0,0,0,0,0,0,0,0,0,2.0,0,0,0,0,0,2.0,0,0,0,0,0,0,0,0,0,0,0,0,0,0,0,0,0,0,0,0,0,0,0,0,0,0,0,0,1.0,1.0,0,2.0,3.0,1.0,0,0,1.0,1.0,0
wBmsLGhrv9S,70305 Apihimal Rural Municipality,703 DARCHULA,703,7 Sudurpashchim Province,7,70305,0,0,0,0,0,0,0,0,0,0,0,0,0,0,1.0,0,0,0,0,0,0,0,0,0,0,0,0,0,0,0,0,0,0,0,0,0,0,0,1.0,0,0,0,0,1.0,0,0,0,0,0,0,0,0,0,0,0,0,0,0,0,0,0,0,0,0,0,0,0,0,0,2.0,0,0,0,0,0,0,0,0,0,0,0,0,0,0,0,0,0,0,0,0,0,0,0,0,0,0,0,0,0,0,0,0,0,0,0,0,0,0,0,0,0,0,0,0,0,0,0,0,0,0,0,1.0,0,0,0,0,0,1.0
BVIoUYtmRMk,70605 Dipayal Silgadhi Municipality,706 DOTI,706,7 Sudurpashchim Province,7,70605,3.0,5.0,7.0,7.0,1.0,13.0,5.0,5.0,6.0,0,0,0,2.0,3.0,5.0,0,8.0,2.0,2.0,0,2.0,0,0,2.0,3.0,0,0,3.0,0,0,2.0,0,2.0,0,6.0,2.0,3.0,2.0,2.0,3.0,2.0,2.0,0,0,1.0,1.0,0,1.0,2.0,0,0,0,0,4.0,1.0,0,0,0,0,0,0,0,0,6.0,2.0,1.0,4.0,4.0,0,6.0,2.0,0,0,3.0,2.0,0,3.0,4.0,2.0,0,2.0,0,0,0,0,0,0,0,0,0,0,0,0,0,0,0,0,0,1.0,2.0,0,0,0,0,0,0,2.0,0,0,1.0,0,0,0,0,0,0,0,1.0,4.0,1.0,12.0,0,2.0,15.0,0,0,5.0,2.0
sjHpWIiUjdQ,70601 Purbichouki Rural Municipality,706 DOTI,706,7 Sudurpashchim Province,7,70601,0,0,0,0,0,0,0,0,0,0,0,0,0,0,0,0,2.0,0,0,0,0,0,0,0,0,0,0,0,0,0,0,0,0,0,0,0,0,2.0,0,0,0,1.0,0,0,0,0,0,0,0,0,0,8.0,0,0,0,0,0,0,0,0,0,0,0,0,0,0,0,0,0,0,0,0,0,0,0,0,0,0,0,0,0,0,0,0,0,0,0,0,0,0,0,0,0,0,0,0,0,0,0,0,0,0,0,0,0,0,0,0,0,0,0,0,0,0,0,0,0,0,0,0,0,0,0,2.0,0,0,0,4.0
a9v445HgSvW,31209 Bakaiya Rural Municipality,312 MAKWANPUR,312,3 Bagmati Province,3,31209,4.0,5.0,2.0,2.0,4.0,0,0,3.0,0,16.0,1.0,1.0,1.0,0,8.0,0,0,0,57.0,2.0,0,2.0,0,0,1.0,0,0,0,0,1.0,0,0,1.0,1.0,0,2.0,4.0,0,1.0,1.0,1.0,2.0,1.0,4.0,0,6.0,0,2.0,0,0,0,0,0,0,0,0,0,0,0,0,0,0,0,0,1.0,0,2.0,4.0,3.0,0,1.0,0,0,2.0,1.0,1.0,0,0,2.0,0,0,1.0,1.0,0,0,3.0,0,0,0,0,0,0,0,0,0,0,0,0,0,0,0,0,0,0,0,0,1.0,0,2.0,0,0,0,0,0,0,0,0,0,1.0,2.0,4.0,0,2.0,0,6.0,2.0,0,12.0
wS3hGPGJ5F3,50402 Satyawoti Rural Municipality,504 GULMI,504,5 Lumbini Province,5,50402,0,0,0,0,1.0,0,0,10.0,3.0,2.0,1.0,0,0,0,0,0,0,0,0,2.0,4.0,0,0,0,0,0,0,0,0,2.0,0,1.0,0,0,0,0,2.0,0,0,2.0,0,9.0,4.0,5.0,0,0,0,0,0,0,0,0,0,0,0,0,0,0,0,0,0,0,0,0,0,0,0,0,0,0,3.0,0,1.0,0,0,0,0,0,0,1.0,0,1.0,0,2.0,0,0,0,0,0,0,0,0,0,0,0,0,0,0,0,0,0,0,0,0,0,0,0,0,0,0,0,1.0,0,0,0,0,0,1.0,0,0,6.0,0,0,0,3.0,4.0,22.0,5.0
JX80Qhtamvy,41101 Baglung Municipality,411 BAGLUNG,411,4 Gandaki Province,4,41101,0,2.0,2.0,1.0,2.0,1.0,4.0,0,1.0,0,2.0,1.0,4.0,1.0,0,0,2.0,3.0,2.0,0,1.0,1.0,0,1.0,0,0,0,0,0,0,0,0,0,4.0,5.0,1.0,0,1.0,3.0,2.0,0,2.0,2.0,1.0,0,0,0,2.0,0,0,0,0,0,0,0,0,0,0,0,0,0,0,0,0,0,1.0,1.0,0,1.0,0,0,0,0,2.0,0,0,3.0,0,1.0,3.0,1.0,1.0,0,0,0,0,0,0,0,0,0,0,0,0,0,0,0,1.0,0,0,0,0,0,0,0,0,0,0,0,0,0,0,0,0,0,0,0,1.0,5.0,1.0,0,1.0,0,0,1.0,1.0,1.0,8.0
h3U0l83K403,20610 Maulapur Municipality,206 RAUTAHAT,206,2 Madhesh Province,2,20610,0,0,0,0,0,0,0,0,0,0,0,0,0,0,0,0,0,0,0,0,0,0,0,0,0,0,0,0,0,0,0,0,0,0,0,0,0,0,0,0,0,0,0,0,0,0,0,0,0,0,0,0,0,0,0,118.0,0,0,0,0,0,0,0,0,0,0,0,0,0,0,0,0,0,0,0,0,0,0,0,0,0,0,0,0,0,0,0,0,0,0,0,0,0,0,0,0,0,0,0,0,0,0,0,0,0,0,0,0,0,0,0,0,0,0,0,0,0,0,0,0,0,0,0,0,1.0,0,0,0
AQ2SELcTGFP,40101 Chumanubri Rural Municipality,401 GORKHA,401,4 Gandaki Province,4,40101,0,1.0,0,0,0,0,0,0,1.0,0,2.0,0,0,0,0,0,0,1.0,0,0,0,0,0,0,0,0,0,0,0,0,0,0,9.0,0,0,0,0,1.0,0,0,0,0,0,0,0,0,0,0,0,0,0,0,0,0,0,0,0,0,0,0,0,0,0,0,0,0,0,0,0,1.0,0,1.0,0,0,0,0,0,1.0,0,0,0,0,0,0,0,0,0,0,0,0,0,0,0,0,0,0,0,0,0,0,0,0,0,0,0,0,0,0,0,0,0,0,0,0,0,0,0,0,2.0,0,0,0,0,1.0,0,0,1.0,0
khbmnjhVw6M,40911 Kaligandaki Rural Municipality,409 SYANGJA,409,4 Gandaki Province,4,40911,0,0,0,0,0,0,0,1.0,0,0,0,0,0,0,0,0,0,1.0,1.0,0,0,0,0,0,0,0,0,0,0,0,0,0,0,0,0,0,1.0,0,0,0,1.0,0,0,1.0,0,0,0,0,0,0,1.0,0,0,0,0,0,0,0,0,0,0,2.0,0,0,0,0,0,1.0,0,0,0,0,0,0,0,0,0,0,0,2.0,1.0,0,0,1.0,1.0,0,0,0,0,0,0,0,0,0,0,0,0,0,0,0,0,0,0,0,0,0,0,0,0,0,0,0,0,0,0,0,0,0,0,0,0,0,0,1.0,0,0,0,3.0
c8wtEQShCEN,70706 Mangalsen Municipality,707 ACHHAM,707,7 Sudurpashchim Province,7,70706,0,0,0,1.0,3.0,0,1.0,14.0,0,0,0,0,1.0,0,0,3.0,4.0,10.0,0,0,0,0,0,0,0,0,36.0,2.0,0,2.0,0,0,0,0,0,3.0,0,14.0,5.0,7.0,2.0,0,0,0,0,0,0,0,0,0,0,0,0,0,0,0,0,0,0,0,1.0,0,0,0,0,0,2.0,1.0,0,13.0,1.0,1.0,0,0,0,0,0,1.0,0,0,1.0,1.0,0,0,0,0,0,0,0,0,2.0,0,0,0,0,0,0,0,0,0,1.0,2.0,0,0,0,0,0,0,0,0,0,0,1.0,0,0,0,0,0,0,2.0,7.0,0,5.0,2.0,2.0,0,0,0
YRQqsimTukd,50202 Thabang Rural Municipality,502 ROLPA,502,5 Lumbini Province,5,50202,0,0,0,0,2.0,1.0,0,0,1.0,0,2.0,1.0,0,0,0,1.0,6.0,2.0,1.0,2.0,0,0,0,0,0,0,0,0,0,0,0,0,0,1.0,0,0,0,0,0,0,0,0,1.0,4.0,0,0,0,0,0,0,0,0,0,0,0,0,0,0,0,0,0,0,0,0,0,0,1.0,0,0,0,1.0,0,0,1.0,0,0,0,0,0,0,1.0,0,0,0,0,1.0,0,0,0,0,0,0,0,0,0,0,0,0,0,0,0,1.0,0,0,0,0,0,0,0,0,0,0,1.0,0,0,0,0,0,2.0,0,1.0,4.0,6.0,1.0,1.0,1.0,1.0,9.0
Za9amWOWD4I,10210 Dharmadevi Municipality,102 SANKHUWASABHA,102,1 Koshi Province,1,10210,0,1.0,0,0,0,0,0,0,0,0,0,0,0,0,0,0,0,0,0,0,0,0,0,0,0,0,1.0,0,0,0,0,0,0,1.0,1.0,1.0,0,0,0,2.0,2.0,0,6.0,0,0,0,0,0,0,0,0,0,0,0,0,0,0,0,0,0,0,0,0,0,2.0,1.0,0,0,0,0,0,0,0,1.0,0,0,0,0,0,0,0,0,0,0,0,0,0,0,0,0,0,0,0,0,0,0,0,0,0,0,0,0,0,0,0,7.0,0,0,0,0,0,0,0,0,0,0,0,0,1.0,0,0,0,0,0,0,0,0,0
eGCj6BVZTex,60307 Tanjakot Rural Municipality,603 HUMLA,603,6 Karnali Province,6,60307,0,0,0,0,3.0,0,2.0,0,0,0,0,0,0,0,0,0,0,0,0,0,0,0,0,0,0,0,0,0,0,0,0,0,0,0,0,0,0,0,0,0,0,0,2.0,0,0,0,0,0,1.0,0,0,0,0,0,0,0,0,0,0,0,0,0,0,0,0,0,0,0,0,1.0,0,0,0,0,0,0,0,0,0,0,0,0,0,0,0,0,0,0,0,0,0,0,0,0,0,0,0,0,0,0,0,0,0,0,0,0,0,0,0,0,0,0,0,0,0,0,0,0,0,0,0,0,0,0,0,0,0,0
pwSpcMa7aiC,11209 Ratuwamai Municipality,112 MORANG,112,1 Koshi Province,1,11209,12.0,15.0,0,11.0,24.0,32.0,12.0,17.0,4.0,13.0,22.0,0,8.0,15.0,8.0,7.0,9.0,14.0,6.0,10.0,13.0,8.0,10.0,10.0,0,10.0,0,1.0,4.0,0,7.0,5.0,1.0,23.0,0,0,0,16.0,17.0,4.0,9.0,8.0,15.0,9.0,0,0,5.0,0,8.0,4.0,4.0,7.0,5.0,7.0,0,0,2.0,3.0,2.0,4.0,0,3.0,1.0,1.0,18.0,7.0,0,10.0,0,9.0,7.0,7.0,11.0,8.0,10.0,23.0,0,10.0,7.0,6.0,5.0,6.0,10.0,8.0,8.0,18.0,0,0,0,0,1.0,2.0,0,1.0,0,2.0,2.0,11.0,3.0,11.0,3.0,4.0,6.0,4.0,6.0,7.0,6.0,0,0,0,0,0,2.0,1.0,2.0,0,3.0,23.0,19.0,15.0,25.0,0,13.0,8.0,24.0,12.0,17.0,89.0
RAnQGp6ruMy,70209 Kedarsyun Rural Municipality,702 BAJHANG,702,7 Sudurpashchim Province,7,70209,1.0,0,0,0,0,0,0,0,0,0,0,1.0,0,0,0,1.0,2.0,0,0,3.0,1.0,0,0,0,0,0,0,0,0,0,0,1.0,0,2.0,2.0,1.0,1.0,2.0,1.0,0,0,3.0,2.0,0,0,0,0,0,0,0,0,0,0,0,0,0,0,0,0,0,0,0,0,0,0,0,0,0,0,0,0,0,0,0,1.0,0,0,0,0,0,0,2.0,0,0,1.0,0,0,0,0,0,0,0,0,0,0,0,0,0,0,0,0,0,0,0,0,0,0,0,0,0,0,0,0,0,0,0,0,0,0,0,3.0,2.0,1.0,0,1.0,0,2.0,0
wWZNcRGEiwS,60202 Chhayanath Rara Municipality,602 MUGU,602,6 Karnali Province,6,60202,0,0,0,12.0,0,6.0,0,0,0,0,1.0,0,0,0,0,0,0,0,0,0,0,0,0,0,0,0,0,0,0,0,0,0,0,0,0,0,0,0,0,0,0,0,0,0,0,0,0,0,1.0,0,0,0,0,0,0,0,0,0,0,0,0,0,0,0,0,0,0,0,0,0,0,0,0,0,0,0,0,0,0,0,0,0,0,0,0,0,0,0,0,0,0,0,0,0,0,0,0,0,0,0,0,0,0,0,0,0,0,0,0,0,0,0,0,0,0,0,0,0,0,0,0,0,3.0,0,0,0,0,0
RffL3O64yhC,11105 Shivasatakshi Municipality,111 JHAPA,111,1 Koshi Province,1,11105,0,0,0,0,0,0,0,0,0,0,0,0,0,0,0,0,0,0,0,0,0,0,0,0,0,0,0,0,0,0,0,0,0,0,0,0,0,0,0,0,0,1.0,0,0,0,0,0,0,0,0,0,0,0,0,0,0,0,0,0,0,0,0,0,0,0,0,0,0,0,0,0,0,0,0,0,0,0,0,0,0,0,0,0,0,0,0,0,0,0,0,0,0,0,0,0,0,0,0,0,0,0,0,0,0,0,0,0,0,0,0,0,0,0,0,0,0,0,0,0,0,0,0,0,0,0,1.0,0,0
WN5DP9gOQFW,70102 Gaumul Rural Municipality,701 BAJURA,701,7 Sudurpashchim Province,7,70102,0,0,0,0,1.0,0,0,0,0,0,0,0,0,0,0,0,0,1.0,0,0,0,0,0,0,0,0,0,0,0,0,0,5.0,0,0,0,0,0,2.0,0,0,0,1.0,0,0,0,0,0,0,0,0,0,0,0,0,0,0,0,0,0,0,0,0,0,0,0,0,0,0,0,0,0,0,0,0,2.0,0,0,0,0,0,0,0,0,0,0,0,0,0,0,0,0,0,0,0,0,0,0,0,0,0,0,1.0,0,0,0,0,0,0,0,0,0,0,0,0,0,0,0,0,0,0,0,1.0,0,0,0,0,0,8.0
yiATnGd1BVI,50304 Pyuthan Municipality,503 PYUTHAN,503,5 Lumbini Province,5,50304,0,0,2.0,0,0,1.0,0,0,0,0,3.0,0,0,1.0,0,0,0,0,0,0,10.0,4.0,2.0,0,0,0,0,0,0,0,0,0,0,0,0,0,4.0,0,2.0,0,0,0,0,0,0,0,0,0,0,0,0,0,0,0,2.0,0,0,0,0,0,0,0,0,0,0,1.0,0,0,0,0,0,0,0,0,0,0,0,0,0,0,0,0,0,0,6.0,0,0,0,0,0,0,0,0,0,0,0,0,0,0,0,0,0,0,0,0,0,0,0,0,0,0,0,0,0,0,0,0,1.0,0,0,8.0,0,0,0,0,0,50.0,6.0
BSlmdVvEkUs,11104 Kankai Municipality,111 JHAPA,111,1 Koshi Province,1,11104,0,0,0,0,0,0,29.0,34.0,26.0,33.0,63.0,0,0,0,0,0,11.0,38.0,7.0,13.0,29.0,0,0,0,0,0,0,0,25.0,18.0,15.0,8.0,0,0,0,0,0,0,24.0,30.0,36.0,31.0,39.0,0,0,0,0,0,0,23.0,14.0,14.0,6.0,10.0,0,0,0,0,0,3.0,3.0,5.0,2.0,0,0,0,0,0,0,0,27.0,18.0,19.0,24.0,44.0,0,0,0,0,0,8.0,24.0,11.0,25.0,16.0,0,0,0,0,0,0,5.0,1.0,4.0,3.0,0,0,0,0,0,0,8.0,12.0,5.0,8.0,7.0,0,0,0,0,0,0,3.0,2.0,1.0,0,1.0,0,0,0,0,0,23.0,25.0,28.0,37.0,74.0,0
P1b64auzuzc,30211 Lisankhu Pakhar Rural Municipality,302 SINDHUPALCHOK,302,3 Bagmati Province,3,30211,1.0,0,0,1.0,4.0,1.0,4.0,1.0,1.0,2.0,0,0,0,0,0,0,2.0,0,0,0,0,2.0,0,0,1.0,0,0,0,0,0,0,0,0,0,0,0,1.0,0,2.0,0,0,0,0,0,0,0,0,0,0,0,0,0,0,0,0,0,0,0,0,0,0,0,0,0,0,0,0,0,0,0,1.0,0,0,0,0,1.0,0,0,0,0,0,0,1.0,0,0,1.0,0,0,0,0,0,0,0,0,0,0,0,0,0,0,0,0,0,0,0,0,0,0,0,0,0,0,0,0,0,0,0,0,4.0,3.0,2.0,2.0,0,1.0,0,0,0,5.0
DDM7poCx1mp,30403 Ganga Jamuna Rural Municipality,304 DHADING,304,3 Bagmati Province,3,30403,1.0,2.0,6.0,0,3.0,6.0,2.0,4.0,9.0,2.0,4.0,2.0,1.0,4.0,7.0,3.0,6.0,1.0,2.0,0,4.0,1.0,3.0,0,0,0,2.0,1.0,0,0,0,0,0,3.0,6.0,9.0,2.0,5.0,3.0,12.0,4.0,2.0,4.0,3.0,0,1.0,0,0,1.0,0,0,8.0,0,0,0,0,0,0,0,0,0,0,0,37.0,0,2.0,2.0,1.0,1.0,1.0,1.0,6.0,2.0,3.0,2.0,0,0,1.0,3.0,0,1.0,1.0,2.0,1.0,4.0,1.0,0,0,0,0,2.0,0,0,1.0,0,0,0,0,0,0,0,1.0,0,0,0,0,0,0,0,0,0,0,0,0,0,0,0,2.0,2.0,2.0,3.0,3.0,0,4.0,10.0,3.0,6.0,15.0
dRTc5Zz5oSz,20217 Siraha Municipality,202 SIRAHA,202,2 Madhesh Province,2,20217,0,0,7.0,0,0,10.0,11.0,22.0,11.0,0,8.0,0,0,11.0,5.0,5.0,0,34.0,7.0,0,0,0,0,0,3.0,0,0,5.0,7.0,0,5.0,0,13.0,0,0,11.0,17.0,0,0,0,0,11.0,13.0,0,0,0,0,10.0,0,8.0,5.0,0,0,15.0,10.0,0,0,0,0,8.0,5.0,0,0,0,0,0,5.0,5.0,5.0,0,11.0,5.0,8.0,0,6.0,0,142.0,9.0,13.0,10.0,0,0,5.0,0,0,0,5.0,0,175.0,0,0,7.0,0,0,0,0,4.0,0,0,0,0,9.0,8.0,0,6.0,0,0,14.0,0,0,0,0,0,0,0,0,0,0,10.0,0,0,7.0,0,27.0,23.0,13.0,0,0
Cgi5CZddAvb,31101 Dudhouli Municipality,311 SINDHULI,311,3 Bagmati Province,3,31101,22.0,5.0,5.0,46.0,22.0,53.0,44.0,47.0,80.0,60.0,57.0,13.0,0,9.0,25.0,22.0,69.0,24.0,26.0,55.0,49.0,36.0,2.0,2.0,9.0,2.0,6.0,2.0,19.0,10.0,18.0,0,31.0,30.0,5.0,17.0,28.0,21.0,54.0,29.0,45.0,62.0,64.0,43.0,1.0,0,0,5.0,5.0,2.0,5.0,0,0,5.0,0,0,0,1.0,0,0,0,0,0,1.0,48.0,24.0,4.0,23.0,9.0,27.0,17.0,35.0,36.0,13.0,45.0,8.0,0,2.0,0,4.0,23.0,7.0,28.0,31.0,0,20.0,0,0,0,0,0,3.0,2.0,1.0,0,0,2.0,0,0,2.0,0,0,1.0,2.0,0,0,2.0,0,0,0,0,0,0,0,3.0,0,0,38.0,5.0,12.0,31.0,14.0,46.0,37.0,44.0,63.0,85.0,249.0
olbtbHw2fT8,60910 Kapurkot Rural Municipality,609 SALYAN,609,6 Karnali Province,6,60910,0,0,0,0,0,0,0,0,0,0,0,0,0,0,0,0,0,0,0,0,0,0,0,0,0,0,0,0,0,0,0,0,0,1.0,0,0,0,0,0,0,0,0,1.0,0,0,0,0,0,0,0,0,0,0,0,0,0,0,0,0,0,0,0,0,0,0,0,0,0,0,0,0,0,0,0,0,0,0,0,0,0,0,0,0,0,1.0,0,0,0,0,0,0,0,0,0,0,0,0,0,0,0,0,0,0,0,0,0,0,0,0,0,0,0,0,0,0,0,0,0,0,0,0,0,1.0,0,0,2.0,0,4.0
uYVGFFpDYBz,30301 Gosaikunda Rural Municipality,303 RASUWA,303,3 Bagmati Province,3,30301,2.0,6.0,0,0,0,0,1.0,0,1.0,0,1.0,5.0,0,0,0,0,0,4.0,0,2.0,0,0,0,0,0,1.0,0,0,0,1.0,0,0,0,4.0,1.0,0,0,0,0,1.0,3.0,1.0,0,0,0,0,0,0,0,0,0,0,0,0,0,0,0,0,0,0,0,0,0,0,2.0,0,1.0,0,0,0,0,0,0,0,7.0,0,0,0,0,0,0,0,1.0,0,4.0,0,0,0,0,0,0,0,0,0,0,0,0,0,0,0,0,0,0,0,0,0,0,0,0,0,0,0,0,0,0,0,0,2.0,0,0,1.0,1.0,0,0,3.0,0,0,6.0
c6YGJbse4zV,50411 Chhatrakot Rural Municipality,504 GULMI,504,5 Lumbini Province,5,50411,0,0,0,1.0,0,0,0,0,0,2.0,3.0,0,0,0,0,0,4.0,5.0,1.0,7.0,2.0,0,0,0,0,0,0,0,0,0,0,0,0,0,0,0,0,0,0,3.0,2.0,8.0,4.0,0,0,0,0,0,0,0,0,0,0,0,0,0,0,0,0,0,0,0,0,2.0,0,0,0,0,0,1.0,0,0,0,0,1.0,0,0,0,0,0,0,1.0,0,0,6.0,0,0,0,0,0,0,0,1.0,0,0,0,0,0,0,0,0,0,0,3.0,0,2.0,0,0,0,0,0,0,0,0,0,0,0,0,0,0,0,0,2.0,0,3.0,1.0,3.0,4.0
UCZF0J5XCSS,10308 Likhu Pike Rural Municipality,103 SOLUKHUMBU,103,1 Koshi Province,1,10308,0,0,0,0,0,0,0,3.0,0,0,0,0,0,0,0,0,0,1.0,0,0,0,0,0,0,0,0,0,0,0,0,0,0,0,0,0,0,0,0,0,0,0,0,0,0,0,0,0,0,0,0,0,0,0,0,0,0,0,0,0,0,0,0,0,0,0,0,0,0,0,0,0,0,0,0,1.0,1.0,0,0,0,0,0,0,0,0,0,1.0,0,0,0,0,0,4.0,0,0,0,0,0,0,0,0,0,0,0,0,0,0,4.0,0,0,0,0,0,0,0,0,0,0,4.0,0,0,0,0,1.0,0,0,0,0,5.0
WRKcqzZHRdg,70813 Dhangadhi Sub-Metropolitan City,708 KAILALI,708,7 Sudurpashchim Province,7,70813,0,0,2.0,0,0,0,0,2.0,0,0,0,0,0,0,0,3.0,0,0,0,6.0,0,0,2.0,0,0,0,0,0,0,0,0,0,0,0,0,0,0,0,0,0,0,2.0,0,0,0,0,0,0,0,0,0,0,0,0,1.0,0,0,0,0,0,0,0,0,0,0,0,0,0,0,0,0,0,0,0,2.0,0,0,0,0,2.0,0,0,0,53.0,0,0,0,0,0,0,0,0,0,0,0,6.0,0,0,0,0,0,0,0,0,0,0,0,0,0,0,0,0,0,0,0,0,0,0,0,0,0,0,0,0,0,2.0,4.0,0
RfHnzEUDdXD,50405 Isma Rural Municipality,504 GULMI,504,5 Lumbini Province,5,50405,1.0,0,0,0,0,0,0,2.0,0,0,0,0,0,0,0,0,1.0,1.0,0,0,0,0,0,0,0,0,0,0,0,0,0,0,0,0,0,0,0,0,0,2.0,0,0,0,0,0,0,0,0,0,0,0,0,0,0,0,0,0,0,0,0,0,0,0,1.0,1.0,0,0,4.0,0,0,0,0,0,0,0,0,0,0,0,0,0,0,0,0,0,0,0,0,0,0,0,0,0,0,0,0,0,0,0,0,0,0,0,0,0,0,0,0,0,0,0,0,0,0,0,0,0,0,0,0,0,1.0,0,0,0,0,0,0
xTWW1v7S7qX,70908 Belouri Municipality,709 KANCHANPUR,709,7 Sudurpashchim Province,7,70908,11.0,0,0,11.0,5.0,9.0,16.0,5.0,6.0,27.0,21.0,0,0,0,0,0,8.0,15.0,5.0,12.0,7.0,6.0,0,0,0,0,0,4.0,0,0,0,8.0,3.0,0,0,8.0,9.0,0,0,6.0,10.0,0,10.0,11.0,0,0,0,0,0,0,0,2.0,0,0,0,0,0,0,0,1.0,6.0,0,0,0,6.0,1.0,0,7.0,2.0,8.0,0,0,0,8.0,6.0,0,0,0,1.0,0,0,7.0,0,1.0,4.0,8.0,0,0,0,0,0,0,0,0,0,0,0,0,0,0,0,0,0,0,0,0,7.0,0,0,0,0,1.0,0,0,0,0,1.0,2.0,0,0,9.0,5.0,0,15.0,5.0,14.0,6.0,60.0
xB2Gembbr72,60108 Chharka Tangsong Rural Municipality,601 DOLPA,601,6 Karnali Province,6,60108,0,0,0,0,0,0,0,0,0,0,0,0,0,0,0,0,0,0,0,0,0,0,0,0,0,10.0,0,0,0,0,0,0,0,0,0,0,0,0,0,0,0,0,0,0,0,0,0,0,0,0,0,0,0,0,0,0,0,0,0,0,0,0,0,0,0,0,0,0,0,0,0,0,0,0,0,0,0,0,0,0,0,0,0,0,0,0,0,0,0,0,0,0,0,0,0,0,0,0,0,0,0,0,0,0,0,0,0,0,0,0,0,0,0,0,0,0,0,0,0,0,0,0,0,0,0,0,0,0
UojUnRoexxf,30508 Belkotgadhi Municipality,305 NUWAKOT,305,3 Bagmati Province,3,30508,0,0,0,0,0,0,0,0,0,0,1.0,0,0,0,0,0,0,0,0,0,0,0,0,0,0,0,0,0,0,0,0,0,0,0,0,0,1.0,0,0,0,0,0,0,1.0,0,0,0,0,0,0,0,0,0,0,0,0,0,0,0,0,0,0,0,0,0,0,0,0,0,0,0,0,0,0,0,0,0,0,0,0,1.0,0,0,0,1.0,0,0,0,0,0,0,0,0,0,0,0,0,0,0,0,0,0,0,0,0,0,1.0,0,0,0,0,0,0,0,0,0,0,0,1.0,0,0,0,0,0,1.0,0,0,2.0
A50ckSZAOpX,31106 Sunkoshi Rural Municipality,311 SINDHULI,311,3 Bagmati Province,3,31106,0,0,3.0,0,1.0,1.0,0,0,0,1.0,1.0,0,1.0,0,0,0,0,0,0,0,1.0,0,0,0,0,0,0,0,0,0,0,0,0,0,4.0,1.0,0,0,0,0,2.0,1.0,0,0,0,0,0,0,0,0,0,0,0,0,0,0,0,0,0,0,0,0,0,0,0,0,0,2.0,0,0,0,0,0,0,0,0,4.0,0,0,0,0,0,0,0,0,0,0,0,0,0,0,0,0,0,0,0,0,0,0,0,0,0,0,0,0,0,0,0,0,0,0,0,0,0,0,0,0,2.0,7.0,1.0,1.0,0,0,0,0,0,2.0,2.0
aTs11VMpZhZ,50306 Mandavi Rural Municipality,503 PYUTHAN,503,5 Lumbini Province,5,50306,0,1.0,0,0,0,0,0,0,1.0,0,0,0,0,0,0,0,0,0,0,0,0,0,0,0,0,0,0,0,0,0,0,0,0,0,0,1.0,0,0,0,0,0,0,0,0,0,0,0,0,0,0,0,0,0,0,0,0,0,0,0,0,0,0,0,0,0,0,0,0,0,0,0,0,0,0,0,0,0,0,0,0,0,0,0,0,0,0,0,0,0,0,0,0,0,0,0,0,0,0,0,0,0,0,0,0,0,0,0,0,0,0,0,0,0,0,0,0,0,0,2.0,0,0,0,0,0,0,0,0,0
VDTm4XjVDkr,60105 Tripurasundari Municipality,601 DOLPA,601,6 Karnali Province,6,60105,0,0,0,0,0,0,0,0,0,0,0,0,0,0,0,0,0,0,0,0,0,0,0,0,0,0,0,0,0,0,0,0,0,0,0,1.0,0,0,0,0,0,0,0,0,1.0,0,0,0,0,0,0,0,0,0,0,0,0,0,0,0,0,0,0,0,0,0,0,0,0,0,0,0,0,0,0,0,0,0,0,0,0,0,0,0,0,0,0,0,0,0,0,0,0,0,0,0,0,0,0,0,0,0,0,0,0,0,0,0,0,0,0,0,0,0,0,0,0,0,0,0,0,0,0,0,0,0,0,0
JaUBuct5QVT,11109 Gauriganj Rural Municipality,111 JHAPA,111,1 Koshi Province,1,11109,0,0,0,0,0,0,0,0,0,0,0,0,0,0,0,0,0,0,0,0,0,0,0,0,0,0,0,0,0,0,0,0,0,0,0,0,0,0,0,2.0,0,0,0,0,0,0,0,0,0,0,0,0,0,0,0,0,0,0,0,0,0,0,0,0,0,0,0,0,0,0,0,0,0,0,0,0,0,0,0,0,0,0,0,0,0,0,0,0,0,0,0,0,0,0,0,0,0,0,0,0,0,0,0,0,0,0,0,0,0,0,0,0,0,0,0,0,0,0,0,0,0,0,0,0,0,0,0,0
kNVwRd9KUhN,70603 Aadarsha Rural Municipality,706 DOTI,706,7 Sudurpashchim Province,7,70603,0,0,1.0,0,0,0,0,0,0,0,0,0,0,0,0,0,0,0,0,0,0,0,0,0,0,0,0,0,0,0,0,0,0,0,0,2.0,0,0,0,0,0,0,0,0,0,0,0,2.0,0,0,0,0,0,0,0,0,0,0,0,0,0,0,0,0,0,0,0,0,0,0,0,0,0,0,0,0,0,0,0,0,0,0,0,0,0,0,0,0,0,0,0,0,0,0,0,0,0,0,0,0,0,0,0,0,0,0,0,0,0,0,0,0,0,0,0,0,0,0,0,0,0,0,0,0,0,0,0,0
xAsNu4wwdwe,31201 Indrasarowar Rural Municipality,312 MAKWANPUR,312,3 Bagmati Province,3,31201,0,0,3.0,0,0,0,1.0,0,0,0,0,0,0,1.0,0,0,0,0,0,0,1.0,0,0,0,0,0,0,0,0,0,0,0,0,0,2.0,1.0,1.0,0,0,0,0,0,0,0,0,0,0,0,0,0,0,0,0,0,0,0,0,0,0,0,0,17.0,0,0,0,0,0,0,0,0,2.0,0,0,0,0,0,0,0,0,0,1.0,0,0,0,0,0,0,0,0,0,0,0,0,0,0,0,0,0,0,0,0,0,0,0,0,0,4.0,0,0,0,0,0,0,0,0,0,0,0,1.0,0,0,0,0,0,0,0,0,4.0
tzwC5guXi9i,40904 Arjun Choupari Rural Municipality,409 SYANGJA,409,4 Gandaki Province,4,40904,0,0,0,2.0,1.0,0,0,0,0,0,2.0,1.0,1.0,0,0,0,0,1.0,0,0,0,1.0,0,0,0,0,0,0,0,0,0,0,0,0,0,0,1.0,0,0,1.0,0,0,0,1.0,0,0,0,0,0,0,0,0,0,0,0,0,0,0,0,0,0,0,0,0,0,0,0,0,0,1.0,0,0,0,0,1.0,0,0,0,0,0,0,1.0,0,0,1.0,1.0,0,0,0,0,0,0,0,0,0,0,0,0,0,0,0,0,0,0,0,0,0,0,0,0,0,0,0,0,0,0,0,5.0,0,0,3.0,0,1.0,0,0,1.0,0,7.0
dbU0Qrz64BG,10504 Halesi Tuwachung Municipality,105 KHOTANG,105,1 Koshi Province,1,10504,0,1.0,0,1.0,1.0,0,0,1.0,2.0,2.0,0,0,2.0,0,0,0,0,0,0,0,1.0,0,0,0,0,0,0,0,0,0,0,0,0,0,0,0,0,3.0,1.0,1.0,5.0,0,0,2.0,0,0,0,0,0,0,0,0,0,0,0,0,0,0,0,0,0,0,3.0,0,0,0,0,0,0,0,0,0,0,0,0,0,0,0,0,0,0,0,2.0,0,0,0,0,0,0,0,0,0,0,0,0,0,0,0,0,0,0,0,0,0,0,0,0,0,0,0,0,0,0,0,0,0,0,0,0,0,1.0,0,0,1.0,1.0,1.0,0,2.0
FW7FzPv4KXM,60703 Junichande Rural Municipality,607 JAJARKOT,607,6 Karnali Province,6,60703,0,0,0,0,0,0,0,0,0,0,0,0,0,0,0,0,0,0,0,0,0,0,0,0,0,0,0,0,0,0,0,0,0,0,0,0,0,0,54.0,2.0,2.0,0,0,0,1.0,0,0,0,0,0,0,0,0,0,0,0,0,0,0,0,0,0,0,0,0,0,0,0,0,0,0,0,0,0,0,0,0,0,0,0,0,0,0,0,0,0,0,0,0,0,0,0,0,0,0,0,0,0,0,0,0,0,0,0,0,0,0,0,0,0,0,0,0,0,0,0,0,0,0,0,0,0,0,0,0,0,2.0,0
h0biFY8WQEK,40402 Raghuganga Rural Municipality,404 MYAGDI,404,4 Gandaki Province,4,40402,0,1.0,1.0,0,1.0,1.0,1.0,1.0,0,2.0,1.0,0,0,0,1.0,2.0,2.0,0,0,0,2.0,0,0,0,0,0,0,0,0,0,0,0,0,0,3.0,3.0,1.0,1.0,2.0,0,2.0,1.0,1.0,1.0,0,0,0,0,0,0,0,0,0,0,0,0,0,0,0,0,0,0,0,0,1.0,0,0,2.0,0,0,0,1.0,0,0,1.0,0,0,0,0,2.0,0,1.0,1.0,0,2.0,0,0,0,0,0,0,0,0,0,0,0,0,0,0,0,0,0,0,0,0,0,0,0,0,0,0,0,0,0,0,0,0,0,1.0,0,3.0,3.0,1.0,2.0,0,0,2.0,1.0
J8Rvhw4Whks,70504 Bhageshwor Rural Municipality,705 DADELDHURA,705,7 Sudurpashchim Province,7,70504,0,0,0,0,0,2.0,0,0,0,0,0,0,0,0,0,0,0,0,0,0,0,0,0,0,0,0,0,0,0,0,0,0,0,0,0,0,0,0,0,0,0,0,0,0,0,0,0,0,0,0,0,0,0,0,0,0,0,0,0,0,0,0,0,0,0,0,0,0,0,0,0,0,0,0,0,0,0,0,0,0,0,0,0,0,1.0,0,0,0,0,0,0,0,0,0,0,0,0,0,0,0,0,0,0,0,0,0,0,0,0,0,0,0,0,0,0,0,0,0,0,0,0,0,0,1.0,0,0,0,0
xLz1yz1FdED,50301 Gaumukhi Rural Municipality,503 PYUTHAN,503,5 Lumbini Province,5,50301,0,2.0,0,2.0,3.0,0,2.0,1.0,0,3.0,0,0,0,0,0,0,1.0,0,0,1.0,0,0,0,0,0,0,0,1.0,0,0,0,0,0,0,0,0,0,1.0,0,1.0,2.0,0,2.0,2.0,0,0,0,0,0,0,0,0,0,0,0,0,0,0,0,0,0,0,0,0,0,0,0,1.0,1.0,0,0,0,0,0,0,0,0,0,0,0,2.0,0,0,0,2.0,0,0,0,0,0,0,0,0,0,0,0,0,0,0,0,0,0,0,0,0,0,0,0,0,0,0,0,0,0,0,0,0,1.0,2.0,1.0,1.0,2.0,2.0,1.0,1.0,3.0,0,2.0
ZIC2hFywSyU,51205 Rajapur Municipality,512 BARDIYA,512,5 Lumbini Province,5,51205,0,0,0,0,0,0,0,1.0,0,0,0,0,0,0,0,0,0,13.0,0,0,1.0,0,0,0,0,0,0,0,0,1.0,0,0,0,0,0,0,0,0,0,0,1.0,0,0,0,0,0,0,0,0,0,0,0,0,0,0,0,0,0,0,0,0,0,0,0,0,0,0,0,0,0,0,1.0,0,0,0,0,0,0,0,0,0,0,0,0,0,0,0,0,0,0,0,0,0,0,0,0,0,0,0,0,0,0,0,0,0,0,0,0,0,0,0,0,0,0,0,0,0,0,0,0,0,0,0,0,3.0,0,0,0
xJXQ3lrI3QE,70810 Tikapur Municipality,708 KAILALI,708,7 Sudurpashchim Province,7,70810,13.0,16.0,0,0,0,0,0,0,0,0,0,8.0,12.0,0,0,0,0,0,0,0,0,0,12.0,3.0,28.0,0,0,0,0,0,0,0,0,39.0,36.0,0,0,0,0,0,0,0,0,0,0,1.0,0,0,0,0,0,0,0,0,0,0,0,0,0,0,0,0,0,0,18.0,5.0,16.0,0,0,0,0,0,0,0,0,2.0,18.0,0,0,0,0,0,0,0,0,0,0,1.0,12.0,0,0,0,0,0,0,0,0,3.0,1.0,0,0,0,0,0,0,0,0,0,0,0,0,0,0,0,0,0,0,50.0,43.0,0,0,0,0,0,0,0,0,0
FJI9kFuS86i,10201 Bhotkhola Rural Municipality,102 SANKHUWASABHA,102,1 Koshi Province,1,10201,1.0,1.0,4.0,1.0,2.0,0,1.0,0,1.0,1.0,1.0,0,0,0,1.0,0,1.0,1.0,4.0,1.0,1.0,0,2.0,1.0,7.0,0,0,1.0,0,1.0,1.0,2.0,0,4.0,2.0,0,2.0,0,1.0,1.0,0,1.0,0,1.0,0,0,0,0,1.0,0,0,0,0,1.0,0,0,0,0,0,0,0,0,0,0,0,1.0,2.0,0,1.0,0,2.0,0,3.0,0,0,0,1.0,2.0,0,0,1.0,1.0,0,1.0,1.0,0,0,0,0,0,0,0,0,0,0,0,0,0,0,0,0,0,0,0,0,0,0,0,0,0,0,0,0,0,0,0,0,3.0,1.0,0,0,1.0,3.0,4.0,1.0,7.0,4.0,3.0
H4ZqWgyw5qJ,20204 Mirchaiya Municipality,202 SIRAHA,202,2 Madhesh Province,2,20204,0,0,0,0,0,0,0,0,0,0,0,0,0,0,0,0,0,0,0,0,0,0,0,0,0,0,0,0,0,0,0,0,0,0,0,0,0,0,0,0,0,0,0,0,0,0,0,0,0,0,0,0,0,0,0,0,0,0,0,0,0,0,0,0,0,0,0,0,0,0,0,0,0,0,0,0,0,0,0,0,0,0,0,0,0,0,0,0,0,0,0,0,0,0,0,0,0,0,0,0,3.0,0,0,0,0,0,0,0,0,0,0,0,0,0,0,0,0,0,0,0,0,0,0,0,0,0,0,0
H8GitWxvHbU,30505 Kispang Rural Municipality,305 NUWAKOT,305,3 Bagmati Province,3,30505,0,0,0,0,0,0,1.0,1.0,0,1.0,1.0,0,0,0,0,0,1.0,1.0,0,0,0,0,0,0,0,0,0,0,1.0,0,0,0,0,1.0,0,0,0,1.0,1.0,0,1.0,1.0,1.0,0,0,0,0,0,0,0,0,0,0,0,0,0,0,0,0,0,0,0,0,0,0,0,0,0,0,1.0,2.0,0,0,0,0,0,0,0,0,0,0,0,0,0,0,0,0,0,0,0,0,0,0,0,0,0,0,0,0,0,0,0,0,0,0,0,0,0,0,0,0,0,0,0,0,0,0,1.0,1.0,0,2.0,5.0,1.0,0,0,0,1.0,2.0
UXz6AH8q6LY,10508 Khotehang Rural Municipality,105 KHOTANG,105,1 Koshi Province,1,10508,1.0,0,0,0,0,0,0,0,0,1.0,3.0,0,0,0,0,0,3.0,1.0,0,0,2.0,0,0,0,2.0,0,0,0,0,0,0,0,0,0,0,0,0,0,0,0,1.0,2.0,2.0,1.0,0,0,0,0,0,0,0,0,0,0,0,0,0,0,0,0,0,0,0,0,0,0,1.0,0,0,0,0,0,0,1.0,0,0,0,1.0,0,0,0,0,0,0,0,0,0,0,0,0,0,0,0,0,0,0,0,0,0,0,0,0,0,15.0,0,0,0,0,0,0,0,0,0,0,0,0,0,0,0,0,0,0,0,0,0,0,2.0,3.0
rtxWESQcq0T,60104 Mudkechula Rural Municipality,601 DOLPA,601,6 Karnali Province,6,60104,0,0,0,0,0,0,0,0,0,0,0,0,0,0,0,0,0,0,0,0,0,0,0,0,0,0,0,0,0,0,0,0,0,0,0,0,0,0,0,0,1.0,0,0,0,0,0,0,0,0,0,0,0,0,0,0,0,0,0,0,0,0,0,0,0,0,0,0,0,0,0,0,0,0,0,0,0,0,0,0,0,0,0,0,0,0,0,0,0,0,0,0,0,0,0,0,0,0,0,0,0,0,0,0,0,0,0,0,0,0,0,0,0,0,0,0,0,0,0,0,0,0,0,0,0,0,0,0,0
XFE1qeAnWfW,41103 Tarakhola Rural Municipality,411 BAGLUNG,411,4 Gandaki Province,4,41103,1.0,1.0,0,2.0,2.0,0,1.0,1.0,0,5.0,2.0,0,2.0,0,1.0,0,0,3.0,2.0,2.0,0,1.0,0,0,0,0,0,0,2.0,0,0,0,0,0,0,1.0,1.0,1.0,1.0,1.0,5.0,4.0,0,0,0,0,0,0,0,18.0,0,0,0,0,0,0,0,0,0,0,0,0,0,0,0,1.0,1.0,0,0,2.0,1.0,1.0,0,0,0,0,0,0,1.0,0,1.0,0,0,0,0,0,0,0,0,0,0,0,0,0,0,0,0,0,0,0,0,0,0,0,0,0,0,0,0,0,0,0,0,0,0,0,0,0,1.0,4.0,0,0,1.0,2.0,0,0,5.0,7.0
zGGY6Sw9Uuw,10105 Aatharai Tribeni Rural Municipality,101 TAPLEJUNG,101,1 Koshi Province,1,10105,0,1.0,3.0,0,0,0,0,0,0,0,0,0,0,2.0,0,0,1.0,0,0,0,0,1.0,0,0,0,3.0,0,0,0,0,0,0,0,0,0,1.0,0,2.0,0,3.0,0,0,1.0,0,0,0,0,0,0,0,0,0,0,0,0,0,0,0,0,0,0,0,0,0,0,1.0,0,0,0,0,0,0,0,0,0,0,0,0,0,0,0,0,0,0,0,2.0,0,0,0,0,0,0,0,0,0,0,0,0,0,0,0,0,0,0,0,0,0,0,0,0,0,0,0,0,0,0,0,0,1.0,5.0,0,0,0,0,1.0,1.0,0,3.0
wFTDjO00OIR,10502 Aiselukharka Rural Municipality,105 KHOTANG,105,1 Koshi Province,1,10502,1.0,1.0,0,1.0,2.0,0,3.0,2.0,3.0,1.0,0,0,0,2.0,0,0,2.0,0,1.0,2.0,3.0,1.0,0,0,2.0,0,1.0,1.0,0,0,0,0,0,0,1.0,3.0,3.0,0,0,0,0,3.0,3.0,0,0,0,0,0,0,0,0,0,0,0,0,0,0,0,0,0,0,0,0,0,0,1.0,1.0,1.0,0,0,2.0,0,0,2.0,3.0,0,0,0,0,0,1.0,1.0,0,0,3.0,1.0,0,0,0,0,0,0,0,0,0,0,0,0,0,0,0,0,0,0,0,0,0,0,0,0,0,0,0,0,0,0,0,1.0,0,1.0,1.0,2.0,2.0,1.0,0,2.0,5.0,12.0
EJ6VZgN3gyN,30702 Bhaktapur Municipality,307 BHAKTAPUR,307,3 Bagmati Province,3,30702,0,0,0,0,1.0,0,0,0,0,1.0,0,0,0,0,0,0,0,0,0,0,0,0,2.0,0,0,0,0,0,0,0,0,0,1.0,0,0,0,0,0,0,0,2.0,1.0,1.0,3.0,0,2.0,0,0,0,0,2.0,0,0,0,0,0,0,0,0,0,0,0,0,0,0,2.0,0,0,0,0,0,0,0,0,0,0,0,0,0,0,0,0,0,0,0,0,0,0,0,0,0,0,0,0,0,0,0,0,0,0,0,0,2.0,0,0,0,1.0,0,0,0,0,0,0,0,0,0,0,0,0,0,0,0,0,2.0,1.0,2.0,1.0,8.0
f7uYPBZIlpR,50605 Tansen Municipality,506 PALPA,506,5 Lumbini Province,5,50605,28.0,32.0,38.0,41.0,32.0,17.0,42.0,43.0,0,44.0,36.0,28.0,37.0,39.0,35.0,32.0,42.0,42.0,0,53.0,65.0,41.0,8.0,3.0,6.0,5.0,16.0,11.0,3.0,18.0,0,5.0,4.0,59.0,57.0,43.0,37.0,47.0,31.0,40.0,0,67.0,76.0,53.0,2.0,1.0,3.0,7.0,2.0,3.0,8.0,0,4.0,3.0,1.0,0,1.0,15.0,2.0,2.0,3.0,0,0,1.0,32.0,22.0,20.0,28.0,26.0,0,25.0,25.0,0,27.0,23.0,5.0,16.0,32.0,12.0,20.0,18.0,19.0,60.0,22.0,19.0,23.0,0,0,1.0,1.0,0,0,1.0,0,0,0,2.0,1.0,0,0,0,0,2.0,0,3.0,3.0,3.0,1.0,1.0,3.0,0,2.0,0,0,0,0,0,46.0,46.0,36.0,30.0,54.0,26.0,44.0,0,67.0,45.0,226.0
FBtbgRuKWDU,10802 Phedap Rural Municipality,108 TERHATHUM,108,1 Koshi Province,1,10802,1.0,1.0,1.0,1.0,0,0,0,0,6.0,4.0,0,0,1.0,0,5.0,0,0,0,0,0,0,0,0,0,0,0,0,1.0,0,0,0,0,0,0,0,5.0,0,4.0,1.0,0,0,0,0,0,0,0,0,0,0,0,0,0,0,0,0,0,0,0,0,0,0,0,0,0,0,2.0,1.0,0,1.0,1.0,0,1.0,0,0,0,0,0,0,0,0,1.0,1.0,0,0,0,0,0,0,0,0,0,0,0,0,0,0,0,0,0,0,0,0,0,0,0,0,0,0,0,0,0,0,2.0,0,0,0,0,0,0,0,2.0,1.0,1.0,1.0,2.0,1.0,0,0
ifypJag1NZc,20305 Chhireshwornath Municipality,203 DHANUSA,203,2 Madhesh Province,2,20305,0,0,0,0,0,0,0,0,0,0,0,0,0,0,0,0,0,0,0,0,0,2.0,0,0,0,0,0,0,0,0,0,0,0,0,0,0,0,0,0,0,0,0,0,0,0,0,0,0,0,0,0,0,0,0,0,0,0,0,0,0,0,0,0,0,0,0,0,0,0,0,0,0,0,0,0,0,0,0,0,0,0,0,0,0,0,0,0,0,0,0,0,0,0,0,0,0,0,0,0,0,0,0,0,0,0,0,0,0,0,0,0,0,0,0,0,0,0,0,0,0,0,0,0,6.0,0,0,0,2.0
iEXW2lBlpe5,31107 Ghyanglekha Rural Municipality,311 SINDHULI,311,3 Bagmati Province,3,31107,0,0,0,0,0,0,0,0,0,0,1.0,0,0,0,0,0,0,0,0,2.0,0,0,0,0,0,0,0,0,0,0,0,0,0,0,0,0,0,0,0,0,0,1.0,1.0,0,0,0,0,0,0,0,0,0,0,0,0,0,0,0,0,0,0,0,0,0,0,0,0,0,0,0,0,0,0,0,2.0,0,0,0,0,0,0,0,0,0,0,2.0,0,0,0,0,0,0,0,0,0,0,0,0,0,0,0,0,0,0,0,0,0,0,0,0,0,0,0,0,0,0,0,0,0,0,0,0,0,0,0,0,0,2.0
wgiDXt162Wl,30210 Tripurasundari Rural Municipality,302 SINDHUPALCHOK,302,3 Bagmati Province,3,30210,3.0,2.0,1.0,1.0,1.0,0,0,0,1.0,1.0,0,0,1.0,0,0,1.0,0,0,0,0,0,0,0,0,0,0,0,0,0,0,0,0,0,2.0,1.0,2.0,0,0,0,0,0,1.0,2.0,0,0,0,0,0,0,0,0,0,0,0,0,0,0,0,0,0,0,0,0,0,0,0,0,0,0,0,0,0,0,0,0,0,0,0,0,0,0,0,0,0,0,0,0,0,0,0,0,0,0,0,0,0,0,0,0,0,0,0,0,0,0,0,0,0,0,0,0,0,0,0,0,0,0,4.0,0,3.0,2.0,3.0,1.0,0,0,0,0,0
rB8R9ZD7Ygz,20502 Hariwan Municipality,205 SARLAHI,205,2 Madhesh Province,2,20502,0,0,0,0,0,0,0,0,0,0,0,0,0,0,0,0,0,0,0,0,0,0,0,0,0,0,0,0,0,0,0,0,0,0,0,0,0,0,0,0,0,0,0,0,0,18.0,0,0,0,0,0,0,0,0,0,0,0,0,0,0,0,0,0,0,0,0,4.0,0,0,0,0,0,0,0,0,0,0,0,0,0,0,0,0,0,0,0,0,0,0,0,0,0,0,0,0,0,0,0,0,0,0,0,0,0,0,0,0,0,0,0,0,0,0,0,0,0,0,0,0,0,0,0,0,0,0,0,0,0
Kkw5qzJDbaB,30504 Bidur Municipality,305 NUWAKOT,305,3 Bagmati Province,3,30504,0,3.0,3.0,3.0,0,5.0,0,1.0,0,0,0,4.0,0,4.0,0,0,1.0,1.0,0,0,0,2.0,0,0,2.0,0,0,1.0,3.0,0,0,0,0,4.0,1.0,3.0,1.0,2.0,1.0,8.0,1.0,0,0,1.0,0,0,0,0,0,0,0,0,0,0,3.0,0,0,0,0,0,0,0,0,0,0,8.0,0,0,0,1.0,0,0,0,0,0,0,0,0,0,0,0,0,0,0,0,2.0,0,0,0,0,0,0,0,0,0,0,0,0,0,0,0,0,0,0,0,0,0,2.0,0,0,0,0,0,0,0,0,0,5.0,1.0,6.0,0,11.0,1.0,9.0,2.0,2.0,0,7.0
q92qiDR9n1u,70506 Aalital Rural Municipality,705 DADELDHURA,705,7 Sudurpashchim Province,7,70506,0,0,0,0,0,0,0,0,0,0,0,0,0,0,0,0,0,0,0,0,0,0,0,0,0,0,0,0,0,0,0,0,0,0,0,0,0,0,0,0,0,0,0,0,0,0,0,0,0,0,0,0,0,0,0,0,0,0,0,0,0,0,0,0,0,0,0,0,0,0,0,0,0,0,1.0,0,0,0,0,0,0,0,0,0,0,0,0,0,0,0,0,0,0,0,0,0,0,0,0,0,0,0,0,0,0,0,0,0,0,0,0,0,0,0,0,0,0,0,0,0,0,0,0,0,0,0,0,0
Y86rNPKnw2a,20811 Dhobini Rural Municipality,208 PARSA,208,2 Madhesh Province,2,20811,0,0,2.0,0,0,0,0,0,0,0,0,0,0,0,0,0,0,3.0,0,0,0,0,0,0,0,0,0,0,0,0,0,0,0,0,0,2.0,0,0,0,0,0,0,0,0,0,0,0,0,0,0,0,0,0,0,0,0,0,0,0,0,0,0,0,0,0,0,0,1.0,0,0,0,0,0,0,0,0,0,0,0,0,0,0,0,0,0,0,0,0,0,0,0,0,0,0,0,0,0,0,0,0,0,0,0,0,0,0,0,0,0,0,1.0,0,0,0,0,0,0,0,0,0,0,0,0,0,0,0,0,0
Jlabga4mmIy,40502 Machhapuchchhre Rural Municipality,405 KASKI,405,4 Gandaki Province,4,40502,0,0,1.0,2.0,3.0,1.0,6.0,2.0,6.0,2.0,2.0,1.0,1.0,0,0,2.0,3.0,0,2.0,1.0,1.0,2.0,2.0,0,1.0,0,0,1.0,0,1.0,0,2.0,0,0,0,1.0,0,1.0,7.0,1.0,2.0,0,1.0,0,0,0,0,0,1.0,0,0,0,0,0,0,1.0,0,0,0,0,0,0,0,0,0,1.0,2.0,0,1.0,1.0,1.0,0,0,0,0,0,0,0,0,0,0,0,0,0,0,1.0,0,0,0,0,0,0,1.0,0,0,0,0,0,0,0,0,0,0,0,0,0,0,0,0,1.0,0,0,0,0,0,0,0,6.0,3.0,1.0,3.0,1.0,2.0,2.0,4.0,5.0,3.0,3.0
l6h4020yfj1,10507 Diprung Chuichumma Rural Municipality,105 KHOTANG,105,1 Koshi Province,1,10507,1.0,0,0,1.0,1.0,0,0,0,0,2.0,0,2.0,0,0,3.0,1.0,0,0,0,0,0,0,0,0,0,1.0,0,0,0,0,0,0,0,0,0,1.0,2.0,1.0,0,0,0,0,0,0,0,0,0,1.0,0,0,0,0,0,0,0,0,1.0,1.0,0,0,0,0,0,0,1.0,0,0,1.0,0,1.0,0,0,0,0,2.0,0,0,0,0,1.0,0,0,0,0,1.0,0,0,0,0,0,0,0,0,0,0,0,0,0,0,0,0,0,0,0,1.0,0,0,0,0,0,0,1.0,0,0,0,0,0,0,0,0,1.0,0,1.0,0,0,0,0,0
TqihpDvXRdJ,20605 Brindaban Municipality,206 RAUTAHAT,206,2 Madhesh Province,2,20605,1.0,0,0,0,0,0,0,0,0,0,0,0,0,0,0,0,0,0,0,0,0,0,0,0,0,0,0,0,0,0,0,0,0,0,0,0,0,0,0,0,0,0,0,0,0,0,0,0,0,0,0,0,0,0,0,0,0,0,0,0,0,0,0,0,0,0,0,0,0,0,0,0,0,0,0,0,0,0,0,0,0,0,0,0,0,0,0,0,0,0,0,0,0,0,0,0,0,0,0,0,1.0,0,0,0,0,0,0,0,0,0,0,0,0,0,0,0,0,0,0,0,0,0,0,0,0,0,0,0
RW1bIabPbfE,20307 Mithila Bihari Municipality,203 DHANUSA,203,2 Madhesh Province,2,20307,0,0,0,0,0,0,0,0,0,0,0,0,0,0,0,0,0,0,0,0,0,0,0,0,0,0,0,0,0,0,0,0,0,0,0,0,0,0,0,0,0,0,0,0,0,0,0,0,0,1.0,0,0,0,0,0,0,0,0,0,0,0,0,0,0,0,0,0,0,0,0,0,0,0,0,0,0,0,0,0,0,0,0,0,0,0,0,0,0,0,0,0,0,0,0,0,0,0,0,0,0,0,0,0,0,0,0,0,0,0,0,0,0,0,0,0,0,0,0,0,0,0,0,0,0,0,0,0,0
TOA9PlmWliy,40804 Hupsekot Rural Municipality,408 NAWALPARASI EAST,408,4 Gandaki Province,4,40804,0,0,0,0,0,0,0,1.0,0,0,0,0,0,0,0,0,0,0,0,0,0,0,0,0,0,0,0,0,0,0,0,0,0,0,0,0,0,0,0,0,0,0,0,0,0,0,0,0,0,0,0,0,0,0,0,0,0,0,0,0,0,0,0,0,0,0,0,0,0,0,0,0,0,0,0,0,0,0,0,2.0,0,0,0,0,0,0,0,0,0,0,0,0,0,0,0,0,0,0,0,0,0,0,0,0,0,0,0,0,0,0,0,0,0,0,0,0,0,0,0,0,0,0,1.0,0,0,0,0,0
E0BEzyhd8WB,20516 Balara Municipality,205 SARLAHI,205,2 Madhesh Province,2,20516,0,0,0,0,0,0,0,0,0,0,0,0,0,0,0,0,0,0,4.0,0,0,0,2.0,0,0,0,2.0,0,0,0,0,0,0,0,0,0,0,0,0,0,0,0,0,1.0,0,0,0,1.0,0,0,0,0,0,0,0,0,0,0,0,0,0,0,0,0,1.0,0,0,0,0,0,0,0,0,0,0,0,0,0,0,0,0,0,0,0,0,0,0,0,0,0,0,0,0,0,0,0,0,0,0,0,0,0,0,0,0,0,0,0,0,0,1.0,0,0,0,0,0,0,0,0,0,0,0,0,0,0,0,0,1.0
tzmIM8cMWUM,50804 Kanchan Rural Municipality,508 RUPANDEHI,508,5 Lumbini Province,5,50804,0,0,0,0,0,0,0,0,0,0,0,0,0,0,0,0,0,0,0,0,0,0,0,0,0,0,0,0,0,0,0,0,0,0,1.0,0,0,2.0,0,0,0,0,0,0,0,0,0,0,0,0,0,0,0,0,0,0,0,0,0,0,0,0,0,0,0,0,0,0,0,0,0,0,0,0,0,0,0,0,0,1.0,0,0,0,0,0,0,0,0,0,0,0,0,0,0,0,0,0,0,0,0,0,0,0,0,0,2.0,0,0,0,0,0,0,0,0,0,0,0,0,0,0,0,0,0,0,0,0,0,0
jTp30hcgdic,30102 Bigu Rural Municipality,301 DOLAKHA,301,3 Bagmati Province,3,30102,1.0,0,1.0,0,0,2.0,0,0,0,1.0,1.0,0,0,0,0,0,1.0,0,0,0,0,0,0,0,0,0,0,0,0,0,0,0,0,0,0,1.0,2.0,1.0,0,0,3.0,0,0,1.0,0,0,0,0,0,0,0,0,0,0,0,0,0,0,0,0,0,0,0,0,2.0,0,0,0,0,1.0,2.0,0,0,0,2.0,0,0,0,0,0,0,0,0,0,0,0,0,0,0,0,0,0,0,0,0,0,0,0,0,0,0,0,0,0,0,1.0,0,0,0,0,0,0,0,0,0,0,0,0,0,0,0,0,3.0,0,0,0,1.0,5.0
gOCG6lmlpPq,20810 Kalikamai Rural Municipality,208 PARSA,208,2 Madhesh Province,2,20810,0,0,0,0,0,0,0,0,0,0,0,0,0,0,0,0,0,0,0,0,0,0,0,0,0,0,0,0,0,0,0,0,0,0,0,0,0,0,0,0,0,0,0,0,0,0,0,0,0,0,0,0,0,0,0,0,0,1.0,0,0,0,0,0,0,0,0,0,0,0,0,0,0,0,0,0,0,0,0,0,0,0,0,0,0,0,0,0,0,0,0,0,0,0,0,0,0,0,0,0,0,0,0,0,0,0,0,0,0,0,0,0,0,0,0,0,0,0,0,0,0,0,0,0,0,0,0,0,0
efeJVmnEkr5,20111 Rajgadh Rural Municipality,201 SAPTARI,201,2 Madhesh Province,2,20111,0,0,0,0,0,0,0,0,1.0,0,0,0,0,0,0,0,0,0,0,0,0,0,0,0,0,0,0,0,0,0,0,0,0,0,0,0,0,0,0,0,0,0,0,0,0,0,0,0,0,0,0,0,0,0,0,0,0,0,0,0,0,0,0,0,0,0,0,0,0,0,0,0,0,0,0,0,0,0,0,0,0,0,0,0,0,0,0,0,0,0,0,0,0,0,0,0,0,0,0,0,0,0,0,0,0,0,0,0,0,0,0,0,0,0,0,0,0,0,0,0,0,0,0,0,0,0,0,0
tmwWqpt7zGE,10405 Likhu Rural Municipality,104 OKHALDHUNGA,104,1 Koshi Province,1,10405,0,0,0,0,0,0,1.0,1.0,0,1.0,2.0,0,0,2.0,0,0,0,0,3.0,0,2.0,0,0,0,0,0,0,0,0,0,0,0,0,1.0,0,1.0,1.0,0,0,2.0,1.0,5.0,1.0,1.0,0,0,0,0,0,0,0,0,0,0,0,0,0,0,0,0,0,0,0,0,0,0,0,0,1.0,1.0,1.0,0,0,0,0,0,0,0,0,0,0,0,1.0,0,0,1.0,0,0,0,0,0,0,0,0,0,0,0,0,0,0,0,0,0,0,0,0,0,0,0,0,0,0,0,0,0,0,0,0,0,0,0,0,1.0,0,0,1.0,3.0,2.0
Kk6Rb9uAb3d,50303 JHIMRUK RURAL MUNICIPALITY,503 PYUTHAN,503,5 Lumbini Province,5,50303,0,0,0,1.0,0,0,0,1.0,0,0,0,0,0,0,0,0,0,1.0,0,1.0,0,0,0,0,0,0,0,0,0,0,0,0,0,0,0,0,0,0,0,0,0,0,0,1.0,0,0,0,0,0,0,0,0,0,0,0,0,0,0,0,0,0,0,0,0,0,0,0,2.0,0,1.0,0,0,0,0,2.0,0,0,0,0,0,0,0,0,0,0,0,0,0,0,0,0,0,0,0,0,0,0,0,0,0,0,0,0,0,0,0,0,0,0,0,0,0,0,0,0,0,0,0,1.0,0,3.0,0,0,0,0,0,1.0,1.0
p0awRGLIfjx,50607 Rainadevi Chhahara Rural Municipality,506 PALPA,506,5 Lumbini Province,5,50607,0,0,0,0,0,0,1.0,1.0,2.0,1.0,1.0,0,0,0,0,0,4.0,0,0,0,0,0,0,0,0,0,0,0,0,0,0,0,0,0,0,0,0,0,2.0,0,1.0,0,0,0,0,0,0,0,0,0,0,0,0,0,0,0,0,0,0,0,0,0,1.0,0,0,0,0,0,0,1.0,0,0,0,0,0,0,0,0,0,0,0,0,0,0,0,0,0,0,0,0,0,0,0,0,0,0,0,0,0,0,0,0,0,0,0,0,0,0,0,0,0,0,0,0,0,0,0,1.0,0,0,1.0,0,0,0,0,0,0,4.0
W5rn6JqkqWQ,40105 Aarughat Rural Municipality,401 GORKHA,401,4 Gandaki Province,4,40105,4.0,4.0,0,6.0,2.0,2.0,10.0,8.0,9.0,7.0,3.0,3.0,6.0,0,1.0,1.0,0,6.0,4.0,4.0,7.0,0,0,1.0,1.0,0,0,0,0,3.0,0,1.0,1.0,4.0,2.0,5.0,6.0,2.0,10.0,5.0,1.0,8.0,4.0,6.0,0,1.0,0,1.0,1.0,0,0,0,0,0,0,0,0,0,0,0,2.0,0,0,0,1.0,1.0,0,6.0,0,18.0,3.0,2.0,4.0,2.0,0,1.0,2.0,0,0,2.0,0,0,0,0,4.0,1.0,0,0,0,0,0,0,0,0,0,0,0,0,0,0,0,0,0,1.0,0,0,0,0,0,8.0,0,1.0,0,0,0,0,0,5.0,5.0,0,6.0,5.0,2.0,4.0,8.0,14.0,6.0,33.0
Sqc4yQCbl8m,31202 Thaha Municipality,312 MAKWANPUR,312,3 Bagmati Province,3,31202,7.0,3.0,5.0,22.0,0,3.0,2.0,0,1.0,5.0,8.0,1.0,1.0,2.0,0,1.0,0,0,0,3.0,2.0,4.0,0,0,0,1.0,0,0,2.0,0,0,3.0,0,0,0,1.0,2.0,0,0,0,4.0,5.0,11.0,7.0,1.0,0,0,0,1.0,0,0,0,1.0,0,0,0,0,0,0,0,0,0,0,0,3.0,2.0,1.0,1.0,0,1.0,5.0,2.0,1.0,5.0,3.0,0,0,1.0,0,0,0,0,1.0,0,3.0,0,0,0,0,0,0,0,0,0,0,0,0,0,0,0,0,0,0,0,0,1.0,1.0,0,0,0,0,0,0,0,0,0,0,8.0,9.0,2.0,4.0,0,3.0,2.0,3.0,1.0,15.0,32.0
TfaB2muU8a0,41006 Bihadi Rural Municipality,410 PARBAT,410,4 Gandaki Province,4,41006,0,0,0,1.0,0,1.0,1.0,0,1.0,0,0,0,1.0,0,0,0,0,0,0,0,1.0,2.0,0,0,0,0,0,1.0,0,0,0,0,0,0,0,0,0,0,0,0,0,3.0,0,0,0,0,0,0,0,0,0,0,0,0,0,0,0,0,0,0,0,0,0,0,0,0,0,0,0,2.0,0,0,0,0,0,0,0,0,0,0,0,0,0,0,0,0,0,0,0,0,0,0,0,0,0,0,0,0,0,0,0,0,0,0,0,0,0,0,0,0,0,0,0,0,0,0,0,0,0,0,0,0,1.0,0,0,2.0,0,6.0
c8KxkF0tS5o,70108 Budhiganga Municipality,701 BAJURA,701,7 Sudurpashchim Province,7,70108,0,0,0,0,1.0,0,0,0,0,0,1.0,0,0,0,0,1.0,1.0,0,0,2.0,3.0,3.0,1.0,0,0,0,0,0,1.0,0,0,0,0,0,3.0,0,1.0,1.0,0,1.0,0,0,5.0,0,0,0,0,0,0,0,0,0,0,0,0,0,0,0,0,1.0,0,0,0,0,0,0,0,0,0,0,0,0,0,1.0,0,0,0,0,0,0,1.0,0,0,0,0,0,0,0,0,0,0,0,0,0,0,0,0,0,0,0,0,0,0,0,0,0,0,0,0,0,0,0,0,0,0,0,0,10.0,3.0,0,1.0,9.0,0,0,0,4.0,2.0,9.0
OkEamk072ao,70203 Surma Rural Municipality,702 BAJHANG,702,7 Sudurpashchim Province,7,70203,0,0,0,0,0,0,0,0,0,0,0,0,0,0,0,0,0,0,0,0,0,1.0,0,0,0,0,0,0,0,0,0,0,0,0,0,0,0,0,0,0,0,0,0,0,0,0,0,0,0,0,0,0,0,0,0,0,0,0,0,0,0,0,0,0,0,0,0,0,0,0,0,0,0,0,0,0,0,0,0,0,0,0,0,0,0,0,0,0,0,0,0,0,0,0,0,0,0,0,0,0,0,0,0,0,0,0,0,0,0,0,0,0,0,0,0,0,0,0,0,0,0,0,0,0,0,0,0,1.0
MXHCNv2Axez,10606 Pauwa Dunma Rural Municipality,106 BHOJPUR,106,1 Koshi Province,1,10606,0,1.0,0,0,0,0,0,0,0,1.0,2.0,0,0,0,0,0,0,1.0,2.0,0,0,0,0,0,0,0,0,0,0,0,0,0,0,1.0,0,0,0,0,0,0,0,0,0,0,0,0,0,0,0,0,0,0,0,0,0,0,0,0,0,0,0,0,0,0,2.0,0,0,0,0,0,0,0,0,0,0,0,0,0,0,0,0,0,0,2.0,0,0,0,0,0,0,0,0,0,0,0,0,0,0,0,0,0,0,0,0,0,0,0,0,0,0,0,0,0,0,0,0,0,0,0,2.0,0,0,0,0,0,0,0,0
xnEfw3zQ0ge,50403 Chandrakot Rural Municipality,504 GULMI,504,5 Lumbini Province,5,50403,1.0,1.0,0,3.0,2.0,2.0,0,1.0,2.0,0,0,0,0,0,3.0,0,7.0,5.0,0,3.0,0,0,0,0,0,0,0,3.0,0,0,0,0,0,0,0,0,2.0,1.0,0,3.0,3.0,0,0,0,0,0,0,0,0,0,0,0,0,0,0,0,0,0,0,0,0,0,0,0,1.0,1.0,0,0,3.0,1.0,5.0,0,0,1.0,0,0,0,0,0,2.0,1.0,1.0,0,0,1.0,0,0,0,0,0,0,0,0,0,0,0,0,0,0,0,0,0,0,0,0,0,0,0,0,0,0,0,4.0,0,0,0,0,0,0,0,0,2.0,0,6.0,4.0,0,3.0,0
YqZKl4lSpmW,40110 Shahid Lakhan Rural Municipality,401 GORKHA,401,4 Gandaki Province,4,40110,0,2.0,0,0,0,2.0,1.0,0,1.0,0,0,0,1.0,0,1.0,1.0,1.0,1.0,3.0,1.0,1.0,0,0,0,0,0,1.0,3.0,0,0,0,0,0,1.0,1.0,1.0,1.0,1.0,4.0,2.0,1.0,0,0,0,0,0,0,0,0,0,0,0,0,1.0,0,0,0,0,0,0,0,0,0,0,0,1.0,0,1.0,0,2.0,1.0,0,0,1.0,0,0,0,0,0,0,2.0,0,0,0,0,0,0,0,0,0,0,0,0,0,0,0,0,0,0,0,1.0,0,0,0,0,0,0,0,0,0,0,0,0,0,0,0,0,1.0,3.0,1.0,1.0,0,1.0,2.0,2.0,4.0,3.0,0
afoMvFV0IvH,11101 Mechinagar Municipality,111 JHAPA,111,1 Koshi Province,1,11101,0,0,0,170.0,0,0,1278.0,0,0,0,0,0,0,0,0,0,0,0,146.0,0,0,0,0,0,0,0,0,0,0,0,0,0,0,0,0,0,0,0,0,0,163.0,0,0,0,0,0,0,0,0,0,0,0,0,0,0,0,0,0,0,0,0,0,0,0,0,0,0,0,0,0,0,0,0,0,0,0,0,0,0,0,0,0,102.0,0,0,0,0,0,0,0,0,0,0,0,0,0,0,0,0,0,0,0,0,32.0,0,0,0,0,0,0,0,0,7.0,0,0,0,0,0,0,0,2.0,0,0,0,155.0,0,0,0
E9DBRm8T3U9,50903 Shivaraj Municipality,509 KAPILBASTU,509,5 Lumbini Province,5,50903,0,0,0,0,0,0,0,0,0,0,0,0,0,0,0,0,0,0,0,0,0,0,0,0,0,0,0,0,0,0,0,0,0,0,0,0,0,0,0,0,0,0,0,0,0,0,0,0,0,0,0,0,0,0,0,0,0,0,0,0,0,14.0,0,0,0,0,0,0,0,0,0,0,0,0,0,0,0,0,0,0,0,0,0,0,0,0,0,0,0,0,0,0,0,0,0,0,0,0,0,0,0,0,0,0,0,0,0,0,0,0,0,0,0,0,0,0,0,0,0,0,0,0,0,0,0,0,0,0
cXN4tjQ9drh,40505 Rupa Rural Municipality,405 KASKI,405,4 Gandaki Province,4,40505,2.0,1.0,0,0,0,2.0,1.0,1.0,0,0,0,0,0,0,1.0,0,0,1.0,0,0,0,0,0,0,0,0,0,0,0,0,0,0,0,0,0,1.0,0,0,2.0,1.0,0,0,0,0,0,0,0,0,0,0,0,0,0,0,0,0,0,0,0,0,0,0,0,0,0,0,0,0,0,0,0,0,0,0,0,0,0,0,0,0,1.0,0,0,0,0,0,0,0,0,0,0,0,0,0,0,0,0,0,0,0,0,0,0,0,0,0,0,0,0,0,0,0,0,0,0,0,0,1.0,0,1.0,0,1.0,0,0,1.0,0,1.0,2.0
eVcocUd7GNO,20414 Matihani Municipality,204 MAHOTTARI,204,2 Madhesh Province,2,20414,0,0,0,0,0,0,0,0,0,0,0,0,0,0,0,0,0,0,0,0,0,0,42.0,0,0,0,0,0,0,0,0,0,0,0,0,0,0,0,0,0,0,0,0,0,0,0,0,0,0,0,0,0,0,0,0,0,0,0,0,0,0,0,0,0,0,0,0,0,0,0,0,0,0,0,0,0,0,0,0,0,0,0,0,0,0,0,0,0,0,0,0,0,0,0,0,0,0,0,0,0,0,0,0,0,0,0,0,0,0,0,0,0,0,0,0,0,0,0,0,0,0,0,0,0,0,0,0,0
kWTiMqhMM9Z,11214 Biratnagar Metropolitan City,112 MORANG,112,1 Koshi Province,1,11214,0,0,2.0,0,0,0,2.0,14.0,0,88.0,124.0,2.0,0,0,0,0,0,5.0,0,38.0,74.0,0,0,0,0,0,0,0,0,3.0,0,50.0,57.0,0,0,2.0,0,0,0,4.0,0,0,87.0,77.0,0,0,0,0,0,1.0,8.0,0,37.0,32.0,0,0,0,0,0,0,4.0,0,0,0,0,0,0,0,0,0,2.0,9.0,0,78.0,37.0,0,0,0,0,0,0,2.0,0,34.0,51.0,0,0,0,0,0,0,0,0,0,0,0,0,0,0,0,2.0,0,14.0,0,24.0,0,0,0,0,0,0,0,0,7.0,0,2.0,0,0,0,2.0,4.0,0,0,0,10.0,0,101.0,383.0
lx9rLUtsojg,50407 Madane Rural Municipality,504 GULMI,504,5 Lumbini Province,5,50407,0,0,0,3.0,1.0,2.0,1.0,0,4.0,2.0,5.0,0,0,0,0,0,5.0,2.0,3.0,3.0,0,0,0,0,0,0,0,0,0,0,0,0,0,0,2.0,0,0,1.0,0,1.0,3.0,1.0,3.0,0,0,0,0,0,0,0,0,0,0,0,0,0,0,0,0,0,0,0,0,0,0,0,0,0,0,0,3.0,1.0,0,2.0,1.0,0,0,0,0,0,4.0,0,0,2.0,0,1.0,0,0,0,0,0,0,0,0,0,0,0,0,0,0,1.0,0,0,0,0,0,0,0,0,0,0,0,3.0,0,0,0,0,0,0,0,0,0,2.0,3.0,0,2.0,4.0,5.0
kjQyLmoS0JC,31001 Umakunda Rural Municipality,310 RAMECHHAP,310,3 Bagmati Province,3,31001,2.0,2.0,0,1.0,0,1.0,0,0,0,2.0,1.0,1.0,0,0,0,0,0,0,0,1.0,1.0,0,0,0,0,0,0,1.0,0,0,0,0,0,0,1.0,0,0,1.0,1.0,0,2.0,1.0,0,1.0,0,0,0,0,0,0,0,0,0,0,0,0,0,0,0,0,0,0,0,0,1.0,4.0,0,3.0,0,1.0,0,0,0,0,1.0,0,0,0,0,0,0,0,0,1.0,0,0,0,0,0,0,0,0,0,0,0,0,0,0,0,0,0,0,0,0,0,0,0,0,0,0,0,0,0,0,0,0,0,0,2.0,0,1.0,1.0,0,2.0,0,0,0,1.0
xWscpDITtKT,50409 Resunga Municipality,504 GULMI,504,5 Lumbini Province,5,50409,0,2.0,3.0,3.0,5.0,0,0,0,0,0,0,0,1.0,1.0,5.0,0,0,4.0,0,0,2.0,0,1.0,1.0,3.0,4.0,3.0,0,0,0,0,0,0,0,4.0,3.0,3.0,0,0,3.0,0,0,0,0,2.0,2.0,0,0,0,0,0,0,0,0,0,0,0,0,0,0,0,0,0,0,1.0,6.0,3.0,5.0,5.0,0,0,0,0,0,0,0,0,1.0,1.0,0,0,2.0,0,0,0,0,0,2.0,1.0,0,0,0,0,0,0,0,0,1.0,0,0,0,0,0,0,0,0,0,0,0,0,0,0,0,0,0,0,0,0,3.0,1.0,3.0,0,0,4.0,0,0,0,2.0
r1eAZIkCTv9,10705 Sahidbhumi Rural Municipality,107 DHANKUTA,107,1 Koshi Province,1,10705,0,0,0,0,0,0,0,0,0,0,0,0,0,0,0,0,0,2.0,0,0,0,0,0,0,0,0,0,0,0,1.0,0,0,0,0,0,0,0,0,0,0,0,0,1.0,0,0,0,0,0,0,0,0,0,0,0,0,0,0,0,0,0,0,0,0,0,0,0,0,0,0,0,0,0,0,0,0,0,0,0,0,0,0,0,0,0,0,0,0,0,0,0,0,0,0,0,0,0,0,0,0,0,0,0,0,0,0,0,0,0,0,0,0,0,0,0,0,0,0,0,0,0,0,0,0,0,0,0,1.0,0
rTNYEQ9kpvZ,10908 Miklajung Rural Municipality,109 PANCHTHAR,109,1 Koshi Province,1,10908,1.0,1.0,0,0,1.0,1.0,1.0,0,0,2.0,5.0,0,0,0,0,0,1.0,1.0,1.0,0,0,0,0,0,1.0,0,0,0,0,0,0,0,0,1.0,0,1.0,2.0,1.0,2.0,1.0,2.0,1.0,1.0,1.0,0,0,0,0,0,0,0,0,0,0,0,0,0,0,0,0,0,0,0,0,0,1.0,2.0,4.0,2.0,3.0,1.0,0,1.0,1.0,0,0,0,0,0,0,0,0,0,0,0,0,0,0,0,0,0,0,1.0,0,0,0,0,0,0,0,3.0,0,0,0,0,0,0,0,0,0,0,0,0,0,5.0,0,0,0,0,3.0,0,1.0,2.0,0,0,1.0,0,1.0
rwtuzQ0Hl9y,70304 Naugad  Rural Municipality,703 DARCHULA,703,7 Sudurpashchim Province,7,70304,0,0,0,0,0,0,0,0,0,0,0,0,0,0,0,0,0,0,0,0,0,0,0,0,0,0,0,0,0,0,0,0,0,0,0,0,1.0,0,0,0,0,0,0,0,0,0,0,0,0,0,0,0,0,0,0,0,0,0,0,0,0,0,0,0,0,0,0,0,0,0,1.0,0,0,0,0,0,0,0,0,0,0,0,0,0,1.0,0,0,0,0,0,0,0,0,0,0,0,0,0,0,0,0,0,0,0,0,0,0,0,0,0,0,0,0,0,0,0,0,0,0,0,0,0,0,0,0,0,0,0
KrUSn9d3nzS,40109 Gorkha Municipality,401 GORKHA,401,4 Gandaki Province,4,40109,9.0,11.0,0,0,0,4.0,2.0,2.0,4.0,2.0,0,4.0,0,0,0,3.0,0,1.0,2.0,0,0,0,1.0,2.0,0,0,0,0,0,0,1.0,0,0,1.0,0,0,0,0,0,1.0,0,3.0,0,0,2.0,0,0,0,0,1.0,0,0,0,1.0,0,0,0,0,0,0,0,0,0,0,3.0,7.0,0,0,0,0,0,0,2.0,0,1.0,0,0,8.0,4.0,0,0,1.0,0,1.0,0,0,0,0,0,0,0,0,0,0,0,0,0,0,2.0,0,0,0,0,0,0,0,0,0,0,0,0,0,0,0,0,0,0,1.0,0,1.0,0,0,1.0,0,1.0,1.0,2.0,0
deDcEgmY79F,40910 Galyang Municipality,409 SYANGJA,409,4 Gandaki Province,4,40910,0,0,1.0,0,0,0,1.0,2.0,0,2.0,1.0,1.0,2.0,0,0,0,3.0,0,4.0,0,0,0,0,0,0,0,1.0,0,0,1.0,0,0,0,2.0,0,2.0,0,0,0,0,0,1.0,1.0,0,0,0,0,0,0,0,0,0,0,0,0,0,0,0,0,0,0,0,0,0,1.0,0,0,0,0,0,3.0,1.0,0,3.0,1.0,0,0,0,0,0,0,3.0,0,0,0,0,0,0,0,0,0,0,0,0,0,0,1.0,0,0,0,0,1.0,9.0,0,0,0,0,0,0,0,0,0,0,0,0,0,0,4.0,2.0,0,0,0,1.0,1.0,4.0,0,0,2.0
oKUBLr3LZQU,60406 Tatopani Rural Municipality,604 JUMLA,604,6 Karnali Province,6,60406,0,0,0,0,0,0,0,0,0,0,0,0,0,0,0,0,0,0,0,0,0,0,0,0,0,0,0,0,0,0,0,0,0,0,0,0,0,0,0,0,0,0,0,0,0,0,0,0,0,0,0,0,0,0,0,0,0,0,0,0,0,0,0,0,0,0,0,0,0,0,0,0,0,0,1.0,0,0,0,0,0,0,0,0,0,0,0,0,0,0,0,0,0,0,0,0,0,0,0,0,0,0,0,0,0,0,0,0,0,0,0,0,0,0,0,0,0,0,0,0,0,0,0,0,0,0,0,0,0
Kz7sKOELAth,50809 Om Satiya Rural Municipality,508 RUPANDEHI,508,5 Lumbini Province,5,50809,0,0,0,0,0,0,0,0,0,0,0,0,0,0,0,0,0,0,0,0,0,0,0,0,0,0,0,0,0,0,0,0,0,0,0,0,0,0,0,0,0,0,0,0,0,0,0,0,0,0,0,0,0,0,0,0,0,0,0,0,0,0,0,0,0,0,0,0,0,0,0,0,0,0,0,0,0,0,0,0,0,0,0,0,0,0,0,0,0,0,0,0,0,0,0,0,0,0,0,0,0,0,0,0,0,0,0,0,0,0,0,0,0,0,0,0,0,0,0,0,0,0,0,0,0,0,1.0,0
u32KVYtm4F5,50805 Gaidahawa Rural Municipality,508 RUPANDEHI,508,5 Lumbini Province,5,50805,0,0,0,0,0,0,0,0,0,0,0,0,0,0,0,0,0,0,0,0,0,0,0,0,0,0,0,0,0,0,0,0,0,0,0,0,0,0,0,0,0,0,0,0,0,0,0,0,0,0,0,0,0,0,0,0,0,0,0,0,0,5.0,0,0,0,0,0,0,0,0,0,0,0,0,0,0,0,0,0,0,0,0,0,0,0,0,0,0,0,0,0,0,0,0,0,0,0,0,0,0,0,0,0,0,0,0,0,0,0,0,0,0,0,0,0,0,0,0,0,0,0,0,0,0,0,0,0,0
OV88QAACq49,50505 Panini Rural Municipality,505 ARGHAKHANCHI,505,5 Lumbini Province,5,50505,1.0,0,0,0,0,0,1.0,0,1.0,0,1.0,3.0,0,1.0,1.0,0,0,0,0,0,1.0,0,0,0,0,0,0,1.0,0,0,0,0,0,1.0,0,2.0,0,0,0,2.0,3.0,0,0,0,0,0,0,0,0,0,0,0,0,0,0,0,0,0,0,0,0,0,0,0,0,2.0,0,0,0,0,0,0,0,0,4.0,0,0,4.0,0,0,0,0,0,0,1.0,1.0,0,0,0,0,0,0,0,0,0,0,0,0,0,0,0,0,0,0,0,0,0,0,0,0,0,0,0,0,0,0,0,0,0,2.0,1.0,1.0,0,0,0,0,0,3.0
uyA0701CR1r,20405 Bhangaha Municipality,204 MAHOTTARI,204,2 Madhesh Province,2,20405,0,0,0,0,0,0,0,0,0,0,0,0,2.0,0,0,0,0,0,0,0,0,0,0,0,0,0,0,0,0,0,0,0,0,0,2.0,0,0,0,0,0,0,0,0,0,0,0,0,0,0,0,0,0,0,0,0,0,0,0,0,0,0,0,0,0,0,0,0,0,0,0,0,0,0,0,0,0,2.0,0,0,0,0,0,0,0,0,0,0,0,0,0,0,0,0,0,0,0,0,0,0,0,0,0,0,8.0,0,0,0,0,0,0,0,0,0,0,0,0,0,0,3.0,0,0,0,0,0,0,0,0,0
qIfetL3gOAD,70704 Sanphebagar Municipality,707 ACHHAM,707,7 Sudurpashchim Province,7,70704,2.0,16.0,4.0,0,3.0,0,3.0,0,1.0,3.0,1.0,9.0,14.0,0,0,0,0,7.0,0,2.0,0,1.0,0,0,0,0,0,0,1.0,0,0,0,0,0,14.0,11.0,0,2.0,7.0,9.0,0,1.0,0,0,2.0,0,0,0,0,0,1.0,1.0,0,0,0,0,0,0,0,0,0,0,0,0,0,9.0,4.0,1.0,0,0,1.0,3.0,0,0,0,0,9.0,0,0,1.0,0,3.0,0,0,1.0,0,0,0,0,0,0,0,1.0,1.0,0,0,0,2.0,0,0,1.0,0,0,0,0,0,0,0,0,0,0,0,0,0,0,0,0,2.0,9.0,4.0,0,12.0,6.0,4.0,0,0,1.0,9.0
zvQpN3xs2YZ,60404 Chandannath Municipality,604 JUMLA,604,6 Karnali Province,6,60404,0,0,1.0,0,1.0,1.0,0,3.0,0,3.0,0,0,3.0,0,0,0,0,0,0,1.0,0,0,0,0,1.0,0,0,0,0,0,0,6.0,0,0,0,0,0,5.0,0,0,3.0,3.0,0,0,0,0,0,0,0,0,1.0,0,0,0,0,0,0,0,0,0,0,0,0,0,0,0,1.0,0,0,0,0,2.0,0,1.0,0,0,0,0,0,0,0,0,0,0,0,0,0,0,0,0,0,0,0,0,0,0,0,0,0,0,0,0,0,0,0,0,0,0,0,0,0,0,0,0,0,0,0,0,0,0,0,3.0,1.0,0,0,7.0,5.0,0
bT82XWJFT65,30109 Bhimeshwor Municipality,301 DOLAKHA,301,3 Bagmati Province,3,30109,5.0,8.0,12.0,3.0,0,2.0,0,1.0,5.0,0,0,5.0,4.0,9.0,6.0,1.0,2.0,0,3.0,5.0,4.0,9.0,0,2.0,1.0,2.0,0,0,0,0,2.0,5.0,0,0,7.0,3.0,4.0,1.0,0,4.0,8.0,0,2.0,0,0,0,0,0,4.0,0,1.0,5.0,0,0,0,0,0,0,0,0,0,2.0,0,0,0,4.0,5.0,1.0,1.0,0,0,0,2.0,2.0,0,6.0,6.0,1.0,2.0,0,0,0,4.0,0,2.0,0,0,0,0,0,0,0,0,5.0,0,0,4.0,0,0,0,0,0,0,10.0,2.0,8.0,0,0,0,0,0,0,0,0,8.0,0,0,1.0,12.0,11.0,1.0,6.0,2.0,2.0,3.0,7.0,1.0,9.0
B1q1jJMuzSo,60610 Dungeshwor Rural Municipality,606 DAILEKH,606,6 Karnali Province,6,60610,0,0,0,0,0,0,0,0,1.0,0,2.0,0,2.0,0,0,0,0,0,3.0,1.0,1.0,0,0,0,0,0,0,0,0,0,0,0,0,1.0,2.0,0,0,0,1.0,0,2.0,0,1.0,1.0,0,0,0,0,0,0,0,0,0,0,0,0,0,0,0,0,0,0,0,0,0,2.0,0,0,0,0,0,0,0,1.0,1.0,0,0,0,0,0,0,0,0,0,2.0,0,0,0,0,0,0,0,0,0,0,0,0,0,0,0,0,0,0,0,0,0,0,0,0,0,0,0,0,0,0,0,0,0,3.0,0,1.0,0,2.0,0,5.0,1.0,1.0,1.0
cl7skUSvPmj,10707 Chaubise Rural Municipality,107 DHANKUTA,107,1 Koshi Province,1,10707,0,1.0,1.0,0,1.0,0,0,0,2.0,5.0,0,0,0,1.0,3.0,0,0,2.0,2.0,0,0,0,0,0,0,0,1.0,0,0,1.0,0,0,1.0,1.0,2.0,0,1.0,1.0,3.0,1.0,0,2.0,4.0,0,0,0,0,0,0,0,0,0,0,0,0,0,0,0,0,0,0,0,0,0,0,6.0,0,2.0,0,2.0,3.0,2.0,0,3.0,0,0,0,0,0,0,0,0,0,0,0,1.0,0,0,0,0,0,0,0,0,0,0,0,0,0,0,0,0,0,0,0,0,0,0,0,0,0,0,0,0,0,0,0,1.0,1.0,4.0,0,2.0,3.0,3.0,1.0,0,0,3.0
a0T4qfqJY1P,31203 Kailash Rural Municipality,312 MAKWANPUR,312,3 Bagmati Province,3,31203,0,0,0,0,0,0,0,0,0,1.0,0,1.0,0,0,0,0,0,0,0,1.0,0,2.0,0,0,0,0,0,0,0,0,0,0,0,1.0,0,0,0,0,0,0,0,0,0,1.0,0,0,0,0,0,0,0,0,0,0,0,0,0,0,0,0,0,0,0,0,0,2.0,2.0,0,0,1.0,0,0,0,0,0,0,0,0,0,0,0,0,0,0,0,0,0,0,0,0,0,0,0,0,0,0,0,0,0,0,0,0,0,0,0,0,1.0,0,0,0,0,0,2.0,0,0,0,0,1.0,0,1.0,0,0,0,1.0,2.0,1.0,0,10.0
slRFdUoESdt,41105 Dhorpatan Municipality,411 BAGLUNG,411,4 Gandaki Province,4,41105,0,2.0,2.0,1.0,1.0,2.0,0,0,7.0,0,2.0,1.0,0,2.0,4.0,1.0,0,1.0,1.0,9.0,0,1.0,0,0,0,0,1.0,0,0,0,0,0,1.0,0,3.0,2.0,2.0,1.0,2.0,0,0,9.0,2.0,0,0,0,0,0,0,0,0,0,0,0,0,0,0,0,0,0,0,0,0,0,0,2.0,1.0,0,0,0,0,0,2.0,0,0,0,0,1.0,1.0,0,0,0,11.0,0,1.0,1.0,0,0,1.0,0,0,0,0,0,0,0,0,0,0,0,0,0,0,0,1.0,0,0,0,0,0,0,0,0,0,0,0,0,1.0,2.0,1.0,0,2.0,3.0,0,8.0,0,1.0,2.0
NhADUEXz2ca,30202 Jugal Rural Municipality,302 SINDHUPALCHOK,302,3 Bagmati Province,3,30202,3.0,0,6.0,1.0,1.0,0,0,0,1.0,0,1.0,0,0,0,0,1.0,0,0,1.0,0,0,1.0,0,0,0,0,0,0,0,0,0,0,0,0,0,0,0,0,2.0,0,0,0,0,1.0,0,0,0,0,0,0,0,0,0,0,0,0,0,0,0,0,0,0,0,0,0,0,0,3.0,0,0,0,0,0,0,1.0,2.0,0,0,0,0,0,0,0,0,1.0,0,0,0,0,0,0,0,0,0,0,0,0,0,0,0,0,0,0,0,0,0,0,0,0,0,0,0,0,0,0,0,0,2.0,0,1.0,0,3.0,0,0,0,1.0,0,2.0
taIxmXevJeG,10703 Chhathar Jorpati Rural Municipality,107 DHANKUTA,107,1 Koshi Province,1,10703,0,0,1.0,0,2.0,0,0,0,0,0,2.0,0,0,0,0,0,0,0,0,0,0,0,0,0,0,0,0,0,0,0,0,0,0,0,0,1.0,1.0,0,0,1.0,0,0,0,0,0,0,0,0,0,0,0,0,0,0,0,0,0,0,0,0,0,0,0,0,0,0,0,0,1.0,1.0,0,0,0,1.0,0,0,0,0,0,0,0,0,0,0,0,0,0,0,0,0,0,0,0,0,0,0,0,0,0,0,0,0,0,0,0,0,0,0,0,0,0,0,0,0,0,0,0,2.0,0,2.0,0,0,1.0,1.0,0,0,0,0
kdougX7vIet,60607 Dullu Municipality,606 DAILEKH,606,6 Karnali Province,6,60607,0,1.0,1.0,2.0,2.0,0,4.0,0,0,0,0,0,0,10.0,0,4.0,3.0,1.0,2.0,0,0,0,0,0,0,0,0,0,0,0,0,0,0,1.0,4.0,6.0,7.0,2.0,4.0,0,6.0,0,0,0,0,0,0,0,0,0,0,0,0,0,0,0,0,0,0,0,0,0,0,0,1.0,4.0,0,0,2.0,0,0,0,0,0,0,0,0,1.0,0,0,2.0,0,1.0,0,0,0,0,0,0,0,0,0,0,0,0,0,0,0,0,1.0,0,0,0,0,0,0,0,0,0,0,0,0,0,0,0,0,0,0,0,2.0,1.0,1.0,3.0,5.0,2.0,12.0,0,0
mFmIWxZqEUa,20301 Ganeshman Charnath Municipality,203 DHANUSA,203,2 Madhesh Province,2,20301,0,0,0,0,0,0,0,0,0,0,0,0,0,0,0,0,0,0,0,0,0,0,0,0,0,0,0,0,0,0,0,0,0,0,0,0,0,0,0,0,0,0,0,0,0,0,0,0,0,0,0,0,0,0,0,0,0,0,0,0,0,0,0,0,0,0,0,0,0,0,0,0,0,0,0,0,0,0,1.0,0,0,0,0,0,0,0,0,0,0,0,0,0,0,0,0,0,0,0,0,0,0,0,0,0,0,0,0,0,0,0,0,0,0,0,0,0,0,0,0,0,0,0,0,0,0,0,0,0
PwcSyA8Bw91,30601 Shankharapur Municipality,306 KATHMANDU,306,3 Bagmati Province,3,30601,2.0,2.0,1.0,4.0,0,0,12.0,1.0,0,0,1.0,3.0,1.0,0,0,0,0,3.0,0,2.0,0,1.0,0,1.0,1.0,0,0,0,0,3.0,0,0,0,3.0,3.0,0,0,0,1.0,5.0,0,0,2.0,0,1.0,0,0,0,0,0,0,0,0,0,0,0,0,0,0,0,0,0,0,0,3.0,3.0,0,2.0,0,0,6.0,0,0,0,0,0,0,3.0,0,0,0,0,0,0,0,0,0,0,0,0,0,0,0,0,0,0,0,0,7.0,0,0,0,0,0,0,0,0,0,1.0,7.0,0,0,0,0,0,0,0,3.0,0,0,0,0,1.0,10.0,0,0,0,1.0
uieUU0PzxcP,30913 Khanikhola Rural Municipality,309 KAVREPALANCHOK,309,3 Bagmati Province,3,30913,0,0,0,0,0,0,0,0,0,0,0,1.0,1.0,0,0,0,0,0,0,0,0,1.0,0,0,0,0,0,0,0,1.0,0,0,0,2.0,0,0,0,0,1.0,0,0,0,0,0,0,0,0,0,0,0,0,0,0,0,0,0,0,0,0,0,0,0,0,0,1.0,0,0,0,0,0,0,0,0,0,1.0,0,0,0,0,0,0,1.0,0,0,0,0,0,0,0,0,0,0,0,0,0,0,0,0,0,0,0,0,1.0,0,0,0,1.0,0,0,0,0,0,0,0,0,0,0,0,0,1.0,0,2.0,0,0,0,0,0,2.0
oOYYlsVSG0Z,11404 Rautamai Rural Municipality,114 UDAYAPUR,114,1 Koshi Province,1,11404,1.0,0,1.0,0,0,0,0,0,0,0,0,0,0,0,0,0,0,0,0,0,0,0,0,0,0,0,0,0,0,1.0,0,0,0,0,0,0,0,0,0,0,0,0,0,0,0,1.0,0,0,0,0,1.0,0,0,0,0,0,0,0,0,0,0,0,0,0,0,0,0,0,0,1.0,0,0,0,0,0,0,0,0,0,0,0,0,0,1.0,0,0,0,0,0,0,0,0,0,0,0,0,0,0,0,0,0,0,0,0,0,0,0,0,0,0,0,0,0,0,0,0,0,0,1.0,0,0,0,0,0,0,0,0,0
mWGNxg5QunN,20805 Sakhuwa Prasauni Rural Municipality,208 PARSA,208,2 Madhesh Province,2,20805,0,0,0,1.0,0,0,0,0,0,0,0,0,0,0,0,0,0,0,0,0,0,0,0,0,0,0,0,0,0,0,0,0,0,0,0,0,0,0,0,0,0,0,0,0,0,0,0,0,0,0,0,0,0,0,0,0,0,0,0,0,0,0,0,0,0,0,0,0,0,2.0,0,0,0,0,0,0,0,0,0,0,0,0,0,0,0,0,0,0,0,0,0,0,0,0,0,0,0,0,0,0,0,0,0,0,0,0,0,0,0,0,0,0,0,0,0,0,0,0,0,0,0,0,0,0,0,0,0,0
lIgk0wjLBGn,30212 Sunkoshi Rural Municipality,302 SINDHUPALCHOK,302,3 Bagmati Province,3,30212,0,0,0,0,0,2.0,0,0,0,4.0,3.0,0,0,0,0,0,0,0,15.0,4.0,12.0,6.0,0,0,0,0,2.0,0,0,0,0,0,0,10.0,0,0,1.0,0,0,0,1.0,2.0,0,20.0,0,0,0,0,0,0,0,0,0,0,0,0,0,14.0,0,0,0,0,0,0,0,0,0,0,0,0,0,0,12.0,1.0,0,0,0,0,0,0,0,2.0,0,2.0,0,0,0,0,0,0,0,0,0,0,0,0,0,0,0,0,0,0,0,0,1.0,0,0,0,0,0,0,0,0,0,0,0,0,1.0,0,0,0,0,0,0,0,2.0,3.0,28.0
zWN7lMJ8DIY,40907 Harinas Rural Municipality,409 SYANGJA,409,4 Gandaki Province,4,40907,0,0,1.0,0,2.0,0,1.0,1.0,1.0,0,0,1.0,0,0,0,0,0,1.0,2.0,1.0,0,0,0,0,0,0,0,0,0,0,0,0,0,0,2.0,0,0,0,2.0,0,3.0,0,2.0,0,0,0,0,0,0,1.0,0,0,0,0,0,0,0,0,0,0,0,0,0,0,0,0,0,0,1.0,0,1.0,0,1.0,0,0,0,0,0,0,0,0,0,0,0,0,0,0,0,0,0,0,0,0,0,0,0,0,0,0,0,0,0,0,0,0,0,0,0,0,0,0,0,0,0,0,0,0,0,0,0,1.0,1.0,0,0,0,0,3.0,6.0
yUwjKIAHeH9,11208 Urlabari Municipality,112 MORANG,112,1 Koshi Province,1,11208,0,0,0,0,0,0,0,0,0,0,0,0,0,0,0,0,0,0,0,0,0,0,0,0,0,0,0,0,0,94.0,0,0,0,0,0,0,0,0,0,0,0,0,0,0,0,0,0,1.0,0,0,0,0,0,0,0,0,0,0,0,0,0,0,0,0,0,0,0,0,0,0,0,1.0,0,0,0,0,0,0,0,0,0,0,0,0,0,0,0,0,0,0,0,0,0,0,0,0,0,0,1.0,0,0,0,0,0,0,0,0,0,0,0,0,0,0,0,0,0,0,0,0,0,0,0,0,0,0,0,0,0
BSHZS7OTAL5,30804 Konjyosom Rural Municipality,308 LALITPUR,308,3 Bagmati Province,3,30804,0,0,0,0,0,0,0,0,0,0,0,0,0,0,0,0,1.0,0,0,0,1.0,0,0,0,0,0,0,0,0,0,0,0,0,0,1.0,0,0,0,0,0,0,0,0,0,0,0,0,0,0,0,0,0,0,0,0,0,0,0,0,0,0,0,0,0,0,0,0,0,0,0,0,0,0,1.0,1.0,0,0,0,0,0,0,0,0,0,0,0,0,0,0,0,0,0,0,0,0,0,0,0,0,0,0,0,0,2.0,0,0,0,0,0,0,0,0,0,0,0,0,0,0,0,0,0,0,1.0,0,0,0,0,0
IP8iwk6mPzl,50604 Baganaskali Rural Municipality,506 PALPA,506,5 Lumbini Province,5,50604,0,0,0,1.0,0,2.0,0,0,0,0,0,2.0,0,1.0,0,0,0,0,0,0,0,0,0,0,0,0,0,0,0,0,0,0,0,0,0,0,0,0,0,1.0,0,0,13.0,0,0,0,0,0,0,0,0,0,0,0,0,0,0,0,0,0,0,0,0,0,1.0,0,0,0,0,0,0,0,0,0,0,0,0,0,0,0,0,1.0,0,0,0,0,0,0,0,0,0,0,0,0,0,0,1.0,0,0,0,0,0,0,0,0,0,0,0,0,0,0,0,0,0,0,0,0,0,1.0,0,0,0,0,0,0,0,0,0
SLBr0Y4que5,20203 Golbazar Municipality,202 SIRAHA,202,2 Madhesh Province,2,20203,0,0,0,0,0,0,0,0,0,0,0,0,1.0,0,0,0,0,0,0,0,0,0,0,0,0,0,0,0,0,0,0,0,0,0,0,0,0,0,0,4.0,0,0,0,0,0,0,0,0,0,0,0,0,0,0,0,0,0,0,0,0,0,0,0,0,0,0,0,0,0,0,0,0,0,0,0,0,0,0,0,2.0,0,0,0,0,0,0,0,0,0,0,0,2.0,0,0,0,0,0,0,0,0,0,0,0,0,0,0,0,0,0,0,0,1.0,0,0,0,0,0,0,0,0,0,0,2.0,0,0,0,0,0
RJLKneQiNQQ,70212 Khaptad Chhanna Rural Municipality,702 BAJHANG,702,7 Sudurpashchim Province,7,70212,0,0,0,0,0,0,0,0,0,0,0,0,1.0,0,0,0,0,0,0,0,0,0,0,0,0,0,0,0,0,0,0,0,1.0,0,0,0,0,0,0,0,0,0,1.0,0,0,0,0,0,0,0,0,0,0,0,0,0,0,0,0,0,0,0,0,0,0,0,0,0,0,0,0,0,0,0,0,0,0,0,0,0,0,0,0,0,0,0,0,0,0,0,0,0,0,0,0,0,0,0,0,0,0,0,0,0,0,0,0,0,0,0,0,0,2.0,0,0,0,0,0,0,0,1.0,0,0,0,2.0,0,0,0
jAstzBdFXL6,10801 Aatharai Rural Municipality,108 TERHATHUM,108,1 Koshi Province,1,10801,1.0,0,0,0,0,0,0,1.0,0,0,0,0,0,0,0,2.0,0,0,0,0,0,0,0,0,0,0,0,0,0,0,0,0,0,0,0,0,0,0,0,0,0,0,1.0,0,0,0,0,0,0,0,0,0,0,0,0,0,0,0,0,0,0,0,0,0,0,0,0,0,0,0,0,0,0,0,0,0,0,0,0,2.0,0,0,0,0,0,0,0,0,0,0,0,0,0,0,0,0,0,0,0,0,0,0,0,0,0,0,0,0,0,0,0,0,0,0,0,0,0,0,0,1.0,0,0,0,0,0,0,0,0
bVEJIxTw9fo,10704 Dhankuta Municipality,107 DHANKUTA,107,1 Koshi Province,1,10704,1.0,0,0,0,0,0,0,0,0,0,8.0,3.0,0,0,0,0,0,0,0,0,0,1.0,0,0,0,0,0,0,0,0,0,0,18.0,0,0,0,1.0,0,0,0,0,0,0,4.0,0,0,0,0,0,0,0,0,0,8.0,0,0,0,0,0,0,0,0,0,4.0,0,0,0,0,0,1.0,0,0,0,0,0,0,0,0,0,0,0,0,0,0,0,0,0,0,0,0,0,0,0,0,0,8.0,0,0,0,0,0,0,0,0,0,0,0,0,0,0,0,0,0,0,0,0,0,0,0,0,0,0,0,0,0,0,0,5.0
QVOGCoPM6yb,10510 Baraha Pokhari Rural Municipality,105 KHOTANG,105,1 Koshi Province,1,10510,0,0,0,0,0,0,0,0,0,0,8.0,0,0,0,0,0,0,0,0,0,0,0,0,0,0,0,0,0,0,0,0,0,0,0,0,2.0,0,0,0,0,0,0,0,0,0,0,0,0,0,0,0,0,0,0,0,0,0,0,0,0,0,0,0,0,2.0,0,0,0,0,0,0,0,0,0,0,0,0,0,0,0,0,0,0,0,0,0,0,0,0,0,0,0,0,0,0,0,0,0,0,0,0,0,0,0,0,0,0,0,0,0,0,0,0,0,0,0,0,0,0,0,0,0,0,0,0,2.0,0,0
Jr8S8L8kRnR,50602 Purbakhola Rural Municipality,506 PALPA,506,5 Lumbini Province,5,50602,0,0,0,0,0,0,1.0,0,0,1.0,1.0,0,0,2.0,1.0,0,0,0,0,0,0,0,0,0,0,0,0,0,0,0,0,0,0,0,0,0,2.0,0,0,0,1.0,0,0,0,0,0,0,0,0,0,0,0,0,0,0,0,0,0,0,0,0,0,0,0,0,0,0,0,0,0,0,0,1.0,0,0,0,0,1.0,0,0,0,0,0,0,0,0,0,0,0,0,0,0,0,0,0,0,0,0,0,0,0,0,0,0,0,0,0,0,0,0,0,0,0,0,0,0,0,0,0,0,0,0,1.0,2.0,0,0,0,0
sInu47Mk0wb,30402 Khaniyabas Rural Municipality,304 DHADING,304,3 Bagmati Province,3,30402,4.0,0,0,0,0,1.0,0,0,2.0,5.0,1.0,1.0,5.0,0,1.0,0,1.0,2.0,1.0,0,3.0,2.0,0,0,0,0,0,0,1.0,1.0,0,0,0,3.0,2.0,1.0,0,0,0,0,1.0,2.0,3.0,0,0,0,0,0,0,0,0,0,1.0,0,0,0,0,0,0,0,0,0,0,0,0,2.0,2.0,0,0,0,0,0,3.0,0,0,0,1.0,0,0,0,0,0,1.0,0,2.0,0,0,0,0,0,0,0,0,0,0,0,0,0,0,0,0,0,0,0,0,0,0,0,1.0,0,0,1.0,0,0,0,0,0,1.0,0,1.0,0,0,8.0,0,1.0,4.0,2.0,4.0
s81iwIY7rWl,20702 Kolhabi Municipality,207 BARA,207,2 Madhesh Province,2,20702,0,0,0,0,0,0,0,8.0,14.0,0,16.0,0,0,0,0,0,0,0,13.0,0,0,2.0,0,0,0,0,0,0,0,4.0,4.0,0,16.0,1.0,0,0,0,0,0,0,18.0,0,0,12.0,0,0,0,0,0,4.0,0,5.0,0,5.0,0,0,0,0,0,0,0,0,0,4.0,0,0,0,0,0,0,0,15.0,9.0,0,16.0,0,0,0,0,0,0,0,3.0,0,0,0,0,0,0,0,0,0,0,0,0,0,0,0,0,0,0,0,0,1.0,0,0,0,0,0,0,0,0,0,0,2.0,0,0,0,0,0,0,0,0,0,7.0,0,0,34.0
QIsyvppylxo,70205 Masta Rural Municipality,702 BAJHANG,702,7 Sudurpashchim Province,7,70205,0,0,0,0,0,0,0,0,0,0,0,0,0,0,0,0,0,0,0,1.0,0,0,0,0,0,0,0,0,0,0,0,0,0,0,0,0,0,0,0,0,0,0,0,0,0,0,0,0,0,0,0,0,0,0,0,0,0,0,0,0,0,0,0,0,0,0,0,0,0,0,0,0,0,0,0,0,0,0,0,0,0,0,0,0,0,0,0,0,0,0,0,0,0,0,0,0,0,0,0,0,0,0,0,0,0,0,0,0,0,0,0,0,0,0,0,0,0,0,0,0,0,0,0,0,0,0,0,0
f8gKN9sAiDz,20705 Prasauni Rural Municipality,207 BARA,207,2 Madhesh Province,2,20705,0,0,0,0,0,0,0,0,0,0,0,0,0,0,0,0,0,0,0,0,0,0,0,0,0,0,0,0,0,0,0,0,0,0,0,0,0,0,0,0,0,0,0,0,0,0,1.0,0,0,0,0,0,0,0,0,0,0,0,0,0,0,0,0,0,0,0,0,0,0,0,0,0,0,0,0,0,0,0,0,0,0,0,0,0,0,0,0,0,0,0,0,0,0,0,0,0,0,0,0,0,0,0,0,0,0,0,0,0,0,0,0,0,0,0,0,0,0,0,0,0,0,0,0,0,0,0,0,0
WuW2eIQKEEM,10501 Kepilasgadhi Rural Municipality,105 KHOTANG,105,1 Koshi Province,1,10501,5.0,1.0,4.0,0,1.0,2.0,4.0,0,0,1.0,0,0,0,0,0,1.0,1.0,0,0,0,0,0,0,0,0,0,0,0,0,0,0,0,0,0,0,1.0,0,0,1.0,0,0,1.0,1.0,0,0,0,0,0,0,0,0,0,0,0,0,0,0,0,0,0,0,0,0,0,0,0,0,0,0,0,0,0,0,0,0,0,0,0,0,0,0,0,0,0,0,0,0,0,0,0,0,0,0,0,0,0,0,0,0,0,0,0,0,0,0,0,0,0,0,0,0,0,0,0,0,0,6.0,0,0,1.0,0,0,0,0,1.0,1.0,4.0,6.0
S0dzRo6mP3N,60604 Thantikandh Rural Municipality,606 DAILEKH,606,6 Karnali Province,6,60604,0,0,0,0,0,0,0,0,0,2.0,0,0,0,0,0,0,0,0,0,2.0,1.0,0,0,0,0,0,0,0,0,0,0,0,0,0,0,0,0,0,0,0,0,0,0,0,0,0,0,0,0,0,0,0,0,0,0,0,0,0,0,0,0,0,0,0,0,0,0,0,0,0,0,0,2.0,0,0,0,0,0,0,0,0,0,0,0,0,0,0,0,0,0,0,0,0,0,0,0,0,0,0,0,0,0,0,0,0,0,0,0,0,0,0,0,0,0,0,0,0,0,0,0,0,0,0,0,0,0,0,0
Ra80Qk48O76,20303 Mithila Municipality,203 DHANUSA,203,2 Madhesh Province,2,20303,0,0,0,0,0,0,0,0,0,0,0,0,0,0,0,0,0,0,0,1.0,0,0,0,0,0,0,0,0,0,0,0,0,0,0,0,0,0,0,0,0,0,0,0,0,0,0,0,0,0,0,0,0,0,0,0,0,0,0,0,0,0,0,0,0,0,0,0,0,0,0,0,0,0,0,0,0,0,0,0,0,0,0,0,0,0,0,0,0,0,0,1.0,0,0,0,0,0,8.0,0,0,0,0,0,0,0,0,0,0,0,0,0,0,0,0,0,0,0,0,0,0,0,0,0,0,0,0,0,0,0
iujDcxElwWs,10205 Sabhapokhari Rural Municipality,102 SANKHUWASABHA,102,1 Koshi Province,1,10205,1.0,0,0,0,0,0,0,0,1.0,0,0,0,0,0,0,0,0,0,0,1.0,0,0,0,0,0,0,0,0,0,0,0,0,0,0,0,0,0,0,0,1.0,0,2.0,0,0,0,0,0,0,0,0,0,0,0,0,0,0,0,0,0,0,0,0,0,0,1.0,1.0,0,0,0,0,1.0,0,1.0,0,0,0,0,0,0,0,0,0,0,0,0,0,0,0,0,0,0,0,0,0,0,0,0,0,0,0,0,0,0,0,0,0,0,0,2.0,0,0,0,0,0,0,0,0,1.0,0,0,1.0,0,0,0,0,1.0,0,0
itvnxQdZ1St,30303 Uttargaya Rural Municipality,303 RASUWA,303,3 Bagmati Province,3,30303,0,2.0,0,0,0,0,1.0,0,0,1.0,0,1.0,0,0,0,0,0,0,0,0,1.0,0,0,0,0,0,0,0,0,0,0,0,0,0,0,0,1.0,0,0,0,0,1.0,0,0,0,0,0,0,0,0,0,0,2.0,0,0,0,0,0,0,0,0,0,0,0,0,0,0,0,0,0,0,0,0,0,0,0,0,0,0,1.0,1.0,0,0,0,0,0,0,0,0,0,0,0,0,0,0,0,0,0,0,0,0,0,0,0,0,0,0,0,0,0,0,0,0,0,0,0,0,0,0,0,0,0,0,0,0,0,0,0
pUqFVjRFjZo,51108 Narainapur Rural Municipality,511 BANKE,511,5 Lumbini Province,5,51108,0,0,0,0,0,0,0,0,0,0,0,0,0,0,0,0,0,0,0,0,0,0,0,0,0,0,0,0,0,0,0,0,0,0,0,0,0,0,0,0,0,0,0,0,0,0,0,0,0,0,0,0,0,0,0,0,0,0,0,0,0,0,0,0,0,0,0,0,0,0,0,0,0,0,0,0,0,0,0,0,0,0,0,0,0,0,0,0,0,0,0,0,0,0,0,0,0,0,0,0,0,0,0,0,0,0,0,0,0,0,0,0,0,0,0,0,0,2.0,0,0,0,0,0,0,0,0,0,0
TnkKgyVJjqP,31105 Kamalamai Municipality,311 SINDHULI,311,3 Bagmati Province,3,31105,0,0,0,0,0,0,0,0,0,12.0,0,0,0,0,4.0,0,0,0,1.0,0,12.0,8.0,0,0,0,0,0,0,0,0,0,11.0,0,0,0,0,0,0,0,0,0,0,9.0,2.0,0,0,0,0,0,0,0,0,0,0,0,0,0,0,0,0,0,0,0,0,0,0,0,0,0,2.0,0,0,0,8.0,0,0,0,0,0,0,2.0,0,0,6.0,9.0,1.0,0,0,0,0,0,0,0,0,8.0,8.0,0,0,0,0,0,0,0,0,6.0,11.0,0,0,0,0,0,1.0,0,0,0,10.0,13.0,0,0,0,0,0,2.0,0,1.0,1.0,11.0,11.0
byh0saBehjx,11402 Chaudandigadhi Municipality,114 UDAYAPUR,114,1 Koshi Province,1,11402,37.0,25.0,15.0,10.0,66.0,8.0,0,0,28.0,0,20.0,7.0,2.0,7.0,49.0,11.0,0,5.0,2.0,3.0,0,4.0,1.0,9.0,1.0,19.0,26.0,5.0,0,4.0,0,0,10.0,26.0,6.0,7.0,32.0,35.0,14.0,0,0,8.0,6.0,12.0,0,1.0,3.0,20.0,3.0,1.0,3.0,0,0,0,0,0,0,4.0,0,0,0,0,0,0,6.0,9.0,28.0,29.0,43.0,6.0,1.0,7.0,3.0,0,6.0,6.0,3.0,2.0,4.0,0,2.0,4.0,0,8.0,0,0,0,0,0,0,0,0,1.0,0,0,0,0,0,1.0,0,0,0,2.0,7.0,0,0,0,1.0,0,0,0,0,0,0,0,0,0,4.0,10.0,16.0,34.0,35.0,4.0,0,8.0,6.0,7.0,46.0
pxZmNLjeU1d,20413 Pipara Rural Municipality,204 MAHOTTARI,204,2 Madhesh Province,2,20413,0,0,0,0,0,0,0,0,0,0,0,0,0,0,0,0,0,0,2.0,0,0,0,0,0,0,0,0,0,0,0,0,0,0,0,0,0,0,0,0,0,0,0,0,0,0,0,0,0,0,0,0,0,0,0,0,0,0,0,0,0,0,0,0,0,0,0,0,0,0,0,0,0,0,0,0,0,0,0,0,0,0,0,0,0,0,0,0,0,0,0,0,0,0,0,0,0,0,0,0,0,0,0,0,0,0,0,0,0,0,0,0,0,0,0,0,0,0,0,0,0,0,0,0,0,0,1.0,0,0
wdNmgGSUtFW,20503 Bagmati Municipality,205 SARLAHI,205,2 Madhesh Province,2,20503,0,0,0,0,0,0,0,0,0,0,0,0,0,0,0,0,0,0,0,0,0,0,0,0,0,0,0,0,0,0,0,0,0,0,0,0,0,0,0,0,0,0,1.0,0,0,0,0,0,0,0,0,0,0,0,0,0,0,0,0,0,0,0,0,0,0,0,0,0,0,0,0,0,0,0,0,0,0,0,0,0,0,0,0,0,0,0,0,0,0,0,0,0,0,0,0,0,0,0,0,0,0,0,0,0,0,0,0,0,0,0,0,0,0,0,0,0,0,0,0,2.0,0,0,0,0,0,0,0,0
L5kn1amPA1q,60601 Naumule Rural Municipality,606 DAILEKH,606,6 Karnali Province,6,60601,0,4.0,0,0,2.0,0,0,0,2.0,0,1.0,1.0,0,0,0,0,0,0,0,0,0,4.0,0,0,0,0,0,0,0,0,0,0,0,1.0,0,1.0,0,0,6.0,1.0,0,0,1.0,0,0,0,0,0,0,1.0,0,0,0,0,0,0,0,0,0,0,0,0,0,0,1.0,0,0,0,0,0,0,0,0,0,2.0,0,0,0,0,0,0,0,0,0,0,0,0,0,0,0,0,0,0,0,0,0,0,0,0,0,0,0,0,0,0,0,0,0,2.0,0,0,0,0,0,0,0,0,0,1.0,5.0,0,3.0,3.0,0,0,0,1.0,6.0
cH1bHmSErN6,51106 Nepalganj Sub-Metropolitan City,511 BANKE,511,5 Lumbini Province,5,51106,0,0,0,0,0,0,0,0,0,0,0,0,0,0,0,0,0,0,0,0,0,0,0,0,0,0,2.0,0,0,0,0,0,0,0,0,0,0,0,0,0,0,0,0,0,0,0,0,0,0,0,0,0,0,0,0,0,0,0,0,0,0,0,0,0,0,0,0,0,0,0,0,0,0,0,0,0,0,0,0,0,0,0,0,0,0,0,0,0,0,0,0,0,0,0,0,0,0,0,0,0,0,0,0,0,0,0,0,0,0,0,0,0,0,0,0,0,0,0,0,0,0,0,0,1.0,0,0,0,0
JWW0mCd4cEs,50208 Runtigadhi Rural Municipality,502 ROLPA,502,5 Lumbini Province,5,50208,0,0,0,0,0,0,0,0,1.0,0,0,0,0,0,0,0,0,0,0,0,0,1.0,0,0,0,1.0,0,0,0,0,0,0,0,0,0,0,1.0,1.0,0,0,0,4.0,0,2.0,0,0,0,0,0,0,0,0,0,0,0,0,0,0,0,0,0,0,0,0,0,0,0,0,0,0,0,0,0,1.0,0,0,0,0,0,0,0,0,0,0,0,1.0,0,0,0,0,0,0,0,0,0,0,0,0,0,0,0,0,0,0,0,0,0,0,0,0,0,0,0,0,0,0,0,0,0,0,0,0,0,0,0,0,0,4.0
YXEeP5pYtvq,40401 Annapurna Rural Municipality,404 MYAGDI,404,4 Gandaki Province,4,40401,0,2.0,1.0,0,1.0,0,0,0,0,0,1.0,0,1.0,0,0,0,1.0,1.0,0,0,0,0,0,0,1.0,1.0,0,0,0,0,0,0,0,0,0,0,0,0,1.0,1.0,0,2.0,1.0,0,0,0,0,0,0,0,0,0,0,0,0,0,0,0,0,0,0,0,0,0,0,0,1.0,0,2.0,0,0,0,0,0,0,0,0,0,0,0,0,0,0,0,0,0,0,0,0,0,0,0,0,0,0,0,0,0,0,0,0,0,0,0,0,0,0,0,0,0,0,0,0,0,0,0,0,2.0,0,3.0,0,1.0,0,0,3.0,0,1.0,0
FNsPCtVEyoG,10601 Shadananda Municipality,106 BHOJPUR,106,1 Koshi Province,1,10601,0,0,1.0,2.0,0,1.0,0,1.0,1.0,0,1.0,0,1.0,3.0,0,0,0,0,2.0,0,2.0,0,2.0,0,0,0,0,0,0,0,0,1.0,0,0,4.0,0,0,0,3.0,2.0,0,0,3.0,3.0,0,0,0,0,0,0,0,0,0,0,0,2.0,1.0,0,0,0,0,0,0,0,0,0,1.0,0,1.0,0,1.0,1.0,0,3.0,1.0,0,1.0,0,0,0,0,0,0,0,2.0,1.0,0,0,0,0,0,0,0,0,0,0,0,0,0,0,0,0,0,0,0,0,0,0,0,0,0,0,0,0,0,0,1.0,0,3.0,1.0,0,0,0,1.0,0,0,3.0,6.0
T3Fa8euLX3d,31304 Bharatpur Metropolitan City,313 CHITWAN,313,3 Bagmati Province,3,31304,3.0,239.0,0,0,0,1.0,0,1.0,0,0,1.0,0,0,3.0,0,0,0,0,1.0,0,0,0,2.0,0,0,0,1.0,0,0,0,1.0,0,0,6.0,0,3.0,4.0,0,0,0,1.0,2.0,0,0,0,0,0,0,0,0,0,0,0,0,0,0,0,0,1.0,1.0,0,0,0,0,16.0,2.0,2.0,0,0,1.0,1.0,1.0,1.0,0,0,0,0,0,0,0,0,0,0,0,0,0,0,0,4.0,0,0,0,0,0,0,0,0,0,0,0,0,0,0,0,0,0,0,0,0,0,0,0,0,0,10.0,0,0,4.0,5.0,0,0,0,0,0,1.0,2.0,3.0,0
f5sr4KVRSGU,20103 Agnisair Krishna Sabaran Rural Municipality,201 SAPTARI,201,2 Madhesh Province,2,20103,0,0,0,0,0,0,0,0,0,0,0,0,0,0,0,0,0,0,0,0,0,0,0,0,0,0,0,0,0,0,0,0,0,0,0,0,0,0,0,2.0,0,0,0,0,0,0,0,0,0,0,0,0,0,0,0,0,0,0,0,0,0,0,0,0,0,0,0,0,0,0,0,0,0,0,0,0,0,0,0,0,0,0,0,0,0,0,0,0,0,0,0,0,0,0,0,0,0,0,0,0,0,0,0,2.0,0,0,0,0,0,0,0,0,0,0,0,0,0,0,0,0,0,0,0,0,0,0,0,0
wlbToQ1QwgX,50601 Rampur Municipality,506 PALPA,506,5 Lumbini Province,5,50601,21.0,44.0,28.0,29.0,5.0,13.0,24.0,31.0,0,0,0,1.0,7.0,22.0,15.0,80.0,28.0,22.0,0,0,0,0,9.0,0,23.0,7.0,11.0,9.0,7.0,0,0,0,0,15.0,24.0,36.0,22.0,97.0,16.0,15.0,9.0,0,0,0,0,0,11.0,2.0,3.0,10.0,7.0,0,0,0,0,0,1.0,1.0,0,2.0,0,0,0,0,0,4.0,22.0,11.0,20.0,20.0,19.0,8.0,0,0,0,3.0,7.0,0,0,66.0,9.0,10.0,0,0,0,0,0,1.0,1.0,0,0,0,0,0,0,0,0,1.0,0,0,14.0,1.0,0,0,0,0,0,0,0,0,0,0,0,0,0,0,0,0,30.0,30.0,29.0,16.0,24.0,23.0,0,26.0,0,0
eyOgs1AMLWG,10402 Siddhicharan Municipality,104 OKHALDHUNGA,104,1 Koshi Province,1,10402,0,0,0,4.0,0,0,0,0,0,2.0,0,0,1.0,0,0,0,0,0,0,0,0,1.0,0,0,0,0,0,0,0,0,0,0,0,0,0,0,0,0,0,0,0,0,0,0,0,0,0,2.0,0,0,0,0,0,0,0,0,0,0,0,0,0,0,0,0,0,0,0,0,2.0,0,0,0,0,0,0,0,0,0,0,0,0,0,0,0,1.0,0,0,0,0,0,0,0,0,0,0,0,0,0,0,0,0,0,0,0,0,0,0,0,0,0,0,0,0,0,0,0,0,0,0,0,1.0,0,0,0,0,0,3.0,5.0
vpjSGFCbvE7,50703 Ramgram Municipality,507 NAWALPARASI WEST,507,5 Lumbini Province,5,50703,107.0,86.0,51.0,67.0,0,0,0,64.0,43.0,0,0,57.0,28.0,33.0,34.0,0,0,0,19.0,0,0,0,32.0,20.0,22.0,19.0,0,0,0,15.0,4.0,0,0,69.0,59.0,56.0,14.0,0,0,0,0,0,0,0,16.0,12.0,15.0,8.0,0,0,0,0,0,0,11.0,4.0,5.0,5.0,0,0,0,0,0,0,70.0,68.0,46.0,39.0,0,0,0,52.0,7.0,0,0,19.0,32.0,39.0,14.0,0,0,0,11.0,0,0,0,2.0,3.0,2.0,1.0,0,0,0,0,0,0,6.0,7.0,8.0,1.0,0,0,0,0,0,0,0,0,3.0,6.0,1.0,0,0,0,0,0,74.0,95.0,61.0,13.0,17.0,0,0,0,66.0,52.0,0,0
SFZBuUvoplo,40503 Annapurna Rural Municipality,405 KASKI,405,4 Gandaki Province,4,40503,0,2.0,0,0,0,0,2.0,0,2.0,4.0,1.0,0,1.0,0,0,0,0,0,1.0,0,2.0,0,0,0,0,0,0,0,0,0,0,0,0,0,0,0,0,1.0,0,0,0,1.0,0,1.0,0,0,0,0,0,0,0,0,0,0,0,0,0,0,0,0,0,0,0,0,0,0,0,0,1.0,0,0,1.0,0,0,0,0,0,0,0,0,0,0,0,0,0,0,0,0,0,0,0,0,0,0,0,0,0,0,0,0,0,0,0,0,0,0,0,0,0,0,0,0,0,0,0,0,0,0,0,1.0,1.0,0,2.0,0,4.0,2.0,0,5.0
NXKDqdR7CUd,70906 Laljhadi Rural Municipality,709 KANCHANPUR,709,7 Sudurpashchim Province,7,70906,0,0,0,0,0,0,0,0,0,0,0,7.0,0,0,0,0,0,0,0,0,0,0,0,0,0,0,0,0,0,0,0,0,0,0,0,0,0,0,0,0,0,0,0,0,0,0,0,0,0,0,0,0,0,0,0,0,0,0,0,0,0,0,0,0,0,0,0,0,0,0,0,0,0,0,0,0,0,0,0,0,0,0,0,0,0,0,0,0,0,0,0,0,0,0,0,0,0,0,0,0,0,0,0,0,0,0,0,0,0,0,0,0,0,0,0,0,0,0,0,0,0,0,0,0,0,0,0,0
KHY8lkQw5QC,30608 Kathmandu Metropolitan City,306 KATHMANDU,306,3 Bagmati Province,3,30608,20.0,7.0,0,1.0,0,0,6.0,14.0,0,0,2.0,0,0,0,0,0,0,0,0,0,0,0,10.0,0,0,0,0,1.0,0,0,0,4.0,0,0,0,1.0,0,0,6.0,0,0,3.0,0,0,0,0,2.0,0,1.0,0,0,0,0,2.0,0,0,0,8.0,1.0,0,0,1.0,0,2.0,0,0,0,1.0,0,0,0,0,0,6.0,2.0,2.0,2.0,4.0,0,0,2.0,6.0,0,2.0,0,0,3.0,0,2.0,0,0,0,0,0,0,2.0,0,0,1.0,0,0,0,0,0,0,0,2.0,4.0,3.0,0,0,0,0,2.0,4.0,0,0,0,0,0,4.0,0,4.0,0,2.0,2.0,0,2.0
pd1zu9cgxMT,50907 Kapilbastu Municipality,509 KAPILBASTU,509,5 Lumbini Province,5,50907,0,0,34.0,29.0,0,6.0,0,0,0,0,0,0,26.0,16.0,0,1.0,0,0,0,0,0,0,0,0,14.0,8.0,0,5.0,6.0,0,0,0,0,0,39.0,18.0,0,1.0,0,0,0,0,0,0,0,10.0,4.0,0,7.0,0,0,0,0,0,0,6.0,4.0,0,0,3.0,0,0,0,0,0,0,21.0,21.0,0,5.0,0,0,0,0,0,0,9.0,17.0,0,0,0,0,0,0,0,0,0,3.0,3.0,0,0,0,0,2.0,0,0,0,5.0,8.0,0,0,0,0,0,0,0,0,0,5.0,2.0,0,0,0,0,0,0,0,0,74.0,22.0,18.0,2.0,0,0,0,0,0,0
KvHrEEoouzN,11211 Rangeli Municipality,112 MORANG,112,1 Koshi Province,1,11211,0,0,44.0,44.0,0,0,0,0,0,0,0,0,26.0,19.0,30.0,11.0,0,9.0,5.0,0,0,0,0,0,11.0,13.0,16.0,5.0,27.0,0,0,0,0,0,31.0,32.0,26.0,47.0,0,13.0,0,0,0,0,0,9.0,4.0,10.0,16.0,0,0,0,0,0,0,2.0,7.0,3.0,6.0,0,3.0,0,0,0,0,0,18.0,21.0,17.0,0,0,7.0,0,0,0,0,15.0,12.0,4.0,0,0,0,0,0,0,0,0,7.0,0,2.0,1.0,0,0,0,0,0,0,8.0,9.0,8.0,0,0,4.0,10.0,0,0,0,0,5.0,3.0,2.0,4.0,0,0,0,0,0,0,41.0,62.0,48.0,0,0,21.0,32.0,0,0,0
YSLRx59DlQr,40107 Siranchowk Rural Municipality,401 GORKHA,401,4 Gandaki Province,4,40107,0,0,1.0,1.0,2.0,6.0,2.0,0,1.0,3.0,0,1.0,1.0,2.0,1.0,0,0,5.0,0,3.0,1.0,1.0,0,0,0,0,0,0,1.0,0,0,0,0,1.0,3.0,0,2.0,1.0,5.0,1.0,2.0,2.0,1.0,2.0,0,0,4.0,1.0,0,1.0,0,0,0,0,0,0,0,0,0,0,0,0,0,0,0,1.0,1.0,2.0,1.0,3.0,2.0,3.0,2.0,0,0,0,0,0,0,0,0,0,0,0,1.0,0,0,0,0,0,0,0,0,0,0,0,0,0,1.0,0,0,0,0,0,0,0,0,0,0,0,0,0,0,0,0,0,0,2.0,0,1.0,1.0,0,4.0,2.0,1.0,2.0,0,5.0
VngHSEILZUe,40905 Bhirkot Municipaity,409 SYANGJA,409,4 Gandaki Province,4,40905,0,0,0,0,2.0,0,6.0,0,0,1.0,6.0,2.0,4.0,0,0,0,0,0,0,2.0,4.0,0,0,0,0,0,0,1.0,0,2.0,0,0,0,0,3.0,2.0,0,0,0,0,1.0,0,4.0,0,0,0,0,0,0,1.0,0,0,1.0,1.0,0,0,0,0,0,0,0,0,0,0,0,0,0,0,0,0,1.0,0,0,0,2.0,0,2.0,0,1.0,0,0,2.0,2.0,0,1.0,1.0,0,0,0,0,0,0,0,0,0,0,0,0,0,0,0,0,0,0,0,0,0,0,0,2.0,0,0,0,0,0,0,0,1.0,2.0,0,0,0,0,0,1.0,2.0,4.0,7.0
lO9MStItdyH,30607 Nagarjun Municipality,306 KATHMANDU,306,3 Bagmati Province,3,30607,0,2.0,0,0,0,0,1.0,0,0,0,0,0,0,0,2.0,0,0,0,0,0,0,0,0,0,0,0,0,0,0,0,0,0,0,2.0,0,0,0,1.0,0,0,0,0,0,0,0,0,0,0,0,0,0,0,0,0,0,0,0,0,0,0,0,0,0,0,0,0,0,0,0,3.0,0,0,0,0,0,0,0,0,0,0,0,0,0,0,0,0,0,0,0,0,0,0,0,0,0,0,0,0,0,0,0,0,0,0,0,0,0,0,0,0,0,0,0,0,0,0,0,0,0,0,0,0,0,0,0,0,0,0
ldV4E2PsEh4,20714 Mahagadhimai Municipality,207 BARA,207,2 Madhesh Province,2,20714,0,0,0,0,0,0,0,0,0,0,0,0,0,0,0,0,0,0,0,0,0,0,0,0,0,0,0,0,0,0,0,0,0,0,0,0,0,0,0,0,0,0,0,0,0,0,0,0,0,0,0,0,0,0,6.0,0,0,0,0,0,0,0,0,0,0,0,0,0,0,0,0,0,0,0,0,0,0,0,0,0,0,0,0,0,0,0,0,0,0,0,0,0,0,0,0,0,0,0,0,4.0,0,0,0,0,0,0,0,0,0,0,0,0,0,0,0,0,0,0,0,0,0,0,0,0,0,0,0,0
im7xsl9uLhz,60502 Pachal Jharana Rural Municipality,605 KALIKOT,605,6 Karnali Province,6,60502,0,0,0,0,0,0,0,0,0,0,2.0,0,0,0,0,0,0,0,0,0,0,0,0,0,0,0,0,0,0,0,0,0,0,0,1.0,0,0,1.0,0,0,0,0,0,0,0,0,0,0,0,0,0,0,0,0,0,0,0,0,0,0,0,0,0,0,0,0,0,0,0,0,0,0,0,0,0,0,0,0,0,0,1.0,0,0,0,0,0,0,0,0,0,0,0,0,0,0,0,0,2.0,0,0,0,0,0,0,0,0,0,0,0,0,0,0,0,0,0,0,0,0,0,0,0,0,0,0,0,0,0,0
wwOSgp0cOmn,11108 Gauradaha Municipality,111 JHAPA,111,1 Koshi Province,1,11108,0,0,0,0,0,0,0,0,0,0,0,0,0,0,0,0,0,0,0,0,0,0,0,0,0,0,0,0,0,0,0,0,0,0,0,0,0,0,2.0,0,0,0,0,0,0,0,0,0,0,0,0,0,0,0,0,0,0,0,0,0,2.0,0,0,0,0,0,0,0,0,0,0,0,0,0,0,0,0,0,0,0,0,0,0,0,0,0,0,0,0,0,0,0,2.0,0,0,0,0,0,0,0,0,0,0,0,0,0,0,0,0,0,0,0,0,0,0,0,0,0,0,0,0,0,0,0,0,0,0,0
H2t20CMYnL9,20607 Madhav Narayan Municipality,206 RAUTAHAT,206,2 Madhesh Province,2,20607,0,0,0,0,0,0,0,0,0,0,0,0,0,0,0,0,0,0,0,0,0,0,0,0,0,0,0,0,0,0,0,0,0,0,0,0,0,0,0,0,0,0,0,0,0,0,0,0,0,0,1.0,0,0,0,0,0,0,0,0,0,0,0,0,0,0,0,0,0,0,0,0,0,0,0,0,0,0,0,0,0,0,0,0,0,0,0,0,0,0,0,0,0,0,0,0,0,0,0,0,0,0,0,0,0,0,0,0,0,0,0,0,0,0,0,0,0,0,0,0,0,0,0,0,0,0,0,0,0
MO5GjZ8pyt0,30209 Bahrabise Municipality,302 SINDHUPALCHOK,302,3 Bagmati Province,3,30209,10.0,6.0,1.0,2.0,2.0,3.0,8.0,3.0,1.0,7.0,5.0,2.0,0,1.0,0,1.0,3.0,7.0,12.0,3.0,2.0,1.0,0,3.0,2.0,0,0,0,0,0,0,2.0,1.0,4.0,2.0,0,2.0,3.0,0,2.0,0,4.0,4.0,2.0,0,2.0,0,0,0,0,0,0,1.0,0,5.0,0,0,0,0,0,0,0,0,0,9.0,4.0,0,0,1.0,0,1.0,0,0,3.0,0,1.0,1.0,0,0,0,0,0,1.0,2.0,1.0,2.0,0,0,0,0,0,0,2.0,0,0,0,1.0,0,0,0,1.0,0,3.0,2.0,0,0,0,2.0,4.0,0,0,0,0,0,0,0,0,5.0,2.0,7.0,0,2.0,0,7.0,5.0,1.0,0,7.0
elTl9yVygGH,20708 Kalaiya Sub-Metropolitan City,207 BARA,207,2 Madhesh Province,2,20708,0,0,0,0,0,9.0,0,0,166.0,0,0,2.0,0,0,0,0,0,0,0,0,0,0,0,4.0,1.0,0,0,0,0,0,37.0,0,0,16.0,0,0,0,2.0,0,0,0,0,0,0,0,0,0,0,0,0,5.0,42.0,0,0,0,0,0,0,0,0,16.0,17.0,0,0,0,0,0,0,0,108.0,0,0,83.0,0,0,0,0,0,0,0,0,0,44.0,1.0,0,0,0,0,0,0,0,0,11.0,8.0,0,0,0,0,0,0,0,0,0,11.0,0,0,0,0,0,0,0,0,0,0,6.0,0,0,3.0,0,0,0,0,0,0,0,0,0,0
mqGibmoSsMZ,30909 Panauti Municipality,309 KAVREPALANCHOK,309,3 Bagmati Province,3,30909,4.0,3.0,11.0,14.0,14.0,0,0,1.0,4.0,1.0,23.0,12.0,0,6.0,6.0,16.0,0,0,0,0,0,0,0,2.0,0,0,2.0,0,0,0,0,0,21.0,7.0,0,25.0,0,15.0,8.0,1.0,1.0,0,0,7.0,0,0,0,0,0,0,0,4.0,0,0,0,0,0,0,0,0,0,0,0,0,0,1.0,0,0,1.0,0,1.0,0,1.0,0,0,0,1.0,0,0,3.0,14.0,0,15.0,0,2.0,0,0,0,0,0,0,0,0,0,0,0,0,0,0,0,8.0,0,0,0,0,0,0,0,0,0,0,0,0,5.0,3.0,0,0,9.0,4.0,14.0,0,9.0,6.0,0,1.0,2.0,2.0,7.0
ofnHcaTRfxi,31003 Likhu Rural Municipality,310 RAMECHHAP,310,3 Bagmati Province,3,31003,0,1.0,0,0,0,0,0,0,0,2.0,2.0,0,0,0,0,0,0,0,0,0,1.0,0,0,0,0,0,0,0,0,1.0,0,0,0,0,1.0,0,0,0,1.0,0,0,0,0,0,0,0,0,0,0,0,0,0,0,0,0,0,0,0,0,0,0,0,0,0,0,0,1.0,0,0,1.0,0,0,0,0,0,0,0,0,0,0,0,0,0,0,0,0,0,0,0,0,0,0,0,0,0,0,0,0,0,0,0,0,0,0,0,0,0,0,0,0,0,0,0,0,0,0,0,0,0,0,0,0,0,0,0,0,1.0,2.0
dSOcyKXtRHv,40707 Rhishing Rural Municipality,407 TANAHU,407,4 Gandaki Province,4,40707,0,0,0,0,0,0,0,0,0,1.0,0,0,0,0,0,0,0,0,0,0,0,0,0,0,0,0,0,0,0,0,0,0,0,0,2.0,0,0,0,1.0,0,0,0,0,0,0,0,0,0,0,0,0,0,0,0,0,0,0,0,0,0,0,0,0,0,0,0,0,0,0,0,0,1.0,0,0,0,0,0,0,1.0,0,0,1.0,0,0,0,0,0,0,0,0,0,0,0,0,0,0,0,0,0,0,0,0,0,0,0,0,0,0,0,0,0,0,0,0,0,0,0,0,0,0,1.0,1.0,0,0,0,0,0,0
ZWKia1zshTm,50101 Putha Uttanganga Rural Municipality,501 RUKUM EAST,501,5 Lumbini Province,5,50101,0,0,0,0,1.0,1.0,0,2.0,0,0,2.0,0,0,0,0,0,1.0,0,1.0,0,0,0,0,0,0,0,0,0,0,0,0,0,0,0,0,0,0,1.0,1.0,0,0,0,0,1.0,0,0,0,0,0,0,0,0,0,0,0,0,0,0,0,0,0,0,0,0,0,0,0,0,0,0,0,0,0,0,0,0,0,0,0,0,0,0,0,0,0,0,0,0,0,0,0,0,0,0,0,0,0,0,0,0,0,0,0,0,0,0,0,0,0,0,0,0,0,0,0,0,0,0,0,0,0,0,0,0,0,0,0,5.0
aM1i0dQi3ox,40901 Putalibazar Municipality,409 SYANGJA,409,4 Gandaki Province,4,40901,0,0,2.0,6.0,0,0,0,0,0,0,3.0,0,10.0,0,0,0,0,0,0,0,0,3.0,0,0,0,0,0,0,0,0,0,0,2.0,0,1.0,0,0,2.0,1.0,0,0,0,0,3.0,0,2.0,6.0,0,0,0,0,0,2.0,0,0,0,0,0,0,0,0,0,0,0,0,0,0,8.0,1.0,0,0,0,0,1.0,9.0,0,0,0,1.0,0,0,0,0,0,0,3.0,0,0,5.0,0,0,0,0,0,0,0,0,0,0,0,0,0,0,0,0,0,2.0,0,0,3.0,0,0,0,0,0,0,0,1.0,2.0,0,6.0,0,0,0,0,0,2.0,15.0
hgLqgeNWOie,60507 Tilagupha Municipality,605 KALIKOT,605,6 Karnali Province,6,60507,0,0,0,0,0,0,0,0,0,0,0,0,0,0,0,0,0,0,1.0,1.0,0,0,0,0,0,0,0,0,0,0,0,0,0,2.0,0,0,0,0,0,0,0,5.0,2.0,0,0,0,0,0,0,0,0,0,0,1.0,0,0,0,0,0,0,0,0,0,0,0,0,0,0,0,0,0,0,0,0,0,0,0,0,0,0,0,0,0,0,0,0,0,0,0,0,0,0,0,0,0,0,0,0,0,0,0,0,0,0,0,0,0,0,0,0,0,0,0,0,0,0,0,0,0,0,0,0,0,1.0,1.0,0,0,0
xVELZDapXqi,60508 Mahawai Rural Municipality,605 KALIKOT,605,6 Karnali Province,6,60508,0,0,0,0,0,0,0,0,0,0,0,0,0,0,0,0,0,0,0,0,0,0,0,0,0,0,0,0,0,0,0,0,0,0,0,0,0,0,0,0,0,0,0,0,0,0,0,0,0,0,0,0,0,0,0,0,0,0,0,0,0,0,0,0,0,0,0,0,0,0,0,0,0,0,0,0,0,0,0,0,0,0,0,0,0,0,0,0,0,0,0,0,0,0,0,0,0,0,0,0,0,0,0,0,0,0,0,0,0,0,0,0,0,0,0,0,0,0,0,0,0,0,0,0,0,1.0,0,0
dg95KkHSYuU,10303 Sotang Rural Municipality,103 SOLUKHUMBU,103,1 Koshi Province,1,10303,0,1.0,3.0,1.0,2.0,4.0,0,5.0,1.0,1.0,1.0,0,0,0,0,0,0,1.0,1.0,0,2.0,3.0,0,0,0,0,0,0,0,1.0,0,0,0,4.0,0,0,0,3.0,0,0,0,6.0,2.0,0,0,0,0,0,0,0,0,0,0,0,0,0,0,0,0,0,0,0,0,0,2.0,2.0,0,0,9.0,1.0,0,1.0,0,1.0,0,0,1.0,0,0,1.0,0,2.0,0,0,0,2.0,0,0,0,0,0,0,0,0,10.0,0,0,0,0,0,1.0,0,0,0,0,0,0,0,0,0,0,0,0,0,0,0,0,3.0,0,1.0,2.0,1.0,1.0,0,2.0,14.0,0,35.0
Lc1kr8bTyYM,50209 Sunil Smriti Rural Municipality,502 ROLPA,502,5 Lumbini Province,5,50209,1.0,0,0,1.0,7.0,0,4.0,2.0,1.0,0,3.0,0,0,0,0,1.0,1.0,2.0,1.0,1.0,10.0,0,0,0,0,1.0,0,0,0,0,0,0,0,4.0,6.0,2.0,1.0,6.0,4.0,2.0,1.0,3.0,0,3.0,0,0,0,0,0,0,0,0,0,0,0,0,0,0,0,0,0,0,0,0,0,0,0,0,0,0,2.0,3.0,0,2.0,0,0,0,0,0,0,0,0,0,2.0,0,1.0,0,0,0,1.0,0,0,0,0,0,0,0,0,0,0,0,0,0,0,0,0,4.0,0,0,0,0,0,0,0,0,0,0,1.0,0,2.0,2.0,0,10.0,6.0,12.0,3.0,3.0,8.0
xX7eCpkd7AI,30611 Dakshinkali Municipality,306 KATHMANDU,306,3 Bagmati Province,3,30611,1.0,0,0,1.0,1.0,0,2.0,0,0,0,0,1.0,2.0,0,0,2.0,0,0,0,0,0,0,2.0,0,1.0,0,0,0,0,0,0,0,0,2.0,1.0,0,0,0,1.0,0,0,0,0,0,0,0,0,0,0,0,2.0,0,0,0,0,0,0,0,0,0,0,0,0,0,0,1.0,1.0,0,0,2.0,0,0,0,3.0,0,0,0,0,0,0,0,0,0,0,0,0,0,0,0,0,0,0,0,0,0,0,0,0,0,0,0,0,0,0,0,6.0,0,0,0,0,0,0,0,0,0,0,0,3.0,1.0,0,0,1.0,0,1.0,0,1.0,0,0
pS6VQHJLxbH,31004 Ramechhap Municipality,310 RAMECHHAP,310,3 Bagmati Province,3,31004,0,0,0,0,1.0,0,2.0,4.0,2.0,1.0,0,1.0,0,2.0,3.0,1.0,0,1.0,1.0,0,1.0,0,1.0,0,0,0,0,0,0,0,0,0,0,0,0,1.0,5.0,0,1.0,0,0,1.0,0,0,0,0,0,0,0,0,0,0,1.0,0,0,0,0,0,0,0,0,0,0,0,0,1.0,0,5.0,1.0,1.0,0,0,0,0,0,0,0,0,0,0,1.0,0,0,0,0,0,0,0,0,0,0,0,0,0,0,0,0,0,0,0,0,0,0,0,0,0,0,0,0,0,0,0,0,0,0,0,0,1.0,0,2.0,22.0,0,1.0,1.0,0,0,0,8.0
lAyJC7MtKl6,70505 Parashuram Municipality,705 DADELDHURA,705,7 Sudurpashchim Province,7,70505,3.0,0,2.0,0,0,0,0,4.0,1.0,7.0,10.0,2.0,0,0,0,1.0,0,0,0,8.0,5.0,2.0,0,2.0,1.0,0,0,0,0,0,0,0,1.0,7.0,1.0,0,0,1.0,0,0,4.0,3.0,12.0,5.0,0,0,0,0,0,0,0,0,2.0,0,0,0,0,0,0,0,0,1.0,0,0,2.0,0,4.0,0,4.0,0,0,0,3.0,0,0,0,0,0,0,0,0,2.0,0,1.0,8.0,0,0,0,0,0,0,0,0,0,0,0,0,0,0,0,0,0,0,0,0,0,0,0,0,0,0,0,0,0,0,0,0,3.0,1.0,2.0,0,0,2.0,0,6.0,12.0,14.0,7.0
r7SYGwmQrDC,50603 Rambha Rural Municipality,506 PALPA,506,5 Lumbini Province,5,50603,2.0,0,1.0,1.0,1.0,0,0,0,0,0,1.0,3.0,2.0,0,0,0,2.0,0,3.0,3.0,1.0,1.0,0,1.0,0,0,0,2.0,0,0,0,0,0,0,0,0,0,0,0,0,4.0,0,2.0,0,0,1.0,0,0,0,0,2.0,0,0,0,0,0,0,0,0,0,0,0,0,0,0,1.0,0,0,1.0,0,0,0,0,1.0,0,0,0,0,0,0,0,0,0,0,0,0,0,0,0,0,0,0,0,0,0,0,0,0,1.0,0,0,0,0,0,0,0,0,0,0,0,0,0,0,0,0,0,0,0,0,0,1.0,0,0,0,7.0,0,0,1.0
YbzXduozeDW,20409 Samsi Rural Municipality,204 MAHOTTARI,204,2 Madhesh Province,2,20409,0,0,0,0,12.0,0,0,0,0,0,0,0,0,0,0,0,0,0,0,0,0,0,0,0,0,0,0,0,0,0,0,0,0,0,0,0,0,0,0,0,0,0,0,4.0,0,0,0,0,0,0,0,0,0,0,0,0,0,0,0,0,0,0,0,0,0,0,0,0,0,0,0,0,0,0,0,0,0,0,0,0,0,0,0,0,0,0,0,0,0,0,0,0,0,0,0,0,0,0,0,0,0,0,0,0,0,0,0,0,0,0,0,0,0,0,0,0,0,0,0,0,0,0,0,0,0,0,0,8.0
A2ieAsKcSIe,30603 Gokarneshwor Municipality,306 KATHMANDU,306,3 Bagmati Province,3,30603,1.0,0,4.0,0,0,0,0,0,3.0,0,2.0,0,0,0,0,0,0,0,0,0,0,0,0,0,0,0,0,0,0,0,0,0,0,0,0,2.0,0,0,0,0,0,1.0,0,6.0,0,0,0,0,0,0,0,0,0,0,0,0,0,0,0,0,0,4.0,0,0,0,0,0,0,0,0,0,0,0,1.0,0,0,0,0,0,0,0,0,0,0,0,0,0,0,0,0,0,0,0,0,0,0,0,0,0,0,0,0,0,0,0,0,0,0,0,0,0,0,0,169.0,0,0,0,1.0,0,0,0,0,0,0,0,3.0,0,6.0
BvUU5JiQxxL,50412 Rurukshetra Rural Municipality,504 GULMI,504,5 Lumbini Province,5,50412,0,0,0,0,0,1.0,0,0,0,0,0,0,0,0,0,0,0,0,0,0,0,0,0,0,0,0,0,0,0,0,0,0,0,0,0,0,0,0,0,0,1.0,0,0,0,0,0,0,0,0,0,0,0,0,0,0,0,0,0,0,0,0,0,0,0,0,0,0,0,0,0,4.0,0,0,0,0,0,0,0,0,0,0,0,0,0,0,1.0,0,0,0,0,0,0,0,0,0,0,0,0,0,0,0,0,1.0,0,0,0,0,0,0,0,0,0,0,0,0,0,0,0,0,0,0,2.0,1.0,3.0,0,0,0,1.0
JlEwd2MMRwF,70308 Malikarjun Rural Municipality,703 DARCHULA,703,7 Sudurpashchim Province,7,70308,0,0,0,0,0,0,0,0,0,0,0,0,0,0,0,0,0,0,0,0,0,0,0,0,0,0,0,0,0,0,0,0,0,0,0,0,0,0,0,0,0,0,0,0,0,0,0,0,0,0,0,0,0,0,0,0,0,0,0,0,0,0,0,0,0,0,0,0,0,0,0,0,0,0,0,0,0,0,0,0,0,0,0,0,0,0,0,0,0,0,0,0,0,0,0,0,0,0,0,0,0,0,0,0,0,0,0,0,0,0,0,0,0,0,0,0,0,0,1.0,0,1.0,0,0,0,0,0,0,0
SIqTXJ5z1r1,51102 Kohalpur Municipality,511 BANKE,511,5 Lumbini Province,5,51102,0,0,0,0,0,0,0,0,0,0,0,0,0,0,0,0,0,0,0,0,0,0,0,0,0,0,0,0,0,0,0,0,0,0,0,0,0,0,0,0,0,0,0,0,0,0,0,0,0,0,0,0,0,0,0,0,0,0,0,0,0,0,0,0,0,0,0,0,0,0,0,0,0,0,0,0,0,0,0,0,0,0,0,0,0,0,0,0,0,0,0,0,0,0,0,0,0,0,0,0,0,0,0,0,0,0,0,0,0,0,0,0,0,0,0,0,0,0,0,0,0,0,0,0,0,0,0,4.0
LdPgWOfFvew,20807 Birgunj Metropolitan City,208 PARSA,208,2 Madhesh Province,2,20807,0,3.0,0,0,0,0,0,0,0,0,1.0,0,0,0,0,0,0,249.0,2.0,0,0,0,0,0,0,0,0,0,0,0,0,0,0,6.0,0,1.0,0,0,0,11.0,0,11.0,0,0,0,0,0,18.0,0,0,94.0,0,0,0,0,0,0,0,0,0,32.0,0,0,0,0,0,0,0,0,1.0,0,72.0,0,2.0,0,9.0,0,0,0,0,0,93.0,0,4.0,0,0,6.0,0,0,0,0,0,0,0,0,0,0,0,0,0,0,0,40.0,0,6.0,0,0,0,0,0,0,0,0,0,0,0,0,11.0,0,0,0,0,0,0,2.0,1.0,0,0
e5LLR9BS5yO,40807 Madhya Bindu Municipality,408 NAWALPARASI EAST,408,4 Gandaki Province,4,40807,0,0,0,0,2.0,0,0,0,2.0,1.0,3.0,0,0,0,0,0,0,0,0,0,0,3.0,0,0,0,0,0,0,0,0,0,0,0,0,0,0,0,0,0,0,0,0,1.0,2.0,0,0,0,0,0,0,0,0,0,0,0,0,0,0,0,0,0,0,0,0,0,0,0,0,0,0,0,2.0,0,0,0,0,0,0,0,0,0,0,0,0,0,0,0,0,0,0,0,0,0,0,0,0,0,0,0,0,0,0,0,0,0,0,0,0,0,0,0,0,0,0,0,0,0,0,0,1.0,0,0,0,0,0,1.0,0,5.0
ZwtuC5ZNurI,30413 Dhunibenshi Municipality,304 DHADING,304,3 Bagmati Province,3,30413,1.0,2.0,0,1.0,0,0,2.0,0,0,0,0,0,1.0,0,0,0,0,0,0,0,0,0,0,0,0,2.0,0,1.0,0,0,0,0,0,4.0,0,0,0,0,3.0,0,0,0,1.0,0,0,0,0,0,0,0,0,0,0,0,0,0,0,0,0,0,0,0,0,0,0,2.0,0,0,0,2.0,0,0,0,0,0,0,0,0,0,0,0,0,0,0,0,1.0,0,0,0,0,0,0,0,0,0,0,0,0,0,0,0,0,0,0,0,0,0,0,0,0,0,0,0,0,0,0,0,0,0,0,0,2.0,0,2.0,0,0,0,1.0
hNXxypRAoOb,30410 Gajuri Rural Municipality,304 DHADING,304,3 Bagmati Province,3,30410,3.0,2.0,2.0,1.0,4.0,2.0,0,0,0,5.0,5.0,0,4.0,2.0,1.0,1.0,4.0,2.0,4.0,18.0,1.0,2.0,0,1.0,0,0,2.0,2.0,0,0,2.0,0,1.0,0,3.0,3.0,3.0,3.0,4.0,2.0,2.0,6.0,2.0,2.0,0,0,0,0,2.0,0,0,0,0,0,0,0,0,0,1.0,0,0,0,0,0,1.0,0,4.0,2.0,2.0,2.0,0,0,6.0,2.0,4.0,0,2.0,0,1.0,0,0,0,2.0,6.0,4.0,4.0,0,0,0,0,0,0,0,0,0,0,0,0,0,0,1.0,0,0,0,6.0,0,0,0,0,0,0,1.0,0,0,0,0,0,2.0,5.0,1.0,2.0,1.0,5.0,4.0,1.0,11.0,3.0,16.0
cbWHy3GuGSx,50401 Kali Gandaki Rural Municipality,504 GULMI,504,5 Lumbini Province,5,50401,0,1.0,0,0,0,0,2.0,0,1.0,0,4.0,1.0,0,0,0,0,0,0,0,3.0,0,0,0,0,0,0,0,0,0,0,0,0,0,0,0,0,1.0,1.0,0,0,0,0,0,0,0,0,0,0,0,0,0,0,0,0,1.0,0,0,0,0,0,0,0,0,0,6.0,0,0,0,0,0,0,0,0,0,0,0,0,0,0,0,0,0,0,0,0,0,0,0,0,0,0,0,0,0,0,0,1.0,0,0,0,0,0,0,0,0,0,0,0,0,0,1.0,0,0,0,0,0,0,0,0,0,6.0,2.0,0,0,0,0,0,0
ONTOB5B6FXB,70404 Surnaya Rural Municipality,704 BAITADI,704,7 Sudurpashchim Province,7,70404,0,0,0,0,0,1.0,0,0,0,0,1.0,0,0,0,0,0,1.0,0,0,0,0,0,0,0,0,0,0,0,0,0,0,0,0,0,0,0,0,0,0,0,0,0,0,0,0,2.0,0,0,0,0,0,0,0,0,0,0,0,0,0,0,0,0,0,0,0,0,0,0,0,0,0,0,0,0,0,0,0,0,0,0,0,0,0,0,0,0,0,0,0,0,0,0,0,0,0,0,0,0,0,0,0,0,0,0,0,0,0,0,0,0,0,0,0,0,0,0,0,0,0,0,0,0,1.0,0,0,0,0,0
zotSDVN3Zuv,30501 Dupcheshwor Rural Municipality,305 NUWAKOT,305,3 Bagmati Province,3,30501,2.0,0,4.0,4.0,0,0,0,1.0,1.0,1.0,2.0,0,0,0,4.0,0,0,0,0,0,0,0,0,0,0,0,0,0,0,0,0,0,0,0,0,0,1.0,0,3.0,1.0,2.0,2.0,1.0,0,0,0,0,0,0,0,0,0,0,0,0,0,0,0,0,0,0,0,0,0,0,0,4.0,0,2.0,2.0,0,0,0,1.0,0,0,0,0,0,1.0,0,0,0,0,0,2.0,0,0,0,0,0,0,0,0,0,0,0,0,0,0,0,0,0,0,0,0,0,0,0,0,0,0,0,0,0,0,0,0,0,0,2.0,0,1.0,0,3.0,0,0,2.0
RJCTklSgeBt,60408 Hima Rural Municipality,604 JUMLA,604,6 Karnali Province,6,60408,0,0,0,0,0,0,0,0,0,0,0,0,0,0,0,0,1.0,0,0,0,0,0,0,0,0,0,0,0,0,0,0,0,0,0,0,0,0,0,0,0,0,0,0,0,0,0,0,0,0,0,0,0,0,0,0,0,0,0,0,0,0,0,0,0,0,0,0,0,0,0,2.0,0,0,0,0,0,0,0,0,0,0,0,0,0,0,0,0,0,0,0,0,0,0,0,0,0,0,0,0,0,0,0,0,0,0,0,0,0,0,0,0,0,0,0,0,0,0,0,0,0,0,0,0,0,0,0,0,0
GtSNdnR53Be,30502 Tadi Rural Municipality,305 NUWAKOT,305,3 Bagmati Province,3,30502,0,0,2.0,0,1.0,2.0,0,0,0,2.0,0,0,0,1.0,0,4.0,3.0,0,0,1.0,0,2.0,0,0,0,1.0,0,0,0,0,0,0,0,0,0,0,0,2.0,1.0,0,0,1.0,0,0,1.0,0,2.0,0,0,0,0,0,0,0,0,0,0,1.0,0,0,0,0,0,0,0,0,0,0,0,1.0,0,0,0,2.0,0,0,0,0,0,0,0,0,0,0,1.0,0,0,0,0,0,0,0,0,0,0,0,0,0,0,0,0,0,0,0,0,0,0,0,0,0,0,0,0,0,0,0,0,2.0,1.0,0,0,0,1.0,0,0,0,0,2.0
HXvoe91QCtL,50901 Banganga Municipality,509 KAPILBASTU,509,5 Lumbini Province,5,50901,0,0,0,0,0,0,0,0,0,0,0,0,0,0,0,0,0,0,0,0,0,3.0,0,0,0,0,0,0,0,0,0,0,0,0,12.0,0,0,0,0,0,0,0,0,2.0,0,0,0,0,0,0,0,0,0,0,0,0,0,0,0,0,0,0,0,0,0,0,0,0,0,0,0,0,0,0,0,0,0,0,0,0,0,0,0,0,0,0,0,0,0,0,0,0,0,0,0,0,0,0,0,0,0,0,2.0,0,0,0,0,0,0,0,0,0,0,0,0,0,0,0,9.0,0,0,0,0,0,0,0,0,5.0
LDhcTMEQwFc,10108 Sirijanga Rural Municipality,101 TAPLEJUNG,101,1 Koshi Province,1,10108,0,0,1.0,1.0,1.0,2.0,0,0,1.0,0,0,2.0,0,0,1.0,0,0,0,0,1.0,0,0,0,1.0,0,0,0,0,0,0,0,0,0,2.0,1.0,0,0,0,0,0,0,0,0,0,0,1.0,0,0,0,0,0,0,0,0,0,0,0,2.0,0,0,0,0,0,0,0,0,0,0,0,0,0,0,0,2.0,0,0,0,0,0,0,0,0,0,0,0,0,0,0,0,0,0,0,0,0,0,0,0,0,0,0,0,0,0,0,0,0,0,0,0,0,0,0,0,0,0,0,0,0,0,0,0,0,2.0,0,0,0,0,2.0
DX8NaqVcuB9,31301 Rapti Municipality,313 CHITWAN,313,3 Bagmati Province,3,31301,0,1.0,0,1.0,0,0,0,0,0,0,0,0,0,0,0,0,1.0,0,0,0,0,0,0,0,2.0,0,0,0,0,0,1.0,0,0,0,0,1.0,0,0,0,0,0,0,0,0,0,2.0,0,0,0,0,0,0,0,0,0,0,0,0,0,0,0,3.0,0,0,0,0,0,0,0,0,0,0,5.0,0,0,0,0,0,0,2.0,0,0,0,0,0,0,0,0,0,0,1.0,0,0,2.0,0,0,0,0,0,0,0,0,0,3.0,0,0,0,0,0,0,0,0,0,0,6.0,1.0,0,0,3.0,0,0,0,0,0,0,0,0,0
luYHLAcmJxy,20707 Pheta Rural Municipality,207 BARA,207,2 Madhesh Province,2,20707,0,0,0,0,0,0,0,0,0,0,0,0,0,0,2.0,0,0,0,0,0,0,0,0,0,0,0,0,0,0,0,0,0,0,0,0,0,0,0,0,0,1.0,1.0,0,0,0,0,0,0,0,0,0,0,0,0,0,0,0,0,0,0,0,0,0,0,0,0,0,1.0,0,0,0,0,0,0,0,0,0,0,0,0,0,1.0,1.0,0,0,0,0,0,0,0,0,0,0,0,0,0,0,0,0,0,0,0,0,0,0,0,0,0,0,0,0,0,0,0,0,0,0,0,0,2.0,0,0,0,0,0,0,0,0
VwwGw8hqdUJ,11212 Gramthan Rural Municipality,112 MORANG,112,1 Koshi Province,1,11212,0,0,0,0,0,0,0,0,0,0,0,0,0,0,0,0,0,0,0,0,0,0,0,0,0,0,0,0,0,0,0,0,0,0,0,0,0,0,0,0,0,0,0,0,0,0,0,0,0,0,0,0,0,0,0,0,0,0,0,0,0,0,0,0,0,0,0,0,0,0,0,0,0,0,0,0,0,0,0,0,0,0,0,0,0,0,0,0,0,0,0,0,0,0,0,0,0,0,0,0,0,0,0,0,0,0,0,0,0,0,0,0,0,0,0,0,0,0,0,1.0,0,0,0,0,0,0,0,0
oeCd9kH0yob,30610 Chandragiri Municipality,306 KATHMANDU,306,3 Bagmati Province,3,30610,0,0,0,0,0,1.0,0,0,0,1.0,0,0,0,0,0,0,0,0,4.0,0,0,1.0,0,0,0,0,0,0,0,0,16.0,0,0,1.0,0,0,0,0,0,0,0,0,0,0,0,0,0,0,0,0,0,0,0,0,0,0,0,0,0,0,0,0,0,0,1.0,0,0,0,0,0,0,0,0,1.0,0,0,2.0,0,0,0,0,0,0,0,0,0,0,0,0,0,0,0,0,0,0,0,0,0,0,0,0,0,0,0,0,0,0,0,0,0,0,0,0,0,0,0,0,0,0,0,0,0,1.0,0,0,0,0,1.0
VBe1utpoMY6,61008 Panchapuri Municipality,610 SURKHET,610,6 Karnali Province,6,61008,2.0,2.0,0,0,0,0,0,0,11.0,3.0,14.0,0,1.0,1.0,1.0,0,0,0,1.0,3.0,8.0,15.0,0,0,0,0,0,0,0,0,0,5.0,2.0,7.0,0,1.0,0,0,0,3.0,2.0,13.0,6.0,12.0,0,0,2.0,0,0,2.0,0,0,3.0,0,0,0,0,0,0,0,0,0,0,0,1.0,0,2.0,0,0,0,0,0,9.0,5.0,6.0,3.0,0,0,0,0,0,0,1.0,3.0,1.0,3.0,0,0,0,0,0,0,0,0,0,0,0,0,0,0,0,0,0,4.0,0,0,4.0,0,0,1.0,0,0,0,0,0,0,0,1.0,2.0,0,0,0,1.0,0,7.0,12.0,5.0,66.0
QzjoCwWDGN4,51208 Badhaiyatal Rural Municipality,512 BARDIYA,512,5 Lumbini Province,5,51208,0,0,0,0,0,0,0,0,0,0,0,0,0,0,0,0,0,0,0,0,0,0,0,0,0,0,0,0,0,0,0,0,0,0,0,0,0,0,0,0,0,0,0,0,0,0,0,0,0,0,0,0,0,0,0,0,0,0,0,0,0,0,0,0,0,0,0,0,0,0,0,0,0,0,0,0,0,0,0,1.0,0,0,0,0,0,0,0,0,0,0,0,0,0,0,0,0,0,0,0,0,0,0,0,0,0,0,0,0,0,0,0,0,0,0,0,2.0,0,0,0,0,0,0,1.0,0,0,0,0,0
aIGwPXtsX4s,30407 Jwalamukhi Rural Municipality,304 DHADING,304,3 Bagmati Province,3,30407,1.0,2.0,0,0,5.0,2.0,0,0,1.0,0,2.0,2.0,8.0,0,3.0,2.0,1.0,0,0,2.0,0,0,0,0,1.0,1.0,0,0,0,0,1.0,0,0,1.0,0,0,1.0,1.0,1.0,0,2.0,2.0,0,0,0,2.0,0,0,1.0,0,0,0,0,0,0,0,0,0,0,0,0,0,0,0,0,0,1.0,1.0,2.0,2.0,0,0,2.0,1.0,0,1.0,0,0,1.0,0,2.0,0,0,2.0,0,0,0,2.0,0,0,2.0,0,0,0,0,0,0,0,0,0,0,0,0,2.0,0,0,0,0,0,1.0,4.0,0,0,0,0,0,0,1.0,4.0,3.0,2.0,5.0,1.0,0,0,2.0,2.0,4.0
SeAeUI4mRO1,31006 Khandadevi Rural Municipality,310 RAMECHHAP,310,3 Bagmati Province,3,31006,0,0,0,0,0,1.0,1.0,0,6.0,1.0,1.0,0,0,0,0,0,2.0,0,0,0,1.0,0,0,0,2.0,0,0,0,0,0,0,0,0,0,2.0,1.0,0,0,1.0,3.0,0,2.0,5.0,3.0,0,0,0,0,0,0,0,0,0,0,0,0,0,0,0,0,0,0,0,0,0,0,0,0,0,0,3.0,0,0,0,0,0,0,0,0,0,0,0,0,0,0,0,0,0,0,0,0,0,0,0,0,0,0,0,0,0,0,0,0,0,0,0,0,0,0,0,0,0,0,0,0,0,0,0,1.0,0,0,1.0,0,0,0,0,0,5.0
jMeH7np95YE,10408 Manebhanjyang Rural Municipality,104 OKHALDHUNGA,104,1 Koshi Province,1,10408,0,0,0,0,0,0,0,0,0,0,1.0,0,0,0,0,0,2.0,0,0,0,0,0,0,0,2.0,0,0,0,0,0,0,0,0,0,1.0,0,0,0,0,0,0,2.0,1.0,0,0,0,0,0,0,0,0,0,0,0,0,0,0,2.0,0,0,0,0,20.0,0,0,0,0,0,0,0,0,0,0,1.0,0,1.0,0,1.0,0,0,0,0,0,3.0,0,1.0,0,0,0,0,0,0,0,0,19.0,0,0,0,0,0,0,0,0,0,0,0,0,0,0,0,0,0,0,0,0,0,0,1.0,1.0,0,0,0,0,1.0,0,2.0,0,3.0
bTTewrxrkF3,30104 Baiteshwor Rural Municipality,301 DOLAKHA,301,3 Bagmati Province,3,30104,0,0,0,0,0,0,0,0,5.0,1.0,0,1.0,0,3.0,0,0,0,0,2.0,0,2.0,0,0,0,0,0,0,0,0,0,0,0,0,3.0,0,0,2.0,0,0,0,1.0,2.0,0,2.0,0,0,0,0,0,0,0,0,0,0,0,0,0,0,0,0,0,0,0,0,0,0,0,1.0,0,0,0,2.0,0,0,0,0,0,1.0,0,0,0,1.0,0,0,0,0,0,0,0,0,0,0,0,0,0,0,0,0,0,0,0,0,1.0,0,0,0,0,0,0,0,0,0,0,0,1.0,0,0,4.0,0,4.0,0,0,0,0,0,1.0,0,4.0
lvgQNGCBZLM,70705 Chaurpati Rural Municipality,707 ACHHAM,707,7 Sudurpashchim Province,7,70705,0,0,0,0,0,0,0,0,0,0,0,0,0,0,0,0,0,0,0,0,0,1.0,0,0,0,0,0,0,0,0,0,0,0,0,0,0,0,0,0,0,1.0,0,0,0,0,0,0,0,0,0,0,0,0,0,0,0,0,0,0,0,0,0,0,0,0,0,0,0,0,0,0,0,0,0,0,0,0,0,0,0,0,0,0,0,0,0,0,0,0,0,0,0,0,0,0,0,0,0,0,0,0,0,0,0,0,0,0,0,0,0,0,0,0,0,0,0,0,0,0,0,0,0,0,0,1.0,0,0,1.0
uR77y1RFLcN,70307 Shailyashikhar Municipality,703 DARCHULA,703,7 Sudurpashchim Province,7,70307,0,0,0,0,0,0,4.0,0,0,0,0,0,0,0,0,0,0,0,0,0,1.0,0,0,0,0,0,0,0,0,0,0,0,0,0,0,0,0,0,0,0,0,0,0,0,0,0,0,0,0,0,0,0,4.0,1.0,0,0,0,0,0,0,0,0,0,0,0,0,0,0,0,0,0,0,0,0,0,0,0,0,0,0,0,0,0,0,0,0,0,0,0,0,0,0,0,0,0,0,0,0,0,0,0,0,0,0,0,0,0,0,0,0,0,0,0,0,0,0,0,1.0,0,0,0,0,0,0,0,0,0,0
NkmeHh5GPgn,40204 Nashon Rural Municipality,402 MANANG,402,4 Gandaki Province,4,40204,0,4.0,0,0,0,4.0,0,1.0,0,0,0,0,0,0,0,0,0,0,0,0,0,0,0,0,0,0,0,0,0,0,0,0,0,0,0,0,0,0,0,0,0,0,0,0,0,0,0,0,0,0,0,0,0,0,0,0,0,0,0,0,0,0,0,0,0,0,0,0,0,0,0,0,0,0,0,0,0,0,0,0,0,0,0,0,0,0,0,0,0,0,0,0,0,0,0,0,0,0,0,0,0,0,0,0,0,0,0,0,0,0,0,0,0,0,0,0,0,0,0,0,0,0,1.0,0,0,0,0,0
MeDEuAp5vBM,30606 Tarakeshwor Municipality,306 KATHMANDU,306,3 Bagmati Province,3,30606,1.0,0,0,0,0,0,0,0,2.0,1.0,14.0,0,0,2.0,0,1.0,0,0,0,0,0,0,0,0,0,0,0,2.0,0,0,8.0,0,42.0,0,0,0,2.0,0,0,0,0,0,0,1.0,0,0,0,0,0,0,0,0,0,0,0,0,0,0,0,0,0,0,0,0,1.0,0,0,0,0,0,0,0,0,0,0,0,0,0,0,0,0,0,0,0,0,0,0,0,0,0,0,0,0,0,0,0,0,0,0,0,0,0,0,0,0,0,0,0,0,0,0,0,0,0,0,0,0,0,0,0,0,0,0,0,0,0,0,5.0
EtDSLuNpLgD,20308 Hansapur Municipality,203 DHANUSA,203,2 Madhesh Province,2,20308,0,0,0,0,0,0,0,0,0,0,0,0,0,0,0,0,0,0,0,0,0,0,0,0,0,0,0,0,0,0,0,0,0,0,0,0,3.0,0,0,0,0,0,0,0,0,0,0,0,0,0,0,0,0,0,0,0,0,0,0,0,0,0,0,0,0,0,0,0,0,0,0,0,0,0,0,0,0,0,0,0,0,0,0,0,0,0,0,0,0,0,0,0,0,0,0,0,0,0,0,0,0,0,0,0,0,0,0,0,0,0,0,0,0,0,0,0,0,0,0,0,0,0,0,0,0,0,0,0
ch8QqKzMNi4,51206 Madhuwan Municipality,512 BARDIYA,512,5 Lumbini Province,5,51206,0,0,0,0,0,0,0,0,0,0,0,0,0,0,0,0,0,0,0,0,0,0,0,0,0,0,0,0,0,0,0,2.0,0,0,0,0,0,0,0,0,0,0,0,0,0,0,0,0,0,0,0,0,0,0,0,0,0,0,0,0,0,0,0,0,0,0,0,0,0,0,0,0,0,0,0,0,0,0,0,0,0,0,4.0,0,0,0,0,0,0,0,0,0,0,0,0,0,0,0,0,0,0,0,0,0,0,0,0,0,0,0,0,0,0,0,0,0,0,0,0,0,0,0,0,0,0,0,0,0
gZbwskTTWq8,10204 Chichila Rural Municipality,102 SANKHUWASABHA,102,1 Koshi Province,1,10204,0,0,0,0,0,0,0,0,0,0,0,0,0,0,0,0,0,0,0,1.0,0,0,0,0,0,0,0,0,0,0,21.0,0,0,1.0,0,0,0,1.0,3.0,1.0,0,0,0,0,0,0,0,0,0,0,0,0,0,0,0,0,0,0,0,0,0,0,0,0,0,0,0,0,0,0,0,0,0,0,0,0,0,0,0,0,0,0,0,0,0,0,0,0,0,0,0,0,0,0,0,0,0,0,0,0,0,0,0,0,0,0,0,0,0,0,0,0,0,0,0,0,0,0,0,0,0,0,0,0,0,0,1.0,4.0
iDN6TSaZZFU,60908 Kalimati Rural Municipality,609 SALYAN,609,6 Karnali Province,6,60908,0,0,4.0,0,0,0,0,0,0,0,0,0,0,0,0,0,0,0,0,0,0,0,0,0,0,0,0,0,0,0,0,0,0,0,0,0,0,0,0,0,0,0,0,0,0,0,0,0,0,0,0,0,0,0,0,0,9.0,0,0,0,0,0,0,0,0,0,0,0,0,2.0,0,0,0,0,0,0,0,0,0,0,0,0,0,0,0,0,0,0,0,0,0,0,0,0,0,0,0,0,0,0,0,0,0,0,0,0,0,0,0,0,0,0,0,0,0,0,0,0,0,0,0,0,0,0,0,0,1.0,0
JJrKf4wS7Ve,51101 Rapti Sonari Rural Municipality,511 BANKE,511,5 Lumbini Province,5,51101,0,0,0,0,0,0,0,0,50.0,15.0,0,0,0,0,0,0,0,0,0,13.0,6.0,11.0,0,0,0,0,0,0,0,0,0,1.0,0,0,0,0,0,0,0,0,0,11.0,26.0,16.0,0,0,0,0,0,0,0,0,3.0,0,0,0,0,0,0,0,0,0,0,0,0,0,0,0,0,0,0,0,0,2.0,0,0,0,0,0,0,0,0,0,0,5.0,0,0,0,0,0,0,0,0,0,0,0,0,0,0,0,6.0,0,0,0,0,0,0,0,0,0,0,0,0,0,0,0,0,0,0,0,0,1.0,0,0,0,24.0,0,27.0
pPbkIIGKxTf,50815 Sammarimai Rural Municipality,508 RUPANDEHI,508,5 Lumbini Province,5,50815,0,0,0,0,0,0,0,0,0,0,0,0,0,0,0,0,0,0,0,0,0,0,0,0,0,0,0,0,0,0,0,0,0,0,0,0,0,0,0,0,0,0,0,0,0,0,0,0,0,0,0,0,0,0,0,0,0,0,0,0,0,0,0,0,0,0,0,0,0,0,0,0,0,0,0,0,0,0,0,0,0,0,0,0,0,0,0,0,0,0,0,0,0,0,0,0,0,0,0,0,0,0,0,0,0,0,0,0,0,0,0,0,0,0,0,0,0,0,0,0,0,0,0,0,0,2.0,0,0
bxspQdWJbyA,60505 Naraharinath Rural Municipality,605 KALIKOT,605,6 Karnali Province,6,60505,0,1.0,0,0,0,0,0,0,0,1.0,0,0,0,0,0,0,0,0,0,0,0,0,0,0,0,0,0,0,0,0,0,0,0,0,0,0,0,0,0,0,0,0,0,0,0,0,0,0,0,0,0,0,0,0,0,0,0,0,0,0,0,0,0,0,0,0,0,0,0,0,0,0,0,0,0,0,0,0,0,0,0,0,0,0,0,0,0,0,0,0,0,0,0,0,0,0,0,0,0,0,0,0,0,0,0,0,0,0,0,0,0,0,0,0,0,0,0,0,1.0,0,0,0,0,0,0,0,0,2.0
bYsQAubQrYU,31303 Ichchha Kamana Rural Municipality,313 CHITWAN,313,3 Bagmati Province,3,31303,0,1.0,0,0,0,0,2.0,0,0,0,0,0,1.0,0,0,0,0,0,0,3.0,1.0,0,0,0,0,0,0,0,0,1.0,0,0,0,1.0,0,0,0,0,1.0,0,2.0,2.0,1.0,1.0,0,0,0,0,0,0,0,0,1.0,0,0,0,0,0,0,0,0,0,0,0,0,1.0,0,0,0,0,0,0,0,0,0,0,0,0,0,0,0,0,0,0,0,0,0,0,0,0,0,0,0,0,0,0,0,0,0,0,0,0,0,0,0,0,0,0,0,0,0,0,0,0,0,0,0,0,0,1.0,0,0,0,0,0,0,1.0,3.0
OF6Ct06Stc6,11405 Limchungbung Rural Municipality,114 UDAYAPUR,114,1 Koshi Province,1,11405,0,0,0,0,0,0,0,0,0,0,0,0,0,0,0,0,0,0,0,0,0,0,0,0,0,1.0,0,0,0,0,0,0,0,1.0,0,0,0,0,2.0,0,1.0,1.0,0,0,0,0,0,0,0,0,0,0,0,0,0,0,0,0,0,0,0,1.0,0,0,0,0,0,0,0,0,0,0,2.0,0,0,0,0,0,0,0,0,0,0,0,1.0,0,0,0,0,0,0,0,0,0,0,0,0,0,0,0,0,0,0,1.0,0,0,0,0,1.0,0,0,0,0,0,0,0,0,0,0,0,0,0,1.0,0,0,3.0,0,0
uyvw1s0w1rY,70204 Talkot Rural Municipality,702 BAJHANG,702,7 Sudurpashchim Province,7,70204,0,0,0,0,0,0,0,0,0,0,0,0,0,0,0,0,0,0,0,0,0,0,0,0,0,0,0,0,0,0,0,0,0,0,0,0,0,0,0,0,1.0,0,0,2.0,0,0,0,0,0,0,0,0,0,0,0,0,0,0,0,0,0,0,0,0,0,0,0,0,0,0,0,0,0,0,0,0,0,0,0,0,0,0,0,0,0,0,0,0,0,0,0,0,0,0,0,0,0,0,0,0,0,0,0,0,0,0,0,0,0,0,0,0,0,0,0,0,0,0,0,0,0,0,0,0,0,0,0,2.0
TmF0dOJwkow,31210 Bagmati Rural Municipality,312 MAKWANPUR,312,3 Bagmati Province,3,31210,0,1.0,0,0,2.0,0,0,0,0,0,0,0,2.0,0,0,0,0,2.0,0,0,0,1.0,0,0,0,0,0,0,0,0,0,0,0,0,0,0,0,3.0,0,0,0,0,0,0,0,0,0,0,0,0,0,0,0,0,0,0,0,0,0,0,0,0,0,0,0,0,0,0,0,0,0,0,0,0,0,0,0,0,0,0,0,0,0,2.0,2.0,0,0,0,0,0,0,0,0,0,0,0,0,0,0,0,0,1.0,0,0,0,0,0,0,0,0,0,0,0,1.0,0,0,0,0,0,0,1.0,0,0,0,0,0,1.0,5.0
G4tF7L9A53i,50503 Bhumikasthan Municipality,505 ARGHAKHANCHI,505,5 Lumbini Province,5,50503,0,0,0,0,0,0,0,0,0,4.0,0,0,0,0,0,0,0,1.0,0,0,0,0,0,0,0,0,0,0,0,0,0,0,0,0,0,0,0,1.0,0,0,0,0,0,0,0,0,0,0,0,0,0,0,0,0,0,0,0,0,0,0,0,0,0,0,1.0,0,0,0,0,0,0,0,0,0,0,0,0,0,0,0,0,0,0,0,0,0,0,0,0,0,0,0,0,0,0,0,0,0,0,0,0,0,0,0,0,0,0,0,0,0,0,0,0,0,0,0,0,0,0,0,0,0,0,0,0,2.0,0,0
xRo2s6fO8RZ,30509 Likhu Rural Municipality,305 NUWAKOT,305,3 Bagmati Province,3,30509,0,0,0,0,0,0,0,1.0,0,1.0,0,0,0,6.0,0,0,0,0,0,0,0,0,0,0,0,0,0,0,0,0,0,1.0,0,0,0,0,0,1.0,0,0,0,0,0,0,0,0,0,0,0,0,0,0,0,0,0,0,0,0,0,0,0,0,0,0,0,0,0,0,0,0,0,0,0,0,0,0,0,0,0,0,0,2.0,0,0,0,0,0,0,0,0,0,0,0,0,0,0,0,0,0,0,0,0,0,0,0,2.0,0,0,0,0,0,0,0,0,0,0,0,0,0,0,0,0,0,0,0,0,0,0
c8DlVHakEnq,30106 Tamakoshi Rural Municipality,301 DOLAKHA,301,3 Bagmati Province,3,30106,3.0,0,0,0,1.0,1.0,0,0,1.0,0,1.0,0,0,0,0,0,1.0,0,0,0,1.0,0,0,0,0,0,0,2.0,0,0,0,0,0,0,0,1.0,0,1.0,0,0,0,0,0,1.0,0,0,0,0,1.0,0,0,0,0,0,0,0,0,0,0,0,0,0,0,1.0,0,2.0,0,0,0,2.0,0,0,0,0,0,0,0,0,0,0,0,0,1.0,0,0,0,0,0,0,0,0,0,0,0,0,0,0,0,0,0,0,0,0,0,0,0,2.0,0,0,0,0,0,0,0,0,0,0,0,4.0,0,2.0,0,2.0,0,0,0,0,3.0
A4PA29cyQWN,70408 Melauli Municipality,704 BAITADI,704,7 Sudurpashchim Province,7,70408,0,2.0,0,0,0,0,0,0,0,0,0,0,0,0,0,0,0,0,0,0,0,7.0,0,0,0,0,0,0,0,0,0,0,2.0,0,0,0,0,1.0,1.0,0,0,2.0,0,7.0,0,0,0,0,0,0,0,0,0,0,0,0,0,0,0,0,0,0,0,0,0,0,0,0,0,0,0,0,0,0,2.0,0,0,0,0,0,0,0,0,2.0,0,1.0,0,0,0,0,0,0,0,0,0,0,0,0,0,0,0,0,0,0,0,0,0,0,0,0,0,0,0,0,0,0,0,0,0,0,0,0,0,0,0,0,0,19.0
MO5gPhUVx1t,40703 Myagde Rural Municipality,407 TANAHU,407,4 Gandaki Province,4,40703,0,1.0,0,0,0,0,0,2.0,0,0,0,1.0,0,0,2.0,0,0,0,0,0,0,0,0,0,0,0,0,0,0,0,0,0,0,0,0,0,0,0,0,0,0,0,0,0,0,0,0,0,0,0,0,0,0,0,0,0,0,0,0,0,0,0,0,0,0,0,0,0,0,1.0,0,0,0,0,0,0,0,0,0,0,0,0,0,0,0,0,0,0,0,0,0,0,0,0,0,0,0,1.0,0,0,0,0,0,0,0,0,0,0,0,0,0,0,0,0,0,0,0,0,0,0,1.0,0,0,0,0,0,1.0,0
NJRFRHdhKXf,70901 Krishnapur Municipality,709 KANCHANPUR,709,7 Sudurpashchim Province,7,70901,0,0,0,0,0,0,0,0,0,0,0,0,0,0,0,0,0,0,0,0,0,2.0,0,0,0,0,0,0,0,0,0,0,0,0,0,3.0,0,0,0,0,0,0,0,0,0,0,0,0,0,0,0,0,0,0,0,0,0,0,0,0,0,0,0,0,0,0,0,0,0,0,0,0,0,0,0,0,0,0,0,0,0,0,0,0,0,0,0,0,0,0,0,0,0,0,0,0,0,0,0,0,0,0,0,0,0,0,0,0,0,0,0,0,0,0,0,0,0,0,0,0,0,0,0,0,0,0,0,2.0
dQphAmskjKr,20212 Sakhuwa Nankarkatti Rural Municipality,202 SIRAHA,202,2 Madhesh Province,2,20212,0,0,0,0,0,0,0,0,0,0,0,0,0,0,0,0,0,0,0,0,0,0,0,0,0,0,0,0,0,0,0,0,0,0,0,0,0,0,0,0,0,0,0,0,0,0,0,0,0,0,0,0,0,0,0,0,0,0,0,0,0,0,0,0,0,0,0,0,0,0,0,0,0,0,0,0,0,0,0,0,0,0,0,0,0,0,0,0,0,0,0,0,0,0,0,0,0,0,0,0,0,0,0,0,0,0,0,0,0,0,0,0,0,0,0,0,0,0,0,1.0,0,0,0,0,0,0,0,0
kRYymWsSu69,70802 Chure Rural Municipality,708 KAILALI,708,7 Sudurpashchim Province,7,70802,0,0,0,1.0,0,0,0,6.0,0,0,1.0,0,0,0,0,0,0,0,0,0,0,0,0,0,0,0,0,0,0,0,0,0,0,0,0,0,0,0,0,0,0,0,0,0,0,0,0,0,0,0,0,0,0,0,0,0,9.0,0,0,0,0,0,0,0,0,0,0,0,0,0,0,0,0,0,0,0,0,0,0,0,0,0,0,0,0,0,0,0,0,0,0,0,0,0,0,0,0,0,0,0,0,0,0,0,0,0,0,0,0,0,0,0,0,0,0,0,0,0,0,0,0,0,0,0,0,0,0,4.0
xGO56QuFIYs,10608 Hatuwagadhi Rural Municipality,106 BHOJPUR,106,1 Koshi Province,1,10608,1.0,1.0,1.0,0,0,0,0,0,3.0,0,1.0,0,7.0,0,1.0,0,0,1.0,0,0,0,0,0,0,0,0,0,0,2.0,0,0,0,0,0,0,0,0,1.0,0,0,1.0,1.0,0,1.0,0,0,0,0,0,0,0,0,0,0,0,0,0,0,0,0,0,0,0,0,0,0,0,2.0,0,1.0,0,1.0,0,0,0,0,0,0,1.0,0,0,0,0,0,0,0,0,0,0,0,0,0,0,0,0,0,0,0,0,0,0,0,0,0,0,0,0,0,0,0,0,0,0,0,0,0,0,0,0,0,1.0,0,0,1.0,0,0,0,1.0
MPVGGKIA6G4,70306 Marma Rural Municipality,703 DARCHULA,703,7 Sudurpashchim Province,7,70306,0,0,0,0,0,0,0,0,0,0,0,0,0,0,0,0,0,0,0,0,0,1.0,0,0,0,0,0,0,0,0,0,0,0,0,0,0,0,0,0,1.0,0,0,0,0,0,0,0,0,0,0,0,1.0,0,0,0,0,0,0,0,0,0,0,0,0,0,0,0,0,0,0,0,0,0,0,1.0,0,0,0,0,0,0,0,0,0,0,0,0,0,0,0,0,0,0,0,0,0,0,0,0,0,0,0,0,0,0,0,0,0,0,0,0,0,0,0,0,0,0,0,0,0,0,0,0,0,0,0,0,1.0
G3hlaNbqWlq,31207 Bhimphedi Rural Municipality,312 MAKWANPUR,312,3 Bagmati Province,3,31207,1.0,0,0,2.0,1.0,0,1.0,0,0,0,0,0,0,0,0,0,1.0,0,0,2.0,1.0,0,0,0,0,0,2.0,0,0,0,0,0,0,0,0,0,0,2.0,0,1.0,1.0,0,1.0,0,0,0,0,0,0,0,0,0,0,0,0,0,0,0,0,0,0,0,0,0,0,0,2.0,0,0,0,3.0,0,0,0,0,0,0,0,0,0,0,0,0,0,0,0,0,0,0,0,0,0,0,0,0,0,0,0,0,0,0,0,0,0,0,0,0,0,0,0,0,0,0,0,0,0,0,0,0,0,1.0,0,1.0,0,0,1.0,0,0
uYoqkSry0gN,41106 Nisikhola Rural Municipality,411 BAGLUNG,411,4 Gandaki Province,4,41106,0,3.0,0,0,0,1.0,0,0,1.0,4.0,2.0,0,0,0,0,0,0,0,0,0,1.0,0,0,0,1.0,0,0,0,0,0,0,0,0,1.0,1.0,0,3.0,0,0,1.0,1.0,2.0,3.0,0,0,0,0,0,0,0,0,0,0,0,0,0,0,0,0,0,0,0,0,0,0,0,1.0,0,0,3.0,0,0,0,0,2.0,0,0,0,0,1.0,0,0,0,0,0,0,0,0,0,0,0,0,0,0,0,0,0,0,0,0,0,0,0,0,0,0,0,0,0,0,0,0,0,0,0,0,0,4.0,4.0,0,0,0,0,1.0,2.0,1.0,1.0,0
wBYpHj97IZo,70809 Joshipur Rural Municipality,708 KAILALI,708,7 Sudurpashchim Province,7,70809,0,0,0,0,0,0,0,0,0,0,0,0,0,0,0,0,0,0,0,0,0,0,0,0,0,0,0,0,0,0,0,0,0,0,0,0,0,0,0,0,0,0,0,0,0,0,0,0,0,0,0,0,0,0,0,0,0,0,0,0,0,0,0,0,0,0,0,0,0,0,0,0,0,0,0,0,0,0,0,0,0,0,0,0,0,0,0,0,0,0,0,0,0,0,0,0,0,0,0,0,0,0,0,0,0,0,0,0,0,4.0,0,0,0,0,0,0,0,0,0,0,0,0,0,0,0,0,0,0
pQ9sfTqDPzf,30507 Tarakeshwor Rural Municipality,305 NUWAKOT,305,3 Bagmati Province,3,30507,0,0,0,0,0,0,0,0,0,0,0,0,0,0,0,0,0,0,0,0,0,0,0,0,0,0,0,0,0,0,0,0,0,0,0,0,0,0,0,0,0,0,0,0,0,0,0,0,0,0,0,0,0,0,0,0,0,0,0,0,0,0,0,0,0,0,1.0,0,0,0,0,0,0,0,0,0,0,0,0,0,0,0,0,0,0,0,0,0,0,0,0,0,0,0,0,0,0,0,0,0,0,0,0,0,0,0,0,0,0,0,0,0,0,0,0,0,0,0,0,0,0,0,0,0,0,0,0,0
IDp6QAC1Prv,11010 Rong Rural Municipality,110 ILAM,110,1 Koshi Province,1,11010,0,0,0,0,0,0,0,2.0,0,0,0,0,0,0,0,0,0,0,0,0,0,0,0,0,0,0,0,0,0,0,0,0,0,0,0,0,0,0,0,0,0,1.0,0,0,0,0,0,0,0,0,0,0,0,0,0,0,0,0,0,0,0,0,0,0,0,0,0,0,0,0,0,0,0,0,0,0,1.0,0,0,0,0,0,0,0,0,0,0,0,0,2.0,0,0,0,0,0,0,0,0,0,0,0,0,0,0,0,0,0,0,0,0,0,0,0,0,0,0,0,0,1.0,0,0,0,1.0,0,0,0,0,0
PAcfAwNtnry,10506 Sakela Rural Municipality,105 KHOTANG,105,1 Koshi Province,1,10506,1.0,0,1.0,1.0,1.0,1.0,0,0,0,0,0,0,0,0,0,0,0,0,0,1.0,0,0,0,0,0,1.0,0,0,0,0,0,0,0,0,1.0,0,0,0,0,0,0,1.0,0,0,0,0,0,0,0,0,0,0,0,0,0,0,0,0,0,0,0,0,0,0,0,0,0,0,0,1.0,0,0,0,0,0,0,0,0,0,0,0,0,0,0,0,0,0,0,0,0,0,0,0,0,0,0,0,0,0,0,0,0,0,0,0,0,0,0,0,0,0,0,0,0,0,0,0,0,1.0,0,1.0,0,0,0,0,0,1.0,0
EPL0DIwxK38,11106 Kamal Rural Municipality,111 JHAPA,111,1 Koshi Province,1,11106,0,0,0,0,0,0,0,0,0,0,0,0,0,0,0,0,0,0,0,0,0,0,0,0,0,0,0,0,0,0,0,0,0,0,0,0,0,0,0,0,0,0,0,0,0,0,0,0,0,0,0,0,0,0,0,0,0,0,0,0,0,0,0,0,0,0,0,0,0,0,0,0,0,0,0,0,0,0,0,0,1.0,0,0,0,0,0,0,0,0,0,0,0,0,0,0,0,0,0,0,0,0,0,0,0,0,0,0,0,0,0,0,0,0,0,0,0,0,0,0,0,0,0,0,0,0,0,4.0,0
Aqx5bnogLPJ,50404 Musikot Municipality,504 GULMI,504,5 Lumbini Province,5,50404,0,0,0,0,0,0,2.0,0,2.0,1.0,0,0,0,0,1.0,0,2.0,0,1.0,2.0,0,0,0,0,0,0,0,0,0,0,0,0,0,0,0,0,0,4.0,2.0,6.0,0,2.0,0,0,0,0,0,0,0,0,0,0,0,0,0,0,0,0,10.0,0,0,0,0,0,0,1.0,0,0,2.0,1.0,1.0,0,0,3.0,0,0,0,0,0,1.0,0,0,0,0,1.0,0,0,0,0,0,0,0,0,0,0,0,0,0,0,0,0,1.0,0,0,0,0,0,0,0,0,0,0,0,0,0,0,0,1.0,0,0,1.0,1.0,2.0,0,0,0,0,0
IowlrcJuWwg,50806 Suddhodhan Rural Municipality,508 RUPANDEHI,508,5 Lumbini Province,5,50806,0,0,1.0,0,1.0,0,0,0,0,0,0,0,0,0,0,0,0,0,0,0,1.0,0,0,0,0,0,0,0,0,0,0,0,0,0,0,0,0,0,0,0,0,0,0,0,0,0,0,0,0,0,0,1.0,0,0,0,0,0,0,0,0,0,0,0,0,0,0,0,2.0,0,0,0,0,0,0,0,0,0,0,0,0,0,0,0,0,0,0,12.0,0,0,0,0,0,0,0,0,0,0,0,0,0,0,0,0,0,0,0,0,0,0,0,0,0,0,0,0,0,0,0,0,0,0,0,0,0,0,0,0,0
KiK0q7eLwHM,60402 Kanaka Sundari Rural Municipality,604 JUMLA,604,6 Karnali Province,6,60402,0,2.0,0,0,0,0,0,0,0,0,0,0,0,0,0,0,0,0,0,0,0,0,0,0,0,0,0,0,0,0,0,0,0,0,0,0,0,0,0,0,0,0,0,0,0,0,0,0,0,0,0,0,0,0,0,0,0,0,0,0,0,0,0,0,0,0,0,0,0,0,0,0,0,0,0,0,0,0,0,0,0,0,0,0,0,0,0,0,0,0,0,0,0,0,0,0,0,0,0,0,0,0,0,0,0,0,0,0,0,0,0,0,0,0,0,0,0,0,0,0,0,0,0,0,0,0,0,0
sW7CMn96Vbt,51203 Thakurbaba Municipality,512 BARDIYA,512,5 Lumbini Province,5,51203,0,0,0,0,0,0,0,0,0,0,0,0,0,0,0,0,0,0,0,4.0,0,0,0,0,0,0,0,0,0,0,0,0,0,0,0,0,0,0,0,0,0,0,0,0,0,0,0,0,0,0,0,43.0,0,0,0,0,0,0,0,0,0,0,0,0,0,0,0,0,0,0,0,0,1.0,0,0,0,0,0,0,0,0,0,0,0,0,0,0,0,0,0,0,0,0,0,0,0,0,0,0,0,0,0,0,0,0,0,0,0,0,0,0,0,0,0,0,0,0,0,0,0,0,0,0,1.0,0,0,0,0
Vaz2akuQgf5,70905 Dodharachadani  Municipality,709 KANCHANPUR,709,7 Sudurpashchim Province,7,70905,0,0,0,0,0,0,0,0,14.0,7.0,13.0,0,0,0,0,4.0,0,0,8.0,14.0,5.0,2.0,0,0,0,0,0,0,0,0,0,0,2.0,0,0,0,0,0,0,0,0,6.0,4.0,5.0,0,0,0,0,0,0,0,0,0,1.0,0,0,0,0,0,0,0,0,0,2.0,0,0,0,0,0,0,0,0,0,4.0,5.0,0,0,0,0,0,0,0,0,2.0,6.0,0,0,0,0,0,0,0,0,0,0,0,0,0,0,0,0,0,0,0,0,0,0,0,0,0,0,0,0,0,0,0,0,0,0,8.0,0,0,0,0,0,0,12.0,13.0
FluZyDqgK8D,30203 Panchpokhari Thangpal Rural Municipality,302 SINDHUPALCHOK,302,3 Bagmati Province,3,30203,0,2.0,0,1.0,3.0,0,0,0,1.0,4.0,7.0,0,0,0,0,0,0,0,5.0,5.0,27.0,2.0,0,0,0,0,0,2.0,0,0,0,1.0,0,0,0,0,0,5.0,2.0,0,3.0,1.0,4.0,4.0,0,1.0,0,0,0,0,0,0,0,0,0,0,0,0,0,0,0,0,0,0,0,0,0,0,2.0,1.0,0,0,4.0,1.0,20.0,0,0,0,0,0,1.0,0,1.0,0,0,0,0,0,0,0,0,0,0,0,0,0,0,0,0,0,0,0,0,0,0,4.0,0,0,0,1.0,0,0,0,0,0,0,0,2.0,0,1.0,1.0,4.0,1.0,0,11.0,2.0,2.0,16.0
jyzaWGbY6vG,50205 Madi Rural Municipality,502 ROLPA,502,5 Lumbini Province,5,50205,0,2.0,0,0,0,0,0,1.0,0,0,0,0,2.0,0,2.0,0,0,0,0,0,0,1.0,0,0,0,1.0,0,0,0,0,0,1.0,2.0,1.0,0,3.0,0,0,3.0,0,2.0,2.0,7.0,1.0,0,0,0,0,0,0,0,0,0,0,0,0,0,0,0,0,0,0,0,0,1.0,0,0,2.0,0,0,0,0,0,0,0,0,0,0,0,0,0,0,0,0,0,0,0,0,0,0,3.0,1.0,0,0,0,0,0,0,0,0,0,0,0,0,0,0,0,0,0,0,0,0,0,0,0,0,0,0,0,0,0,0,3.0,1.0,3.0,3.0,3.0,4.0
ORfqiWQXI4y,30803 Godawari Municipality,308 LALITPUR,308,3 Bagmati Province,3,30803,1.0,1.0,0,1.0,0,1.0,0,0,0,0,0,0,0,0,2.0,0,0,0,0,1.0,1.0,0,1.0,0,0,1.0,1.0,1.0,0,0,0,0,0,4.0,0,0,1.0,0,0,0,1.0,2.0,0,2.0,0,0,0,0,4.0,0,0,0,0,0,0,0,0,0,0,0,0,0,0,0,2.0,0,0,1.0,1.0,0,0,0,0,0,0,0,0,0,0,0,0,0,10.0,0,0,0,0,0,0,0,0,0,0,0,0,0,2.0,0,0,0,0,0,0,0,0,0,0,0,2.0,0,0,0,0,0,0,0,0,3.0,0,2.0,0,0,1.0,0,0,2.0,1.0,4.0
xh6T1nEbcgU,10406 Champadevi Rural Municipality,104 OKHALDHUNGA,104,1 Koshi Province,1,10406,1.0,0,0,0,0,1.0,3.0,0,0,0,0,0,1.0,2.0,0,0,2.0,0,0,2.0,0,0,0,0,0,0,0,0,0,0,0,0,0,4.0,10.0,2.0,0,1.0,1.0,2.0,0,0,1.0,0,0,0,0,0,0,0,0,0,0,0,0,0,0,0,0,0,0,0,0,0,0,0,0,0,0,3.0,0,0,0,0,0,0,0,0,0,0,0,0,0,0,0,0,0,0,0,0,0,0,0,0,0,0,0,0,0,0,0,0,0,0,0,0,0,0,0,0,0,0,0,0,0,0,0,0,0,0,0,1.0,1.0,1.0,5.0,0,0,24.0
kZSDETMIlBs,31002 Gokulganga Rural Municipality,310 RAMECHHAP,310,3 Bagmati Province,3,31002,6.0,6.0,5.0,5.0,4.0,4.0,2.0,0,1.0,3.0,1.0,4.0,1.0,1.0,1.0,0,0,0,0,5.0,0,0,0,0,0,0,1.0,0,1.0,0,0,0,0,1.0,1.0,3.0,4.0,0,1.0,0,0,1.0,0,1.0,0,0,0,0,0,0,0,0,0,0,0,0,0,0,0,0,0,0,0,0,4.0,1.0,0,0,1.0,2.0,2.0,3.0,0,0,0,0,0,2.0,0,0,2.0,0,0,0,1.0,0,0,0,0,0,0,0,0,1.0,0,0,0,0,0,0,1.0,0,0,0,1.0,0,0,0,0,0,0,0,0,0,0,0,0,2.0,10.0,1.0,0,2.0,5.0,0,0,2.0,0,11.0
wIOJ0eVF34c,40802 Bulingtar Rural Municipality,408 NAWALPARASI EAST,408,4 Gandaki Province,4,40802,0,0,0,0,0,0,1.0,0,3.0,2.0,1.0,0,0,0,0,0,0,0,0,2.0,1.0,1.0,0,0,0,0,1.0,0,0,3.0,0,0,1.0,0,0,0,0,0,0,0,1.0,0,0,1.0,0,0,0,0,0,0,1.0,0,0,0,0,0,0,0,0,0,0,0,0,0,0,0,0,0,0,0,0,1.0,0,0,0,0,0,1.0,0,0,0,0,0,0,0,1.0,0,0,0,0,0,0,0,0,0,1.0,0,0,0,0,0,0,0,1.0,0,1.0,0,0,0,0,0,0,0,0,0,0,1.0,0,0,0,0,0,0,1.0,1.0,1.0,3.0,7.0
h6i4S2EZfnc,60302 Kharpunath Rural Municipality,603 HUMLA,603,6 Karnali Province,6,60302,0,0,0,0,0,0,0,0,1.0,0,0,0,0,0,0,0,0,0,0,0,0,0,0,0,0,0,0,0,0,0,0,0,0,0,0,0,0,0,2.0,0,0,0,1.0,1.0,0,0,0,0,0,0,0,0,0,0,0,0,0,0,0,0,0,0,0,0,0,0,0,0,0,0,0,0,0,0,0,0,0,0,0,0,0,0,0,0,0,0,0,0,0,0,0,0,0,0,0,0,0,0,0,0,0,0,0,0,0,0,0,0,0,0,0,0,0,0,0,0,0,2.0,0,0,0,0,0,0,1.0,0,0,1.0
LrZTejRas1h,20415 Jaleshwor Municipality,204 MAHOTTARI,204,2 Madhesh Province,2,20415,0,31.0,0,33.0,0,0,20.0,10.0,0,0,0,0,0,0,0,0,0,0,0,0,0,0,0,0,0,0,0,0,0,0,0,0,8.0,0,0,0,0,0,0,6.0,0,0,0,0,0,0,0,0,0,0,0,0,0,0,0,0,0,0,0,0,0,0,0,0,0,28.0,0,30.0,0,0,0,0,0,0,0,0,0,0,5.0,0,0,0,0,0,0,0,0,0,0,0,0,0,0,0,0,0,0,0,0,0,0,0,8.0,10.0,0,0,5.0,0,0,0,0,0,0,0,0,0,0,0,0,0,0,0,0,5.0,0,0,0,17.0
X4ptvPQX4oH,20318 Mukhiyapatti Musaharmiya Rural Municipality,203 DHANUSA,203,2 Madhesh Province,2,20318,0,0,0,0,0,0,0,0,0,0,1.0,0,0,0,0,0,0,0,0,0,0,0,0,0,0,0,0,0,0,0,0,0,0,0,0,0,0,0,0,0,0,0,0,0,2.0,0,0,0,0,0,0,0,0,0,0,0,0,0,0,0,0,0,0,0,0,0,0,0,0,0,0,0,0,0,1.0,2.0,0,0,2.0,0,0,0,0,0,0,0,0,0,0,0,0,0,0,0,0,0,0,0,0,0,0,0,0,0,0,0,0,0,0,0,0,0,0,0,0,0,0,0,0,0,0,0,0,0,0,0,0,0
MidYQV1Jxnv,70909 Beldandi Rural Municipality,709 KANCHANPUR,709,7 Sudurpashchim Province,7,70909,0,0,0,0,0,0,0,0,11.0,0,0,0,0,0,0,0,0,2.0,0,0,0,0,0,0,0,0,0,0,0,0,0,0,0,0,0,0,0,0,0,0,0,8.0,0,2.0,0,0,0,0,0,0,0,0,0,0,0,0,0,0,0,0,0,0,0,0,0,0,0,0,0,0,0,0,0,0,4.0,0,0,0,0,0,0,0,0,0,0,0,0,0,0,0,0,0,0,0,0,0,0,0,0,0,0,0,0,0,0,0,0,0,0,0,0,0,0,0,0,0,0,0,0,0,0,0,0,0,0,8.0,0,2.0
WZx3wCWLlU2,20211 Laxmipur Patari Rural Municipality,202 SIRAHA,202,2 Madhesh Province,2,20211,0,0,0,0,0,0,0,0,0,0,0,0,0,0,0,0,0,0,0,0,0,0,0,0,0,0,0,0,0,0,0,0,0,0,0,0,0,0,0,0,0,0,0,0,0,0,0,0,0,0,0,0,0,0,0,0,0,0,0,0,0,0,0,0,0,0,0,0,0,0,0,0,0,0,0,0,0,0,0,0,0,0,0,0,0,0,0,0,0,82.0,0,0,0,0,0,0,0,0,0,0,0,0,0,0,0,0,0,0,0,0,0,0,0,0,0,0,0,0,0,0,0,0,0,0,0,0,0,0
ZxJiWxbQnck,51008 Rapti Rural Municipality,510 DANG,510,5 Lumbini Province,5,51008,0,0,0,0,0,0,0,0,0,0,2.0,0,0,0,0,0,0,0,0,0,0,28.0,0,0,0,0,0,0,0,0,0,2.0,0,0,0,0,0,0,0,0,0,0,0,0,0,0,0,0,0,0,0,0,0,0,0,0,0,0,0,0,0,0,0,0,0,0,0,0,0,0,0,0,0,0,0,0,0,0,0,0,0,0,0,0,0,25.0,0,0,0,0,0,0,0,0,0,0,0,0,0,1.0,0,0,0,0,0,0,0,0,0,0,0,0,0,0,0,0,0,0,0,0,0,0,0,0,0,5.0,0,53.0
Jder3u2LeBr,20401 Bardibas Municipality,204 MAHOTTARI,204,2 Madhesh Province,2,20401,2.0,0,0,0,0,0,0,0,2.0,0,0,0,0,0,0,0,0,0,0,2.0,0,0,0,0,0,0,0,0,0,0,0,0,2.0,0,0,0,0,0,0,0,0,0,10.0,10.0,0,0,0,0,0,0,0,0,0,0,0,0,0,0,0,0,0,0,0,0,0,2.0,0,0,0,0,0,0,4.0,0,12.0,0,0,0,0,0,0,0,0,2.0,0,0,0,0,0,0,0,0,0,0,0,0,0,0,0,0,0,0,0,0,0,4.0,0,0,0,0,0,0,0,0,0,0,0,0,0,0,0,0,0,0,0,0,4.0,38.0
REJz6rWHGxN,10609 Aamchowk Rural Municipality,106 BHOJPUR,106,1 Koshi Province,1,10609,0,3.0,1.0,0,0,0,0,0,0,0,0,1.0,0,0,0,0,0,0,0,0,1.0,0,0,0,0,0,0,0,0,0,0,0,0,1.0,1.0,0,2.0,0,1.0,0,0,0,0,0,0,0,0,0,0,0,0,0,0,0,0,0,0,0,0,0,0,0,0,0,1.0,0,1.0,0,0,0,1.0,0,0,3.0,0,0,0,0,0,0,0,0,0,0,0,0,0,0,1.0,0,0,0,0,0,0,0,0,0,0,0,0,0,0,0,0,0,0,0,0,0,0,0,0,0,0,0,0,0,0,0,0,0,0,1.0,0,1.0,0,0
PjkAYw0M8s9,61005 Bheriganga Municipality,610 SURKHET,610,6 Karnali Province,6,61005,0,0,0,0,0,0,0,0,0,0,0,0,0,0,0,0,0,0,0,0,0,0,0,0,0,0,0,0,0,0,0,0,0,0,0,0,0,0,0,0,1.0,0,0,1.0,0,0,0,0,0,0,0,0,0,0,0,0,0,0,0,0,0,0,0,0,0,0,0,0,0,0,0,0,0,0,0,0,0,0,0,0,0,0,0,0,0,0,0,0,0,0,0,0,0,0,0,0,0,0,0,0,0,0,0,0,0,0,0,0,0,0,0,0,0,0,0,0,0,0,0,0,0,0,0,0,0,0,0,1.0
piWZ5DyW8lE,30408 Siddhalek Rural Municipality,304 DHADING,304,3 Bagmati Province,3,30408,0,0,0,0,0,0,0,0,0,1.0,1.0,0,0,0,0,0,0,0,1.0,1.0,6.0,2.0,0,0,0,0,0,0,0,0,0,1.0,0,0,0,0,0,0,0,0,0,0,2.0,1.0,0,0,0,0,0,0,0,0,0,1.0,0,0,0,0,0,0,0,0,0,0,0,0,0,0,0,2.0,0,0,0,1.0,0,0,0,0,0,0,2.0,0,0,0,0,0,0,0,0,0,0,0,0,0,0,0,0,0,0,0,0,0,0,0,0,0,2.0,0,0,0,0,0,0,0,0,0,0,0,0,0,0,0,0,0,0,0,2.0,15.0
JOFQcGku0Bj,50203 Paribartan Rural Municipality,502 ROLPA,502,5 Lumbini Province,5,50203,0,2.0,0,0,0,0,4.0,0,0,0,0,0,0,0,0,0,0,5.0,0,0,5.0,0,0,0,0,0,0,0,0,0,0,0,0,0,0,0,0,3.0,0,1.0,0,0,3.0,2.0,0,0,0,0,0,0,0,0,0,0,0,0,0,0,0,0,0,0,0,0,0,0,0,0,0,0,3.0,0,0,0,3.0,0,0,0,0,0,0,0,0,0,1.0,0,0,0,0,0,0,0,0,0,0,0,0,0,0,0,0,0,0,0,0,0,0,0,0,0,0,0,0,0,0,1.0,0,0,0,1.0,4.0,0,1.0,1.0,0,0,0,6.0
BnMyon9qUaj,10306 Necha Salyan Rural Municipality,103 SOLUKHUMBU,103,1 Koshi Province,1,10306,0,0,0,0,1.0,1.0,0,0,0,0,0,0,0,0,0,1.0,1.0,0,0,0,2.0,1.0,0,0,0,0,0,0,0,0,0,0,0,0,0,0,0,1.0,0,0,0,5.0,0,1.0,0,0,0,0,0,0,0,0,1.0,0,0,0,0,0,0,0,0,0,0,0,0,0,0,0,0,0,0,0,0,0,0,0,0,0,0,1.0,0,0,0,0,0,0,0,0,0,0,0,0,0,0,0,0,0,0,0,0,0,0,0,0,0,1.0,1.0,0,0,0,0,0,0,0,0,0,1.0,0,0,0,1.0,0,0,1.0,0,1.0,0,3.0
RGfG4rzHv7x,50610 Nisdi Rural Municipality,506 PALPA,506,5 Lumbini Province,5,50610,0,0,0,0,0,0,0,0,0,0,0,2.0,0,0,0,0,1.0,2.0,0,0,0,1.0,0,0,0,0,0,0,2.0,0,0,0,0,0,1.0,0,1.0,0,0,0,1.0,0,0,0,0,0,0,0,0,2.0,0,0,0,0,0,0,0,0,0,0,0,0,0,0,0,0,0,0,0,0,0,0,1.0,0,0,0,0,0,2.0,0,0,2.0,0,0,0,0,0,0,0,0,0,0,0,0,0,0,0,0,0,0,0,0,0,0,0,0,0,0,0,0,0,0,0,0,0,0,0,0,0,0,1.0,0,0,2.0,0,0,2.0,1.0
MaArAXGzq0b,30405 Netrawati Rural Municipality,304 DHADING,304,3 Bagmati Province,3,30405,0,0,1.0,0,0,0,0,1.0,4.0,4.0,2.0,0,1.0,0,0,0,0,0,3.0,0,0,0,0,0,0,0,0,1.0,0,0,0,0,0,0,0,0,0,0,1.0,0,3.0,0,0,0,0,0,0,0,0,0,0,0,0,0,0,0,0,0,0,0,0,0,0,0,0,0,0,0,0,0,0,0,0,0,2.0,0,0,0,0,0,0,0,0,0,0,0,0,0,0,0,0,0,0,0,0,0,0,0,0,0,0,0,0,0,0,0,0,0,0,0,0,0,0,0,0,0,0,1.0,0,0,0,3.0,5.0,0,4.0,2.0,0,0
BfVFDcrQ4c9,41001 Modi Rural Municipality,410 PARBAT,410,4 Gandaki Province,4,41001,0,1.0,1.0,1.0,1.0,0,0,2.0,2.0,0,0,3.0,0,1.0,0,0,0,0,0,2.0,2.0,0,0,0,0,0,0,0,0,0,2.0,0,0,0,0,1.0,0,0,0,1.0,0,1.0,1.0,4.0,0,0,0,0,0,0,0,0,0,0,0,0,0,0,0,0,2.0,0,0,0,0,0,0,0,0,2.0,0,0,0,0,0,0,0,0,0,0,0,0,0,0,1.0,0,0,0,0,0,0,0,0,0,0,0,0,0,0,0,0,1.0,2.0,0,0,0,0,0,0,0,0,0,0,0,0,0,0,0,1.0,0,1.0,0,1.0,1.0,1.0,0,2.0,6.0
yPHX34J5S5u,30703 Madhyapur Thimi Municipality,307 BHAKTAPUR,307,3 Bagmati Province,3,30703,2.0,0,0,0,0,0,0,11.0,0,1.0,0,0,0,0,0,0,0,2.0,0,0,0,0,0,0,0,0,0,0,0,0,0,0,0,2.0,0,0,0,0,0,0,0,2.0,0,0,0,0,0,0,0,0,0,0,0,0,0,0,0,0,0,0,3.0,0,0,0,0,0,0,0,0,1.0,2.0,0,0,0,0,0,0,0,0,0,0,0,0,0,0,0,0,0,0,0,0,0,0,0,0,3.0,0,0,0,0,0,0,0,0,0,0,0,0,0,0,0,0,0,0,0,0,3.0,0,1.0,0,0,0,0,0,1.0,2.0,0,0
bdOniUUPLUd,11406 Tapli Rural Municipality,114 UDAYAPUR,114,1 Koshi Province,1,11406,0,0,0,0,0,0,0,0,0,0,0,0,0,0,0,0,0,0,0,0,0,0,0,0,0,0,0,0,0,0,0,0,0,0,0,1.0,0,0,0,0,0,0,0,0,0,0,0,0,0,0,0,0,0,0,0,0,0,0,0,0,0,2.0,0,0,0,0,0,0,0,0,0,0,0,0,0,0,0,0,0,0,0,0,0,0,0,0,0,0,0,0,0,0,0,0,0,0,0,0,0,0,0,0,0,0,0,0,0,1.0,0,2.0,0,0,0,0,0,0,0,1.0,0,0,0,0,0,0,0,0,2.0,0
zqnuKR0JAhJ,70309 Lekam Rural Municipality,703 DARCHULA,703,7 Sudurpashchim Province,7,70309,0,0,0,0,0,0,0,0,0,0,0,0,0,0,0,0,0,0,0,0,0,0,0,0,0,0,0,0,0,0,0,0,0,0,0,0,0,0,0,0,0,0,0,4.0,0,0,0,0,0,0,0,0,0,0,0,0,0,0,0,0,16.0,0,0,0,0,0,0,0,0,0,0,0,0,0,0,0,0,0,0,0,0,0,0,0,0,0,0,0,0,0,0,0,0,0,0,0,0,0,0,0,0,0,0,0,0,0,0,0,0,0,0,0,0,0,0,0,0,0,0,0,0,0,0,0,0,0,0,4.0
XG7X38Ke2bh,10302 Mahakulung Rural Municipality,103 SOLUKHUMBU,103,1 Koshi Province,1,10302,4.0,0,5.0,0,6.0,5.0,3.0,4.0,3.0,5.0,4.0,0,0,0,3.0,5.0,4.0,1.0,0,3.0,1.0,1.0,0,0,1.0,0,2.0,0,0,1.0,1.0,0,0,3.0,0,0,4.0,5.0,5.0,0,1.0,0,6.0,2.0,0,0,0,0,1.0,0,1.0,0,0,0,0,0,0,0,0,0,0,0,0,0,4.0,0,1.0,0,9.0,1.0,1.0,3.0,2.0,1.0,7.0,0,0,0,1.0,0,1.0,1.0,3.0,0,1.0,0,0,0,0,0,1.0,0,0,0,0,0,0,0,0,1.0,0,0,0,0,0,1.0,0,0,0,0,0,0,0,0,0,0,0,6.0,2.0,7.0,2.0,1.0,3.0,0,3.0,2.0,1.0,7.0
PPGIT7pWlmR,10605 Arun Rural Municipality,106 BHOJPUR,106,1 Koshi Province,1,10605,0,0,0,0,0,0,0,0,0,0,0,0,0,0,0,0,0,0,0,0,1.0,0,0,0,0,0,0,0,0,0,0,0,0,0,0,0,0,0,0,0,0,0,1.0,0,0,0,0,0,0,0,0,0,0,0,0,0,0,0,0,0,0,0,0,0,0,3.0,0,0,2.0,0,0,0,0,0,0,0,0,0,0,0,0,0,0,0,0,0,0,0,0,0,0,0,0,1.0,0,0,0,0,0,0,0,0,0,0,0,0,0,0,0,0,0,0,0,0,0,0,0,2.0,0,0,0,0,0,0,0,0,0,0
cMni1fmiBhC,50702 Sunawal Municipality,507 NAWALPARASI WEST,507,5 Lumbini Province,5,50702,0,9.0,0,0,0,0,0,0,0,0,0,0,0,0,0,0,0,0,0,0,0,0,1.0,0,0,0,0,5.0,0,0,0,0,0,0,0,0,0,11.0,0,0,0,0,0,0,0,0,0,0,4.0,0,0,0,0,0,10.0,0,0,0,0,0,0,0,0,0,0,0,0,0,0,0,0,0,0,0,0,0,0,0,0,0,0,0,0,0,0,0,8.0,0,0,0,0,0,0,0,0,0,0,0,0,0,0,0,0,0,0,0,0,4.0,0,0,0,0,0,0,0,0,0,0,2.0,0,0,0,0,1.0,0,0,0,0
