organisationunitid,organisationunitname,organisationunitcode,,OPD-Morbidity-Other Diseases & Injuries-Snake Bite-Non Poisonous Bhadra 2077,OPD-Morbidity-Other Diseases & Injuries-Snake Bite-Non Poisonous Chaitra 2077,OPD-Morbidity-Other Diseases & Injuries-Snake Bite-Non Poisonous Kartik 2074,OPD-Morbidity-Other Diseases & Injuries-Snake Bite-Non Poisonous Magh 2079,OPD-Morbidity-Other Diseases & Injuries-Snake Bite-Non Poisonous Asar 2079,OPD-Morbidity-Other Diseases & Injuries-Snake Bite-Non Poisonous Chaitra 2072,OPD-Morbidity-Other Diseases & Injuries-Snake Bite-Non Poisonous Mangsir 2073,OPD-Morbidity-Other Diseases & Injuries-Snake Bite-Non Poisonous Poush 2078,OPD-Morbidity-Other Diseases & Injuries-Snake Bite-Non Poisonous Baishak 2076,OPD-Morbidity-Other Diseases & Injuries-Snake Bite-Non Poisonous Magh 2074,OPD-Morbidity-Other Diseases & Injuries-Snake Bite-Non Poisonous Shrawan 2079,OPD-Morbidity-Other Diseases & Injuries-Snake Bite-Non Poisonous Ashwin 2072,OPD-Morbidity-Other Diseases & Injuries-Snake Bite-Non Poisonous Baishak 2079,OPD-Morbidity-Other Diseases & Injuries-Snake Bite-Non Poisonous Baishak 2080,OPD-Morbidity-Other Diseases & Injuries-Snake Bite-Non Poisonous Ashwin 2081,OPD-Morbidity-Other Diseases & Injuries-Snake Bite-Non Poisonous Asar 2072,OPD-Morbidity-Other Diseases & Injuries-Snake Bite-Non Poisonous Bhadra 2073,OPD-Morbidity-Other Diseases & Injuries-Snake Bite-Non Poisonous Kartik 2073,OPD-Morbidity-Other Diseases & Injuries-Snake Bite-Non Poisonous Chaitra 2079,OPD-Morbidity-Other Diseases & Injuries-Snake Bite-Non Poisonous Chaitra 2081,OPD-Morbidity-Other Diseases & Injuries-Snake Bite-Non Poisonous Kartik 2078,OPD-Morbidity-Other Diseases & Injuries-Snake Bite-Non Poisonous Ashwin 2073,OPD-Morbidity-Other Diseases & Injuries-Snake Bite-Non Poisonous Falgun 2079,OPD-Morbidity-Other Diseases & Injuries-Snake Bite-Non Poisonous Magh 2081,OPD-Morbidity-Other Diseases & Injuries-Snake Bite-Non Poisonous Kartik 2076,OPD-Morbidity-Other Diseases & Injuries-Snake Bite-Non Poisonous Mangsir 2074,OPD-Morbidity-Other Diseases & Injuries-Snake Bite-Non Poisonous Mangsir 2075,OPD-Morbidity-Other Diseases & Injuries-Snake Bite-Non Poisonous Shrawan 2078,OPD-Morbidity-Other Diseases & Injuries-Snake Bite-Non Poisonous Jestha 2080,OPD-Morbidity-Other Diseases & Injuries-Snake Bite-Non Poisonous Magh 2076,OPD-Morbidity-Other Diseases & Injuries-Snake Bite-Non Poisonous Bhadra 2080,OPD-Morbidity-Other Diseases & Injuries-Snake Bite-Non Poisonous Ashwin 2077,OPD-Morbidity-Other Diseases & Injuries-Snake Bite-Non Poisonous Ashwin 2082,OPD-Morbidity-Other Diseases & Injuries-Snake Bite-Non Poisonous Baishak 2073,OPD-Morbidity-Other Diseases & Injuries-Snake Bite-Non Poisonous Poush 2080,OPD-Morbidity-Other Diseases & Injuries-Snake Bite-Non Poisonous Bhadra 2082,OPD-Morbidity-Other Diseases & Injuries-Snake Bite-Non Poisonous Mangsir 2078,OPD-Morbidity-Other Diseases & Injuries-Snake Bite-Non Poisonous Falgun 2073,OPD-Morbidity-Other Diseases & Injuries-Snake Bite-Non Poisonous Poush 2081,OPD-Morbidity-Other Diseases & Injuries-Snake Bite-Non Poisonous Shrawan 2082 - Asar 2083,OPD-Morbidity-Other Diseases & Injuries-Snake Bite-Non Poisonous Asar 2073,OPD-Morbidity-Other Diseases & Injuries-Snake Bite-Non Poisonous Ashwin 2079,OPD-Morbidity-Other Diseases & Injuries-Snake Bite-Non Poisonous Kartik 2077,OPD-Morbidity-Other Diseases & Injuries-Snake Bite-Non Poisonous Shrawan 2074,OPD-Morbidity-Other Diseases & Injuries-Snake Bite-Non Poisonous Asar 2081,OPD-Morbidity-Other Diseases & Injuries-Snake Bite-Non Poisonous Ashwin 2075,OPD-Morbidity-Other Diseases & Injuries-Snake Bite-Non Poisonous Magh 2075,OPD-Morbidity-Other Diseases & Injuries-Snake Bite-Non Poisonous Falgun 2076,OPD-Morbidity-Other Diseases & Injuries-Snake Bite-Non Poisonous Asar 2074,OPD-Morbidity-Other Diseases & Injuries-Snake Bite-Non Poisonous Bhadra 2079,OPD-Morbidity-Other Diseases & Injuries-Snake Bite-Non Poisonous Asar 2077,OPD-Morbidity-Other Diseases & Injuries-Snake Bite-Non Poisonous Magh 2072,OPD-Morbidity-Other Diseases & Injuries-Snake Bite-Non Poisonous Shrawan 2077,OPD-Morbidity-Other Diseases & Injuries-Snake Bite-Non Poisonous Ashwin 2078,OPD-Morbidity-Other Diseases & Injuries-Snake Bite-Non Poisonous Jestha 2081,OPD-Morbidity-Other Diseases & Injuries-Snake Bite-Non Poisonous Ashwin 2074,OPD-Morbidity-Other Diseases & Injuries-Snake Bite-Non Poisonous Jestha 2082,OPD-Morbidity-Other Diseases & Injuries-Snake Bite-Non Poisonous Jestha 2079,OPD-Morbidity-Other Diseases & Injuries-Snake Bite-Non Poisonous Shrawan 2081,OPD-Morbidity-Other Diseases & Injuries-Snake Bite-Non Poisonous Bhadra 2081,OPD-Morbidity-Other Diseases & Injuries-Snake Bite-Non Poisonous Asar 2075,OPD-Morbidity-Other Diseases & Injuries-Snake Bite-Non Poisonous Jestha 2078,OPD-Morbidity-Other Diseases & Injuries-Snake Bite-Non Poisonous Chaitra 2074,OPD-Morbidity-Other Diseases & Injuries-Snake Bite-Non Poisonous Magh 2078,OPD-Morbidity-Other Diseases & Injuries-Snake Bite-Non Poisonous Baishak 2072,OPD-Morbidity-Other Diseases & Injuries-Snake Bite-Non Poisonous Ashwin 2080,OPD-Morbidity-Other Diseases & Injuries-Snake Bite-Non Poisonous Jestha 2072,OPD-Morbidity-Other Diseases & Injuries-Snake Bite-Non Poisonous Asar 2078,OPD-Morbidity-Other Diseases & Injuries-Snake Bite-Non Poisonous Chaitra 2073,OPD-Morbidity-Other Diseases & Injuries-Snake Bite-Non Poisonous Mangsir 2081,OPD-Morbidity-Other Diseases & Injuries-Snake Bite-Non Poisonous Mangsir 2079,OPD-Morbidity-Other Diseases & Injuries-Snake Bite-Non Poisonous Asar 2076,OPD-Morbidity-Other Diseases & Injuries-Snake Bite-Non Poisonous Shrawan 2082,OPD-Morbidity-Other Diseases & Injuries-Snake Bite-Non Poisonous Falgun 2078,OPD-Morbidity-Other Diseases & Injuries-Snake Bite-Non Poisonous Kartik 2072,OPD-Morbidity-Other Diseases & Injuries-Snake Bite-Non Poisonous Magh 2073,OPD-Morbidity-Other Diseases & Injuries-Snake Bite-Non Poisonous Mangsir 2080,OPD-Morbidity-Other Diseases & Injuries-Snake Bite-Non Poisonous Poush 2075,OPD-Morbidity-Other Diseases & Injuries-Snake Bite-Non Poisonous Kartik 2075,OPD-Morbidity-Other Diseases & Injuries-Snake Bite-Non Poisonous Jestha 2073,OPD-Morbidity-Other Diseases & Injuries-Snake Bite-Non Poisonous Kartik 2080,OPD-Morbidity-Other Diseases & Injuries-Snake Bite-Non Poisonous Bhadra 2074,OPD-Morbidity-Other Diseases & Injuries-Snake Bite-Non Poisonous Bhadra 2076,OPD-Morbidity-Other Diseases & Injuries-Snake Bite-Non Poisonous Falgun 2081,OPD-Morbidity-Other Diseases & Injuries-Snake Bite-Non Poisonous Jestha 2076,OPD-Morbidity-Other Diseases & Injuries-Snake Bite-Non Poisonous Magh 2077,OPD-Morbidity-Other Diseases & Injuries-Snake Bite-Non Poisonous Magh 2080,OPD-Morbidity-Other Diseases & Injuries-Snake Bite-Non Poisonous Baishak 2081,OPD-Morbidity-Other Diseases & Injuries-Snake Bite-Non Poisonous Ashwin 2076,OPD-Morbidity-Other Diseases & Injuries-Snake Bite-Non Poisonous Chaitra 2078,OPD-Morbidity-Other Diseases & Injuries-Snake Bite-Non Poisonous Asar 2082,OPD-Morbidity-Other Diseases & Injuries-Snake Bite-Non Poisonous Mangsir 2072,OPD-Morbidity-Other Diseases & Injuries-Snake Bite-Non Poisonous Bhadra 2075,OPD-Morbidity-Other Diseases & Injuries-Snake Bite-Non Poisonous Baishak 2082,OPD-Morbidity-Other Diseases & Injuries-Snake Bite-Non Poisonous Shrawan 2076,OPD-Morbidity-Other Diseases & Injuries-Snake Bite-Non Poisonous Asar 2080,OPD-Morbidity-Other Diseases & Injuries-Snake Bite-Non Poisonous Mangsir 2082,OPD-Morbidity-Other Diseases & Injuries-Snake Bite-Non Poisonous Falgun 2080,OPD-Morbidity-Other Diseases & Injuries-Snake Bite-Non Poisonous Poush 2072,OPD-Morbidity-Other Diseases & Injuries-Snake Bite-Non Poisonous Baishak 2078,OPD-Morbidity-Other Diseases & Injuries-Snake Bite-Non Poisonous Poush 2077,OPD-Morbidity-Other Diseases & Injuries-Snake Bite-Non Poisonous Shrawan 2080,OPD-Morbidity-Other Diseases & Injuries-Snake Bite-Non Poisonous Chaitra 2080,OPD-Morbidity-Other Diseases & Injuries-Snake Bite-Non Poisonous Baishak 2077,OPD-Morbidity-Other Diseases & Injuries-Snake Bite-Non Poisonous Chaitra 2075,OPD-Morbidity-Other Diseases & Injuries-Snake Bite-Non Poisonous Poush 2076,OPD-Morbidity-Other Diseases & Injuries-Snake Bite-Non Poisonous Bhadra 2078,OPD-Morbidity-Other Diseases & Injuries-Snake Bite-Non Poisonous Jestha 2077,OPD-Morbidity-Other Diseases & Injuries-Snake Bite-Non Poisonous Chaitra 2076,OPD-Morbidity-Other Diseases & Injuries-Snake Bite-Non Poisonous Falgun 2077,OPD-Morbidity-Other Diseases & Injuries-Snake Bite-Non Poisonous Poush 2073,OPD-Morbidity-Other Diseases & Injuries-Snake Bite-Non Poisonous Baishak 2075,OPD-Morbidity-Other Diseases & Injuries-Snake Bite-Non Poisonous Bhadra 2072,OPD-Morbidity-Other Diseases & Injuries-Snake Bite-Non Poisonous Mangsir 2077,OPD-Morbidity-Other Diseases & Injuries-Snake Bite-Non Poisonous Jestha 2075,OPD-Morbidity-Other Diseases & Injuries-Snake Bite-Non Poisonous Poush 2079,OPD-Morbidity-Other Diseases & Injuries-Snake Bite-Non Poisonous Kartik 2082,OPD-Morbidity-Other Diseases & Injuries-Snake Bite-Non Poisonous Mangsir 2076,OPD-Morbidity-Other Diseases & Injuries-Snake Bite-Non Poisonous Falgun 2075,OPD-Morbidity-Other Diseases & Injuries-Snake Bite-Non Poisonous Shrawan 2072,OPD-Morbidity-Other Diseases & Injuries-Snake Bite-Non Poisonous Poush 2074,OPD-Morbidity-Other Diseases & Injuries-Snake Bite-Non Poisonous Kartik 2081,OPD-Morbidity-Other Diseases & Injuries-Snake Bite-Non Poisonous Shrawan 2075,OPD-Morbidity-Other Diseases & Injuries-Snake Bite-Non Poisonous Falgun 2074,OPD-Morbidity-Other Diseases & Injuries-Snake Bite-Non Poisonous Shrawan 2073,OPD-Morbidity-Other Diseases & Injuries-Snake Bite-Non Poisonous Jestha 2074,OPD-Morbidity-Other Diseases & Injuries-Snake Bite-Non Poisonous Falgun 2072,OPD-Morbidity-Other Diseases & Injuries-Snake Bite-Non Poisonous Kartik 2079,OPD-Morbidity-Other Diseases & Injuries-Snake Bite-Non Poisonous Baishak 2074
YubZ3SsXpMk,10905 Falgunanda Rural Municipality,10905,,4,,2,,,1,,,,,1,,,,,2,,1,,,,3,,,1,,,3,,,,2,,,,1,,,,2,,,1,3,1,3,,,2,,1,,1,,,3,,,1,,3,,,,2,,,2,,,,,,,,,,1,2,1,,3,3,,,,,,2,,,,2,,6,,,,,1,,,,1,,,2,,1,,,,1,1,,,1,1,,1,1,,3,,2,1,,1,
UYA23UmgomU,30802 Lalitpur Metropolitan City,30802,,,,,,,,,,,,,2,,,,,,,,,,,,,,,,,,,,,,,,,,,,1,,,,,,,,,,,,,,,,,,,,,,,,,,,,,,,,,,,,,,,,,,,,,,,,,,,,,,,,,1,,,,,,1,,,,,,,,,,,,,,,,,,,,,,1,,,,
wXQf5ocsOhG,20804 Paterwa Sugauli Rural Municipality,20804,,,,,,,,,,,,,,,,,,,,,,,,,,,,,,,,,,,,,,,,,,,1,,,,,,,,,,,,,,,,,,,,,,,,,,,,,,,,,,,,,,,,,,,,,,,,,,,,,,,,,,,,,,,,,,,,,,,,,,,,,,,,,,,,,,,
cRyJg8XWXOc,30511 Shivapuri Rural Municipality,30511,,1,,,,,,,,,,,,,,1,,,,,,,1,,,,,,2,,,1,,,,,2,,,,3,,,,1,1,1,,,1,1,1,,1,1,,,,,,,,,,,,4,,1,,,,,1,,,,,,,,,3,1,,,,,,1,,2,,,1,,,,,,,,,,,,,,,,,,,3,,,,,,,,,,,,,,,,
A8EZqSGm5PY,11306 Itahari Sub-Metropolitan City,11306,,,,,,,,,,,,,,,,136,,,,,52,,,,7,,,,,,,,,,,,142,,,20,386,,,,,,,,,,,,,,,,,,,237,158,,,,,,,,,,52,40,,115,,,,,,,,,,,26,,,,,,,176,,,,,,51,,,,,,,,,,,,,,,,,,,13,78,,,,,120,,,,,,86,
xBDvxlFhSZC,11213 Budhiganga Rural Municipality,11213,,,,,,,,,,,,,,,,,,,,,,,,,,,,,,,,,,1,,,,,,,1,,,,,,,,,,,,,,,,,,,,,,,,,,,,,,,,,,,,,,,,,,,,,,,,,,,,,,,,,,,,,,,,,,,,,,,,,,,,,,,,,,,,,,,,,
XJBL0CSQyqH,60801 Aathabisakot Municipality,60801,,,,,,,,,,,,,,,,1,1,,,,,,,,,,,1,,,,1,,2,,,3,,,,5,,,,2,,,,,,,,,,,,,,,,1,,,,,,2,,,,,,,,,,,,,,,,,,,,,,,,,,,,,,,,,,,,,,,,,,,,,,,,,,,,,,1,,,,,,,,,
IWfloqDjBht,20801 Thori Rural Municipality,20801,,,,,,,,,,,,1,3,,,10,1,,,,7,,,,,,,,1,,,,,1,,,,,,,1,,2,,1,,1,,,,1,,,,,,,9,1,8,7,,1,,,,,,1,,,,,,,,,,,,,,,3,4,,,,,,,13,,3,6,,1,,,,1,,,,,,,,,,,,,,,,,,1,,,,3,8,,,,,,
N6qQtnkpek0,50410 Gulmi Durbar Rural Municipality,50410,,1,,,,,,,,,,1,,,,,,,,,,,,,,,,,,,,,,,,,,,,,1,,,,,,,,,,,1,,,,,,,1,,,,1,,,,,,,,,,,1,,,,,,,,,,,,,,,,,,1,,,,,,,,,,,,,,,,,,,,,,,,,,,,,,,,,,,,,,
hehIZAJVZtd,70207 Chhabis Pathibhara Rural Municipality,70207,,,,,,1,,,,,,,,,,,,,,,,,,,,,,,1,,,,,,,,,,,,,,,,,,,,,,,,,,,,,,,,,,,,,,,,,,,,,,,1,,,,,,,,,,,,,,,,,1,,,,,,,,,,,,,,,,,,,,,1,,,,,,,,,,1,,,,,,
fZ3LDhJyCuw,30902 Bhumlu Rural Municipality,30902,,,,,,,,,,,,,,1,,1,1,,,,,1,,,,,,,,,,1,,,,,,,,1,,,,1,,1,,,,1,1,,,,,,,,,1,1,,,,,,5,,,,2,,1,,,,,,,,,,,,,,,,1,,,,,1,,,,,,,,,1,,,,,1,,,,,,11,,,,,,,,,,,,,,,1,
UOfRfLoQcDc,41004 Phalebas Municipality,41004,,,,,,,,,,,,4,3,,,,,4,,,,,2,,,1,,,,1,,,,,,,,,,,,1,,,,,,,,,1,,,1,3,,,,1,1,1,,1,,,1,,,,,,,2,,,,,,,,,,,2,,1,,,,2,,,,,1,,,,,,,,4,,,,1,,,,,,,2,,,,,,,2,,,,,3,,,,
QtO7FHYoYFL,11401 Belaka Municipality,11401,,25,5,,,24,,,,,,23,,7,5,46,,,,4,11,16,,6,,13,,,30,20,1,28,,15,,,,3,,6,52,,28,,,27,,,2,,38,28,,28,18,21,,14,19,56,32,7,16,,,,23,,15,,4,2,17,21,2,,,5,,,1,9,,16,1,16,,,6,22,11,28,,,12,20,30,5,,,4,,19,11,5,,2,12,20,3,5,,5,,,10,2,11,1,,,,16,,,2,1,,28,
eVhFBYrBC9Y,30206 Indrawoti Rural Municipality,30206,,,,,,1,,,,,,,,,,2,,1,,,,,,,,1,,,1,,,1,,4,,,3,,,1,8,,,1,,,,,,,,,,,3,,,,,5,,1,,,,,,,1,,,,,1,,,,,,,,,,1,,,,,,,,1,,,,1,,,,,,,2,,,,,1,,,,,,,,,,,,,,,,1,,,,,,
dcsJaeSXHa6,10103 Meringden Rural Municipality,10103,,,,,,,,,,,,,2,,,,,,,,,,1,,,,,,,,,,,,,,,,,,,,,,1,1,,,,1,1,2,,,,,2,,,,,2,,,,2,,1,1,,,,1,,,,,,,,1,,,,,,,,,,,,,,,,,,,,,,,,,,,,1,,,,,,,,,,,,,,1,,,,3,,,
uxG1PtRsuGp,50906 Maharajganj Municipality,50906,,,,,3,,,,,,,,,,,,,4,,,1,,2,,,,,,,,,,,,,,,,,,,,,,,,,,,,,,,,,,,,,,,,,,,,,,,,,,,,,,,,,,,,,,,,,,,,,,,,,,,,,,,,,,,,,,,,,,,,,,,,,,,,,,,4,,,,
MEJFzydYnSx,20703 Jitpur Simara Sub-Metropolitan City,20703,,,,,,,,,,,,,,,,,,,,,,,,,,,,,,,,,,,,,,,,,,,,,,,,,,3,,,,,,,,,,,,,,,,,,,,,,,,,,,,,,,,,,,,,,,,,,,,,,,,,,,,,,,,,,,,,,,,,,,,,,,,,,,,,,,,
hkYy0OSJtes,30503 Suryagadhi Rural Municipality,30503,,,,,,,,1,,,,,,,,1,1,,,,,,1,,,,,,,,,,,,,,,,,,,,,,,2,,,,,1,,,,,,,,,1,,,,,,,,,,,,,,,,,,,,,,,,2,,,,,,,,,,,,,,,,,,,,,,,,,,,,,2,,,,,,,,,,,1,,,,,,
n22NGxaQxai,11112 Birtamod Municipality,11112,,,,,,1,,,,,,,,,,,,,,,,,,,,,,,,,,1,,,,,,,,,,,,,,,,,,,,,,,,,,,,,,,,,,,,,,,,,,,,,,,,,,,,,,,,,,,,,,,,,,,,,,,,,,,,,,,,,,,,,,,,,,,,,,,,,,
DLyaDAF00hm,204 MAHOTTARI,204,,,,,,10,,,,,,,,,8,3,3,2,,,,,,,,,,,5,,,2,,,1,,4,8,,,17,32,,,,4,,,,,27,3,,,,2,,,,,3,33,,,,,7,,,,1,13,,8,1,,,2,,5,28,5,,,,,,,4,,,,,4,1,,,5,,,,,1,2,,,,6,3,,,,,,,30,2,,,,1,,,,,1,,,11,
RYcEcFRtMjF,70403 Puchaundi Municipality,70403,,,,,,,,,,,,1,,,,,,,,,,,,,,,,,,,,,,,,,,,,,,,,,,,,,,,,,,1,1,,,,,1,,,,,,,,,,,,,,,,,,,,,,1,,,,,,,,,,1,,,,,,,,,,,,,,,,,,,,,,2,,,,,1,,,,1,,,,,,1,
vjL1uSC10Jh,701 BAJURA,701,,1,,,,,,,,,,,,1,,3,,5,,,,,,,,7,,,1,,,3,5,4,,,2,1,,,16,1,2,2,2,4,1,,,1,3,2,,1,1,2,2,2,,3,11,,,,,2,5,,,,,,4,10,,,,,,,1,1,1,1,,1,,,5,1,1,2,,1,,7,,,,,1,,5,,,,,5,,,1,,,,1,1,,,,,,,,1,,3,,,,
j6f5ROpUwXM,20712 Simraungadh Municipality,20712,,,,,,30,,,2,,,,,,,,,,,,,,,,,,,,,,,,,,,,,7,,,,,,,,,,,,,,,,,23,,,,14,,,,,,,,,,,,,,,,,,,,,,,,,,,,,,,,19,,,,,,,,,,,,,,,,,,,,,,,,,,,,,,,,,,,,,,,
fvN7GZvNAOB,6 Karnali Province,6,,52,2,3,1,22,2,2,2,9,2,49,6,7,2,44,17,34,5,,1,10,14,1,,2,,3,38,3,,36,28,31,4,,30,4,4,,132,27,19,8,45,43,12,,9,9,46,23,,37,17,16,7,18,5,39,86,18,9,7,6,3,19,7,19,3,1,,29,57,3,3,,,3,6,11,10,26,22,1,25,,,15,9,4,31,,33,2,32,37,4,,,2,,69,8,10,2,,33,12,3,,,,31,2,7,,10,1,1,18,11,10,22,10,32,3,,5,92
CNFRaFUfLjo,111 JHAPA,111,,128,38,,14,186,3,,14,,,268,3,75,64,48,,,,64,10,107,,43,5,2,,,156,124,2,139,113,,,1,,61,,3,68,,242,100,,49,,,2,,304,,3,163,196,35,,51,109,85,68,154,112,,7,,89,,1157,,14,72,,50,32,4,,14,,,,110,,2,,,9,3,12,2,70,80,,,8,,146,9,8,3,68,12,201,12,2,,4,98,3,2,20,,,3,36,,18,9,2,,3,,32,2,,,,3,217,
YCPqJYFT5dV,50808 Tilottama Municipality,50808,,,1,,,,,,,,,,,,,,,,,,,,,,,,,,,,,,,,,,16,,,,17,,,,,,,,,,,,,,,,,,,,,,,,,,,,,,,,,,,,,,,,,3,,,,,,,,,,,,,,,,1,,,,,,,,,,,,,,,,,,,,,,,,,,,,,,,,
Q9Tez14GQoi,70208 Durgathali Rural Municipality,70208,,,,,,,,,,,,,,,,,,,,,,,,,,,,,1,,,1,,,,,,,,,,1,,,,,,,,,,,,,,,,,,,,,,,,,,,,,,,,,,,,,,,,,,,,,,,,,,,,,,,,,,,,,,,,,,1,,,,,,,,,,,,,,,,,,1,1,,,
LuBkxJ50bKr,50102 Sisne Rural Municipality,50102,,,,,,6,,,,,,,,,,,,1,,,,,,,,,,,,1,,,1,1,,,2,,,,6,,,,,,,,,,,2,,,2,,,,,2,,,1,,,,,,,,,,,3,,,,,,,1,,,,,,,2,1,,,1,,,,,1,,,,,,,,,,,3,,,,,,,,,,,,,,,,,,,,,,
Fh294RrB7an,208 PARSA,208,,1,,,1,,,,,,,1,3,,4,14,1,,,4,8,83,,5,1,,,,1,,,15,2,1,1,,,36,,,8,2,7,,1,12,1,,,,2,2,2,,218,2,8,10,65,8,8,1,1,,,,9,,1,,2,4,,7,30,1,,1,1,,3,7,1,8,5,,,,,,88,17,,3,11,,2,,1,,1,,17,,,,,11,1,,,,,2,,1,,,1,1,1,,3,9,,,,,,
LgUWza3LscP,11107 Damak Municipality,11107,,106,17,,12,153,3,,8,,,97,3,63,51,,,,,33,,85,,30,,2,,,94,88,2,93,104,,,,,36,,,,,104,91,,,,,2,,125,,3,144,126,,,,80,,,,89,,6,,67,,137,,,33,,,25,3,,,,,,86,,2,,,4,,,2,58,,,,,,124,,,3,45,6,167,,2,,4,76,3,2,17,,,3,28,,15,,2,,3,,,,,,,3,105,
jUedBFxq6SW,40111 Gandaki Rural Municipality,40111,,2,,,,1,1,,,1,,1,2,,,1,1,,,,,,5,,,,,,,1,,1,,1,,,2,,,,4,,,,,1,2,,,1,,,,,2,1,1,,,3,,,1,,,1,,1,,,,,1,,,,,,,,1,,2,2,,,,,,3,,,,,,,1,,,,,,1,,,,,,3,1,,,,,,1,,1,,,1,,,,,2,,,,
FDd4YEgMIPm,20808 Bahudarmai Municipality,20808,,,,,,,,,,,,,,,,,,,,,,,,3,,,,,,,,,,,,,,,,,,,,,,,,,,,,,,,,,,,,,,,,,,,,,,,,,,,,,,,,,,,,,,,,,,,,,,,,,,,,,,,,,,,,,,,,,,,,,,,,,,,,,,,,,,
uHEl9oRZm8L,102 SANKHUWASABHA,102,,9,,3,,16,2,,,2,,5,4,2,27,12,8,7,2,19,1,4,4,1,,2,,,9,9,,2,13,7,3,,9,,,,25,6,7,3,5,13,9,,,9,10,10,,4,13,11,5,6,6,11,14,10,5,2,,5,11,8,8,1,7,,6,7,,1,1,,,2,6,6,4,8,,2,,,4,5,2,9,,8,2,5,5,,1,,4,,15,1,2,,,11,6,1,,,2,8,,2,6,2,1,,6,,3,5,,11,4,,1,10
ltqnFCQEb86,20317 Nagarain Municipality,20317,,,,,,,,,,,,,,,,,,,,,,,,,,,,,,,,,,,,,,,,,,,,,,,,,,,,1,,,,,,,,,,,,,,,,,,,,,,,,,,,,,,,,,,,,,,,,,,,,,,,,,,,,,,,,,,,,,,,,,,,,,,,,,,,,,,
iwHZRehENDP,70702 Ramaroshan Rural Municipality,70702,,,,,,,,1,,,,,,,,,,1,,,,,,,,,,,,,,,,,,,,,,,,1,,,,,,,,,,,,,,,,,,,,,,,,,,,,,,,,,,,,,,,,,,,,,,,,,,,,,,,,,,,,,,,,,,,,,,,,,,,,,,,,,,,,1,,,,
WWTyL8WoLTK,40403 Dhawalagiri Rural Municipality,40403,,1,,,,3,,,,,,3,,,,1,,2,,,,1,,,,,,,,,,1,1,3,,,,,,,5,1,,,,,1,,,1,1,3,,,2,,1,,,,5,,1,,,,,,,,,,1,2,,,,,,,,,2,,,1,,,,,,1,,1,,1,2,,,,,,1,,,,,1,,,,,,1,,,,,,,1,,,2,,4,,,,
YOLKVYyNcpT,70210 Bitthadchir Rural Municipality,70210,,,,,,,,,,,,,,,,,,1,,,,,,,,,,,1,,,,,,,,,1,,,,,,,1,1,,,,,,,,,,,,1,,,,,,,,,,,,,,,,,,,,,,,,2,,,,,,,,,,,,,,,1,,,,,,,5,,,,,,,,,,,,,,,,,,,,,,1,1,,,
HXgxCcAIbhS,60901 Darma Rural Municipality,60901,,,,,,,,,,,,,,,,,,,,,,,,,,1,,,,,,,,,,,,,,,,,,,,,,,,,1,,,,,,,,,,1,,,,,,,,,,,,,,,,,,,,,,,,,,,,,,,,,1,,,,,,,,,1,,,,,,,,,,,,,,,,,,,,,,,2,,,,
YrCAQvqFSFi,60701 Barekot Rural Municipality,60701,,,,,,,,,,,,5,,,,3,,,,,,,,,,,,,,,,1,,,,,,,,,,,,,,,,,,,,,,,,,,,,,2,,,,,,1,,,,,,,,,,,,,,,,,,,,,,,,,,,,,1,,,,,,,,,,,,,,,,,,,,,,,,,,,,,,,,,,
ptQeZdRtd7j,40606 Sundarbazar Municipality,40606,,4,,,,2,5,,,1,,3,6,3,11,1,7,2,1,,,7,1,,,,2,,2,4,,5,2,20,1,,7,,,,34,16,5,,2,5,4,,,2,4,,,2,8,,1,3,5,6,6,1,2,,,1,24,,,,3,,8,7,,3,,,,,1,,4,2,,4,,,1,1,,7,,3,1,5,1,,,,,,2,,4,,,2,4,,,,,7,1,2,,,1,,5,,7,3,,1,2,,,3
OtX1R7s6xXo,70708 Kamal Bazar Municipality,70708,,,,,,,,,,,,,,,,2,,,,,,,,,,,,,,,,,,,,,,,,,,,,,,,,,,,,,,,,,,,,,,,,,,,,,,,,,,,,,,,,,,,,,,,,,,,,,,,,,,,,,,,,,,,,,,,,,,,,,,,,,,,,,,,,,,
nx5muIcTFJu,40805 Devchuli Municipality,40805,,,,,,2,,,,,,,3,,1,8,2,1,,,,,1,,,,,,,2,,6,,,1,1,4,,1,1,9,4,,,4,10,5,,,3,,,,,,13,1,7,13,12,,,,,,5,2,8,,,,,3,5,,,,1,,,5,1,4,,,1,,,2,,,6,,2,1,2,12,,,,,,8,,,,,,,,,,,4,,,,,,,4,,7,1,,3,,,1,1
RALVkjcxCmw,41102 Kathekhola Rural Municipality,41102,,2,,,,2,,1,,1,,2,2,,,,1,1,,,,,,,,2,,,,1,,1,2,,,,,1,,,1,1,,,,2,2,,,1,,4,,1,,1,1,,1,1,2,1,,,,,1,,1,,,,2,1,,,,,,2,,,,1,,,,,,,,1,,3,,2,,,,,,,2,,,,,2,1,,,,,1,,,,,,,1,,,1,,,,,,
JklR3e6RGTr,50608 Tinau Rural Municipality,50608,,,,,,,,,,,,,,,,,,,,,,,,4,,,,,1,,,,,,,,1,,,,1,,,,,1,,,,,,,,,,,,,,,,,,,,,,,,,,,,,,,,,,,,,,,,,,,,,,1,,,,,,,,,,,,,,,,,,,,,,,,,,,,,,,,,,,,,,
qlfB0yF9ruz,51005 Babai Rural Municipality,51005,,,,,,,,,,,,,,,,,,,,,,,,,,,,,,,,,,,,,,,,,,,,,,,,,,,,,,,,,,,,,,,,,,,1,,,,,,,,,,,,,,,,,,,,,,,,,,,,,,,,,,,,,,,,,,,,,,,,,,,,,,,,,,,,,,,
Cf6GIV8FAqx,11110 Jhapa Rural Municipality,11110,,,,,,,,,,,,,,,,,,,,,,,,,,,,,,,,,,,,,,,,,,,,,,,,,,,,,,,,,,,,,,,,,,,,,,,,,,,,1,,,,,,,,,,,,,,,,,,,,,,,,,,,,,,,,,,,,,,,,,,,,,,,,,,,,,,
SmI574YhzLn,10208 Chainapur Municipality,10208,,1,,1,,,,,,,,,2,,,1,1,2,,,,,1,,,,,,3,,,,2,1,,,1,,,,2,2,1,2,4,5,,,,1,5,1,,,4,7,,,1,,2,1,,,,,3,,1,,,,1,,,1,,,,,1,,,2,,,,,,,1,2,,1,,,1,,,,,,2,1,,,,1,,,,,,,,,6,,,,1,,,,,1,1,,,
FrZNY9SBOmG,40604 Madhya Nepal Municipality,40604,,,,,,1,,,,,,1,,,,,,,1,1,1,2,,,,2,,,2,,,,,,,,,,,,,,,,1,,4,,,,,1,,,1,1,,,,,1,,,,,,,,,,,,7,,,,,,,,1,,1,4,,2,,,,3,,2,,8,,2,,,,,1,,2,,,,,,,,,,,,,,,,,,,,,,,,,,,
iXFygpFSP55,10904 Phidim Municipality,10904,,1,,,,,,,,,,,1,,,,,,,,,,,,,,,,1,,,,,,,,,,,,,,,,,,,,,2,,,,,,,,,,1,,,,,,,,,,,,,,,,,,,,,,,,1,,,,,1,,,,,,,,,,,,,,,,,,,,,,,,,4,,,,,,,,,,,,1,,,,
lA8K5GXCO76,20809 Pokhariya Municipality,20809,,1,,,1,,,,,,,,,,4,4,,,,4,1,2,,2,1,,,,,,,4,2,,1,,,,,,7,1,4,,,12,,,,,1,2,,,,2,8,1,,,1,,,,,,9,,,,2,4,,7,,,,1,,,3,3,,5,1,,,,,,,3,,,4,,1,,1,,,,16,,,,,,,,,,,,,,,,,,,,,,,,,,,
QBHBAOyZhcm,10804 Myanglung Municipality,10804,,,,1,,,,,,,,,,,,,,,,,,,,,,,,,,,,,,,,,,,,,1,1,,,,,,,,,,1,,,,,1,,,,,,,,,3,,,,,,,1,1,,,,,,,,,,,,,,,,,,,,,,,,,,,,,,,,,,,,,,,,,,,,,,,,,,,,16,,,,
hHrDGEWVf6J,30406 Nilkhantha Municipality,30406,,2,,1,,,,1,,,,,,,,,1,,1,,,,2,,,1,,,1,1,,1,1,,,,1,,,,1,1,,,7,3,,,,2,,1,,2,2,,3,4,,1,,,,,,,,2,1,,,,,,,,,,,1,,,8,,9,,,,,,,,,1,,2,,,,,,,1,,,1,,,1,,,,,,,,,,,,,,2,1,15,,,,1,2
CEE78o1Vs3o,70206 Jayaprithbi Municipality,70206,,,,,,5,,,,,,,1,,,4,2,,,,,2,,,4,,,,,,,7,,,,,,,,,5,,,,5,6,1,,,,9,,,1,5,1,,2,1,15,,2,,,,,2,,,,,,10,5,,,,,,,,,6,1,,1,,,,5,,,,9,1,15,,,,,,,2,,,,,,,,,,,3,,2,,,,,,,4,,,,,,,
Yf4pkqyyHwh,30801 Mahalaxmi Municipality,30801,,,,,,,,,,,,,,,,,,,,,,,,,,,,,,,,,,,1,,,,,,,,,,,1,,,,,,1,,,,,,,,,,,,,,,,,,,,,,,,,,,,,,,,,,,,,,,,2,,1,,,,,,,,,,,,,,,,,1,,,,,,,,,,,,,,,,,,,
A3882Q3TkHF,70701 Panchdebal Binayak Municipality,70701,,,,,,,,,,,,1,,,,,,,150,,,,,,,,,,,,,,,,,,,,,,1,,,,,,,,,,,,,,,,1,,,,2,,,,,,,,,,,,,1,,,,,,,,,,,,,,,,,,,,,,,1,,,,,,,,,,,,,,,,,,,,,,,,,,,,,,,,,
Uvmu9Da0suL,30103 Kalinchowk Rural Municipality,30103,,,,,,,,,,,,,1,,,,1,,,,,,,,,,,,,,,,,,,,,,,,,,,,,1,,,,,,1,,,,,,,,1,,,,,,,,,,,,,,,,,,,,,,,,1,,,,,,,,,,,,,,,,,,,,,,,,,1,,,,,,,,,,,,,,,,,,1,,,
Jhlufw6stpU,41108 Galkot Municipality,41108,,15,,,,8,1,,3,,,10,,,,6,1,2,1,,,,6,,,4,,,13,,,6,4,3,1,,,,1,,4,4,,,6,7,1,,,,9,19,,15,4,2,,,5,6,7,15,8,,,,1,1,13,,1,,2,1,,1,1,,,,3,1,1,5,,,,,,3,,1,,2,1,3,6,,,,2,,3,,3,,,9,9,,,2,1,4,,3,,,,,5,,1,5,,5,,1,,
m6AswZxJmfG,60204 Khatyad Rural Municipality,60204,,,,,,,,,,,,,,,,1,,,,,,,,,,,,,,,,,,,,,,,,,,,,,,,,,,,,,,,,,,,,,1,,,,,,,,,,,,1,,,,,,,,1,,,,,,,,,,,,,,,,,,,,,,,,,,,,,,,,,,,,,,,,,,,,,,,,,
kfXpzGLJqtq,61004 Gurbhakot Municipality,61004,,,,,,1,,,,,,,3,,,,8,13,2,,,,,,,,,,,,,,,1,2,,,,,,1,10,,,2,,,,,,,,,,,,,,,,,,,,,,,3,,,,,,,,,,,,,4,,1,,1,,,,,,,1,,,,,,,,,,,1,,,,,,,,,,,10,,,,,,,5,,,,,13,,,,1
Wm3ndVlat85,30907 Temal Rural Municipality,30907,,3,,,,,,,,,,,3,,,,2,3,1,,,,,,,1,,,,,,1,,1,,,1,,,,4,1,,,,,1,,,,1,1,,3,4,,1,,,2,,1,,,,,2,1,2,,,,1,2,,,,,,,,,2,,,,,,,1,,,,,,5,,,,,,,,,,,,,,,,,,2,,,,,1,,,,,1,,4,,,1,
p0LUiD491Qx,50210 Lungri Rural Municipality,50210,,,,,,,,,,,,,1,,,,,,,,,,2,,,,,,9,,,,,,,,,,,,,1,,,,,,,,,2,,,,,,1,,,,2,1,,,,,,,,,,,,,,,,,,,,,,1,,,,,,,,,,,,,,,,,,,,,,,,1,,,,,1,1,,,,,,,,,,1,,,,,,
KBnzTHkoeM0,40702 Byas Municipality,40702,,20,,,,1,5,1,,,,1,,,,1,1,5,2,,9,,8,,,3,,,,,,,9,2,,,,,,,2,4,1,3,,1,,,,,,1,2,21,6,1,1,8,,12,4,,,,,,1,1,,,,,1,,,,,,,,5,,1,3,,,,,,3,,19,,,13,,1,,,,1,,1,,,,,,2,,3,,1,,,1,,,1,,2,,,2,,10,,3,,
kBRVmS9IKRE,610 SURKHET,610,,4,,,,3,,,,1,,9,3,,,8,13,16,2,,,2,1,,,,,,3,1,,16,,10,2,,11,,,,43,13,1,,6,9,1,,,1,4,1,,1,1,5,2,5,,6,10,3,1,,,,7,4,,,,,,14,,3,,,,2,4,6,4,,1,1,,,5,,,18,,4,,2,12,3,,,,,17,3,,1,,4,,,,,,15,,2,,5,1,,8,2,3,5,,14,,,2,1
w8m5t0Lm8Cu,70807 Lamki Chuha Municipality,70807,,,,,,2,,,,,,,,2,,,,,,,,,,,,,,,,,,3,,2,,,,,,,10,,1,,,15,,,,,3,,,3,,,,15,,15,,,,,,,,,,,,,,8,,,,,,,,,,,25,,,,,,,15,,,,,,,13,,,,1,,,,,,3,,,,,,,,,,,,,,,,,,,,,
MzEDM95lVfr,60606 Chamunda Bindrasaini Municipality,60606,,,,,,,,,,,,,,,,,,,,,,,,,,,,,,,,,,,,,,,,,,,,,,,,,9,,,,,,,,,,,,,,,,,,,,,,,,,,,,,,,,,1,,,,,,,,,,,,,,,,,,,,,,,,,,,,,,,,,,,,,,,,,,,,,,,,
V6hHd2VqP3S,30905 Dhulikhel Municipality,30905,,,,,,1,,,,,,,,,,,,,,,,,,,,,,,,,,,1,1,,,,,,,2,,,,,1,,,,,,,,,1,,,,,,,,,,,,,,,,,,,,,,,,,,,,,,,,,,,,,,,1,,,,,,,,,,,,,,,,,,,,,,,,1,,,,,,,,1,,,,
ZaM840fa3qQ,50908 Yasodhara Rural Municipality,50908,,,,,,,,,,,,,,,,,,,,,,,,,,,,,,,,,,,1,,,,,,,,,,,,,,,,,,,,,,,,,,,,,,,,,,,,,,,,,,,,,,,,,,,,,,,,,,,,,,,,,,,,,,,,,,,,,,,,,,,,,,,,,,,,,,,
xqkfomLrYDd,30506 Meghang Rural Municipality,30506,,,,,,1,,,,,,,1,,,1,,,,,,,,,,,,,,1,,1,,,,,1,,,,1,,,,,,1,,,,,1,,,,1,,,,1,,,,,,,,,,,,,,,,,,,,,,,,,,,,,,,,,,,,,,,,,,,,,,1,,,,,,,1,2,,,,,,,1,,,,,,1,,,1
hPejcd2Mkhf,20602 Gujara Municipality,20602,,,,,,,1,,,,,,,,,,,,,,,,,,,,,,,,,,,,,,,,,,,,,,,,,,,,,,,,,,,,,,,,,,,,,,,,,,,,,,,,,,,,,,,,,,,,,,,,,,,,,,,,,,,,,,,,,,,,,,,,,,,,,,,,,,,
A2wIau57qEM,50909 Mayadevi Rural Municipality,50909,,1,,,,,,,,,,,3,,,,7,,,,,,2,,,,,,,,,,,,,,,,,,,3,,,,,,,,,,,,,,,,,,,,,,,,,,1,,,,,,,,,,,,,,,,,,,,,,,,,,,,,,,,,,,,,,,,,,,,,,5,,,,,,,2,,,,,3,,,,
EaAPclkdZck,40602 Marshyangdi Rural Municipality,40602,,,,,,,,,,,,1,1,,,,,1,,,,,,,,1,,,1,,,,,,,,,,,,2,7,,,1,,,,,3,1,5,,3,,,,,1,,,,,,,,,1,2,,,,,1,,,,,,,,,,,,,,,,1,,1,,,,1,,,,,,,,,1,,,1,,,,,2,1,,3,,1,,,1,,,1,,,1,,,1
yIMq6Cqon1V,70106 Badimalika Municipality,70106,,1,,,,,,,,,,,,,,,,,,,,,,,,1,,,,,,,,,,,,,,,2,1,1,,1,1,,,,1,3,1,,,,,,,,,2,,,,,,1,,,,,,1,2,,,,,,,1,,,,,,,,,,,,,,,,,,,,,,,,,,,1,,,,,,,,,,,,,,,,,,,,,,
txbxUOKFj4k,40906 Biruwa Rural Municipality,40906,,1,,,,1,,,,,,,,,,,,,,,,2,,,,,,1,2,,,2,1,,,,,,,,,,,1,,,,,,,4,,,1,2,,1,,1,2,,1,1,,,,1,,1,1,,,1,,,,,,,1,,,,5,,3,,,,1,2,1,,,,2,,,,,,,2,,1,,,,1,,,,,,,2,,,7,,,,,,,1,,,,
YmFSl06J6cs,203 DHANUSA,203,,,1,,,,,,,,,,,,,2,,,,,2,,,,,,,,,,1,17,,,,5,,,,,4,,,,,1,,,,,,1,,,,,,1,,,,,,,,,16,,,,,,,,,2,,17,,3,,11,,,,,2,,,,,1,,3,,,,,5,,,,17,,,,,,,,,,,,,,,4,,,,,,1,,,,,,
RYci0bt6jLL,10806 Chhathar Rural Municipality,10806,,,,,,,,,,,,,,,,,,,,,,,,,,,,,,,,,,,,,,,,,,,,,,,,,,1,,,,,,,,,,,,,,,,,1,,,,,,,,,,,,,,,,1,,,,,,,,,,,,,,,,,,,,,,,,,1,,,,,,,,1,,,,,,,,,,,,,,
dG2LBoWixMr,70405 Dasharathchand Municipality,70405,,,,,,,,,,,,,,,,,,,,,,,,,,,,,1,,,,,,,,5,1,,,8,,,,,,,,,,,,,,2,,,,,,,1,,,,,,1,,,,,,2,,,,,,,,,,,,,,,,,,,,,,,,1,,,,,,,,,,,,,,,,1,,,,,,,1,,,,,,,,,
Aw6XiZcTpyl,10602 Salpa Silichho Rural Municipality,10602,,,,,,1,,,,,,,,,,,1,,,,,,,,,,,,,,,2,,,,,8,,,,8,,,,1,2,2,,,,1,3,,2,,,,2,,4,,,,,,,1,2,,,,,2,,,,,,,,,,,1,,,,,,,,,,,,,,,,,,,,,,,,,,,,,,,,,,,2,,2,,1,1,,,1,,,
x8G6UV6hIbe,60704 Chhedagad Municipality,60704,,,,,,,,,,,,,,,,,,,,,,,,,,,,,,,,,,,,,,,,,,,,,,,,,,,,,,1,1,,,,,,,,,,,,,,,,,,,,,,,,,,,,,,,,,,,1,,,,,,,,,,,,,,5,1,,,,,,,,,,,,,,,,,,,,,1,,,,
xqSNZN2Y5M6,70502 Amargadhi Municipality,70502,,,,1,,,,,,,,,3,,,,,6,,,,,,,,,,3,,,,,,,,,,,,,12,4,,,8,,9,,,6,,,,,,,2,,,,,8,,,,4,,5,,,,,,,,,,,,,2,,10,,7,,,,1,,,,,15,,1,,12,,,,,,,,,,,,,,,1,5,,2,,,,,5,,,6,,7,5,,,
kF2r78Cx9jX,40801 Gaidakot Municipality,40801,,,,,,,,,,,,,,,,,,,,,,,,,,,,,3,,,,,,,,,,,,,,,1,,,,,,,,,,,5,,,,,,,,,,,,1,,1,,,,,,,,,,,,,,,,,,,,,,,,,,,,1,,,,,,,,,,,3,,,,,,,,,,,,,,,1,,,,1,,,
tIBNabgIuJG,60602 Mahabu Rural Municipality,60602,,,,,,,,,,,,,,,,,,,,,,,,,,,,,,,,1,,,,,,,,,,,,,,,,,,,,,,,,,,,,2,,,,,,,,,,,,,,,,,,,,,,,,,,,,,,,,,,,,1,,,,,,,,,,,,,,,,,,,,,,,,,,,,,,,,,,
KpxC0mcU69H,70409 Patan Municipality,70409,,,,,,,,,,,,1,,,,,,,,,,,,,,,,,1,,,1,,,,,1,,,,2,,,,,,,,,,,,,,,,,,,,3,,,,,,1,,,,,,,,,,,,,,,1,1,,,,,,,,,,,1,,,1,,,,,,1,,,,,2,,,,,,,,,1,1,,,,,,3,,,,,1,
UzTFKbl7g95,20104 Rupani Rural Municipality,20104,,,,,,,,,,,,,,,,,,,,,,7,,,,,,,,,,,,,,,,,,,,,,,,,,,,,,,,,,,,,,,,,,,,,,,,,,,,,,,,,,,,,,,,,,,,,,,,,,,,,,,,,,,,,,,,,,,,,,,,,,,,,,,,,,,,
iDxjEAywhqD,31109 Hariharpurgaghi Rural Municipality,31109,,1,,,,,,,,,,,,1,,,,,1,,1,,,,,,,,,,,,,,,,,,,,,,,,,,,,,,,,,,,,,,,,,,,,,,,,,,,,,,,10,,,,,,,,,,,,,,,,,,,,,,,,,,,,,,,,,,,,,,,,,,,,,,,,,,,,,,
zLYAl5X1IrN,10906 Kummayak Rural Municipality,10906,,,,,,,,,,,,,,,,,,,,,,,,,,,,,,,,,,,,,,,,,,,,,,,,,,,,,,,,,,,,,,1,,,,,,,,,,,,,,,,,,,,,,,,,,,,,,,,,,,,,,,,,,,,,,,,,,,,,,,,,,,,,,1,,,,,,
B7X957nA1lM,104 OKHALDHUNGA,104,,1,,1,,1,,1,,,,3,1,,,2,1,1,,,,,2,,,,,,4,1,,3,3,1,,,2,,,,21,,3,,,3,1,,,3,1,1,,3,,1,2,2,2,8,3,4,1,,,,2,,4,,,,,15,,2,,,,,,2,4,3,,4,,19,,,,4,,1,1,3,2,1,20,,,,2,,,,,4,2,,,,,7,,,,2,,,5,,1,1,,2,,,1,
ckHDueeccRO,40102 Ajirkot Rural Municipality,40102,,,,,,4,,,,,,2,1,,,1,2,,,,,1,,,,,,,,1,,,,1,,,,,,,1,1,,,1,,1,,,,1,2,,1,1,,1,,,,,,1,,,1,1,,1,,,,,,,,,,,,,,3,,,,,,,,,1,,1,,1,1,,,,,,2,,,,,,2,,,,,2,,2,,,,,,,,,,1,,,,
LNLe1sdQtNV,51007 Lamahi Municipality,51007,,,,2,,22,1,,1,,,,6,3,,,9,7,1,,,5,5,,,6,,,7,,,,,26,1,,12,1,2,,60,9,6,,12,,,,,5,22,5,,26,5,,7,,9,,,8,5,,1,,,1,4,1,,,5,20,2,4,,,,,5,,14,,,3,,,,,6,,,2,,11,1,2,,,,,,,,,2,5,1,,,,,11,,,,,3,,,,,3,,2,2,3,,1
fI2CEJPXuMR,11001 Mai Jogmai Rural Municipality,11001,,,,,,1,,,,,,,,,,,,,,,,,1,,,,,,,,,,,,,,,,,,,,,,,,,,,,,,,,,,,,,,,,,,,,,,,,,,1,,,,,,,,1,,,,,,,,,,,,,,,,,,,,,,,,,,,,,,,,,,,,,,,,,,,,,,,,,
VppKq6IZeDb,31104 Golanjor Rural Municipality,31104,,,,2,,,,,,,,,,,,,,,,,,,,,,,,,,,,,,,,,,,,,,,,,,,,,,,,,,,,,,,,,,,,,,,,,,,,,1,,,,,,,,,2,,,,,,,,,,,,,,,,,,,,,1,,,,,,1,,,,,,,,,,,,,,,1,,,,,,
LwXIl5HeCi8,10805 Laligurans Municipality,10805,,,,,,,,1,,,,1,,,,,,,,,,1,1,,,,,,,,,4,,,,,,,,,,,,,1,,,,,,,,,,1,2,,,,,,,,,,1,3,1,,,,,,,,1,,,,,,,3,4,,,,,,,,1,,,,,,,,,,,2,,,,,1,,,,,,1,,,,,,,2,,,,,,,,,
Va2R0WOfjZK,40605 Besishahar Municipality,40605,,,,4,,,1,2,,,,,4,,,,3,15,,,,,2,,,,,,,,,,,,1,,,,,,1,23,,,1,1,3,,,5,,,,,,,4,,,,,10,,,,,,3,1,,,,,1,,3,,,,3,29,,12,,,,,,,1,,,,8,,1,,,,,3,,,,,,,,,,,,2,4,,9,,,,,8,,,10,,12,9,1,,2
uLoM1lcKeYr,30412 Thakre Rural Municipality,30412,,1,,,,,,,,,,,,,,,,3,,,,,,,,,,,,,,1,1,,,,1,,,,1,,,1,1,,1,,,,,1,,,1,1,1,,,7,1,1,,,,,,1,,,,,,,,,,,,,,,,,3,,,,,,,1,,,,,1,,,,,,,,,,,,1,,,,,,,,,,,,,,,,,2,1,,,
iwHpr1wY3TV,51202 Barbardiya Municipality,51202,,,,,,,,,,,,,,,,,,,,,,,,,,,,,,,,,,,,,,,,,3,1,,,,,,,,,,,,,,,,,,,,,,,,,,,,,,,,1,,,,,,,,,,,,,,,,,,1,,,,,,,,,,,,,,,,,,,,,,,,,,2,,,,,,,,,,,,
voE6nkNZ68u,20116 Hanumannagar Kankalini Municipality,20116,,,,3,,7,,,,3,,,,,,,3,,,,,,,,,,,,,,,,,,,,,,,,,,,,,,,,,,,,,,,,6,,4,,,,2,,,,,3,,,,,,,,5,,,,,,,6,,,,,,,,,,,,,,,,,,2,,,,,,,,,,,,,6,,,,,,,7,,,,,,,,,3
WlsoyP8RB5A,30605 Tokha Municipality,30605,,,,,,,,,,,,,,,,,,,,,,,,,,,,,,,,,,,,,,,,,,,,,,,,,,,,,,,,,,,,,,,,,3,,,,,,,,,,,,,,,,,,,,,,,,,,,1,,,,,,,,,,,,,,,,,1,,,,,,,,,,,,,,,,,,,,,
F5aE3rj2vJW,30901 Chauri Deurali Rural Municipality,30901,,,,,,1,,,,,,,,,,,1,,1,,,,,,,,,,5,1,,1,,,1,,,,,,3,2,,,1,,,,,,1,,,1,1,,,,1,,,1,,,,,,,,,,,,2,,,,,,,,,,,,,,,,,,,,2,,1,8,,,,,,,,,,,,,,,,1,3,,,,1,,,1,,,,1,1,,,,
eTrK1SZ2dxk,40104 Dharche Rural Municipality,40104,,,,,,,,,,,,,1,,4,2,2,2,,,,,,,,,,,,,,,,,,,2,,,,3,,,,,3,,,,,,,,1,1,,,,,,,2,1,,,,,,,,,,2,1,,1,,,,,,1,,,,1,,,,1,,2,,,1,1,4,,,,,,,,,,,1,,,,,,,,,,,1,,,,1,2,,,,,,
OghqD7YRDP9,41003 Kushma Municipality,41003,,,,4,,1,,,,,,3,14,,,,4,9,9,,,1,24,,,,5,,,1,,1,,,3,,1,,,,1,15,10,8,10,,9,,,9,,1,,11,1,,12,,,,,18,,,,,,,2,5,,,,,,,,,,5,15,,12,14,,,,,,,,,,11,1,2,,,,,,,4,,1,,,,,,,,,9,,8,,,,1,6,9,,14,,17,10,,,5
B9uYCJ6J5df,30704 Suryabinayak Municipality,30704,,,,,,1,,,,,,,,,,,,,,,,,,,,,,,,,,,,,,,,,,,,,,,,1,,,,,,1,,1,,,,,,,,,,,,,1,,,,,,,,,,,,,,,,,,,1,,,,,,,,,,,1,,1,,,,,1,,,,,,,1,,,,,,,,,,,,1,,,,,,1,
mhJDOp22gkO,60706 Bheri Municipality,60706,,2,,,1,5,,,2,8,,4,1,1,,,,,,,,,,1,,,,,,2,,,2,,,,,3,,,,,2,,,7,,,,,3,,,3,,4,,,2,,4,,1,,5,,,,2,,,,15,,3,,,,,,,,,,,15,,,2,1,3,,,,,,,,,,1,,,,,,,2,,,,,,,1,,,,,,,,,,,,,,,
HxZFAUdkmSq,60707 Nalagad Municipality,60707,,,,1,,,,,,,,,,,,,,2,,,,1,,,,,,,3,,,,,2,,,2,,,,9,,,,2,1,3,,,,,2,,,,,,,,,,1,2,,,2,1,,1,,,,,5,,,,,,1,,,1,1,,,,,1,1,,,,,,1,,,,,,,,,,,,,,,,,,,,,,,,,,,,2,,,,,,
zce1OaOO6G0,10104 Maiwakhola Rural Municipality,10104,,,,,,,,,,,,,,,,1,,,,,,2,2,,,,,,,1,,,,,,,,,,,,,,,,1,,,,,,,,1,,,,,,,3,,,,,,,,,,,,,,,,,,,,1,,,1,,,,,,,,,,,,,,,,,,,,,,,,,,,,,,,,,,,,,,,,1,,,,,,
ekqIpRijlJ5,61009 Chaukune Rural Municipality,61009,,,,,,,,,,,,,,,,,,,,,,2,,,,,,,,,,,,,,,,,,,,,,,,,,,,,,,,,,,,,,,,,1,,,,,,,,,,,,,,,,,,,,,,,,,,,,,,,,,,,,,,,,,,,,,,,,,,,,,,,,,,,,,,,,,,,
qjjjZzVEyW6,60301 Chankheli Rural Municipality,60301,,,,,,,,,,,,,,,,,,,,,,,,,,,,,2,,,,12,,,,1,,,,1,,,5,,,1,,,,,,,2,3,,,,,3,,,,,,,,,1,,,,,,,,,,,,,,,,,,,,,,,,,,,,,,,,,,,,,,,,,,,,,,,,,,,,,,,,,,,,,
KdxSxjtMLdr,50406 Malika Rural Municipality,50406,,2,,,,4,,,,,,1,,,,3,,,,,,,,,,,,,,,,,,1,,,2,,,,6,,,,,3,1,,,,,2,,,,3,,2,1,4,10,,,,,,1,,1,,1,,,2,,,,,,1,,,,,,,,,1,,,,,7,,3,3,,,,,,,,,,,2,1,,,,,1,,,,1,,,,,,1,,,,,,
ucVF5gpZ8D1,40501 Madi Rural Municipality,40501,,1,,,,,,,,,,,,,,1,2,,1,,,,,,,,,,2,,,,,1,,,1,,,1,4,,,,1,1,,,,,,1,,2,1,,,,,1,1,,2,,,,2,,,,,,,2,,,,,,,1,,,,,,,,,,,,,,,,2,,,,,,,,1,,,1,1,,,,,1,,1,,,,,,,,,,,,,,
YqQbkwADI71,60506 Khandachakra Municipality,60506,,1,,,,,,,,,,1,,1,,,,,,,,,,,,,,,,,,,,,,,,1,,,,1,,,,,,,,,1,,,1,1,,,,,,1,,,,,,,,,,,,,,,,,,,,,,,,,,,,,1,,,,1,,2,1,,,,,,1,,1,1,,,1,,,,,,,1,,,,,,,,1,,2,,,,
zFmBHaRvkLd,30207 Choutara Sangachowkgadhi Municipality,30207,,3,,,,1,,,,,,,1,,,,,1,,,,,,,,,,,3,,,,1,,1,,,,,,,1,,,,,,,,,2,2,,3,,,,,1,,,,,,,,,,,,,,,,,,,,,,1,,,,,,,,,,,,,,,,,,,,1,,1,,2,,,2,2,,,,,3,,,,,,,1,,,1,,,,,,
xE2NOY84Rnl,50308 AIRAWATI RURAL MUNICIPALITY,50308,,,,,,,,,,,,,,,,,,,,,,,,,,,,,,,,,,,,,,,,,,,,,,,,,,,,,,,,,,,,,,,,,,,,,,,,,,,,,,,,,,,,,,,,,,,,,,,,,,,,,,,,,,,,,,,,,,,,,,,,,2,,,,,,,,,
UDNIRW1i9Gk,30105 Jiri Municipality,30105,,,,1,,9,,,,3,,,,,1,,3,,1,,,,1,,,,,,,,,,,,,,,,,,2,1,,,2,1,,,2,,,4,,1,,,,,,1,,3,,,,,1,1,1,,,,3,2,,1,,,,,,,2,1,,3,,,,,,2,,1,,2,1,,,,,,1,,,4,,,3,,,,,2,,3,,,,,2,,,3,,,3,,,1
wkfdoD1yW8p,20613 Rajpur Municipality,20613,,1,,,,,,,,,,,,,,,,,,,,,,,,,,,,,,,,,,,,,,,,,,,,,,,,,,,,1,,,,,,,,,,,,,,,,,,,1,,,,,,,,,,,,,,,,,,,,,,,1,,,,,,,,,,,,,,,,,,,,,,,,,,,,,,,,,,
uZHgBUrBFiw,50201 Sunchhahari Rural Municipality,50201,,1,,,,,,,,,,1,1,,,2,,,,,,,,,,,,,1,1,,,1,,,,2,,,,2,1,,,1,3,,,,2,1,1,,1,,,,,,,,1,,,,,1,,2,,,,,,,,,,,,,,2,1,,,,,,,,1,,,,1,,,,,1,,1,1,,,,57,2,,,,,,,,,,,,,,,2,,,,,,
XJcmAfNk3tE,10509 Jante Dhunga Rural Municipality,10509,,,,,,,,,,,,,,,,,,1,,,,,,,,,,,,1,,,,,,,,,,,,1,,,,,,,,,,,,,2,,,,,1,1,,,,,,,,,,,,,,,,,,,,,,2,,,,,,,,,,,,,,,,,,,,,,,,,,,,,,,1,,,,,,,,,1,,,1,,,,
XLjQzv0rxIP,10206 Khandabari Municipality,10206,,,,,,,,,,1,,,,,,,3,2,,,,,1,,,1,,,,,,1,1,,,,,,,,2,,,,,1,2,,,,,4,,1,,,,,,,,1,,2,,2,,4,1,,,,1,2,,,,,,1,,,,,,,,,,,,,,,,,,,,,,,,,,,,1,,,,,1,1,,,,,,,,,2,,,,,,,
lw377s6XZd1,20501 Lalbandi Municipality,20501,,,,,,,29,,,,,,89,,,88,,,,,,,,,,,,,,,,180,,,45,5,,1,,28,,,,,,77,,,,,,,6,,,83,,,,100,84,,,,,51,71,119,,42,,,,,,36,,16,,,79,35,,,,,,,35,,,,8,,81,,,,,,,,,33,,,,,,,,,,123,,,,,,,127,,52,,,,94,10,,36
QIsDAg98UTi,10604 Bhojpur Municipality,10604,,,,,,,1,,,,,,4,,,,3,3,,,,,2,,,,,,,,,,1,,,1,,,,,,,,,2,,1,,,,,,,,,,,,,,,,,,,,,,,,,,1,,,,,,,,,,,,17,,,,,,,,,1,,,,,,,,,,,,,,,,,,,,4,,,,,,,6,,,2,,2,5,,,
MBPs5x5ajKs,40608 Dudhapokhari Rural Municipality,40608,,,,,,1,,,,,,,,,,1,2,,,,,,1,,,,,,,,,,2,,,,,,,,1,2,1,,1,5,,,,2,,1,,2,,,2,,,3,,3,1,,,,2,,,,1,,,1,,,,,,,,,,1,,,,,,1,,6,,,,,,,,,,,,,,,,,,,,,,1,,,,,,,,,1,,,1,,,,
M3ObAyvipp5,40908 Chapakot Municipality,40908,,,,1,,1,1,,,,,10,5,,1,5,1,7,,,,,5,,,,,,,1,,5,,6,,,5,,,,18,,6,,7,9,4,,,2,13,2,,,,,10,4,,6,3,1,,,,,,,,,,,4,5,,,,,,,1,,6,,,3,,,1,,,2,,5,,,6,1,,,,,8,,,,,,1,,,,2,3,,7,,1,,,14,,2,6,,17,,,7,1
i6gMyoP9ReK,113 SUNSARI,113,,,,,,,,,,,,,,,,136,,,,,52,,,,7,,,,,,,2,,,,,142,,,20,386,,,,,,1,,,,1,,,,,,,,,237,158,,,,,,,,,,52,40,,115,,,,,1,,,,2,,26,,,,,,,176,,,,,1,51,,,,,,,,,,,,,,,,,,1,13,78,,,1,,120,,,,,,86,
Bc5MkPkp7b2,61007 Barahatal Rural Municipality,61007,,,,,,,,,,,,2,,,,,,,,,,,,,,,,,,,,1,,,,,,,,,,,,,,,,,,,,,,,,,,,,,1,,,,,,,,,,,,,,,2,,,,,,,,,,1,,,,,,,,,,,,,,,,,1,,,,,,,,,,,,,,,,,,,1,,,,,,,,
ICSVN3EZGcy,410 PARBAT,410,,4,,4,,4,,,,,,8,20,1,,7,4,16,10,,,1,27,,,1,7,,1,2,,7,1,3,3,,2,3,,,13,18,12,10,10,7,11,,,11,1,2,,15,8,2,14,3,1,7,5,21,2,,,1,1,2,3,5,,,4,7,,,,1,,6,15,1,15,17,,1,,,,3,,1,,13,2,2,4,,,,,,11,,5,,1,3,2,,,,,15,1,10,,1,,1,10,9,3,17,,22,10,,,5
BywOwm8jUhf,703 DARCHULA,703,,1,,,,1,,,,,,,,1,3,2,,,1,1,1,,,,,,,,,,,1,,2,,,5,,,,7,,,,,,1,,,,,,,2,,,,1,1,1,,,1,,,,2,,,,,1,1,,16,,,,,,,,,,,,,,,,,,,1,,1,,,,,,,4,4,,,,1,,,,,,,1,,,,,,1,,1,1,,1,,,,
oMeYnk0engn,10706 Sangurigadhi Rural Municipality,10706,,3,,,,1,,,,,,,6,,,,4,4,,,,,4,,,,,,1,,,,1,,,,,,,,,1,,,4,,,,,1,,1,,2,,,3,,1,2,,1,,,,1,3,1,,,,,1,,,3,,,,,1,,1,,,,,,,,1,,1,,,,1,,,,,,,,,,,1,,,,,1,4,,2,,,,,,,,,,1,2,,,1
euU6fKR81MC,20202 Dhangadhimai Municipality,20202,,,,2,,,,,,,,,,,,,,,,,,,,,,,,,,,,,,,,,,,,,,,,,,,,,,,,,,,,,,,,,,1,,,,,,,,,,,,,,,,,,,,,,2,,,,,,,,,,,,,,,,,,,,,,,,,,,,,,,,,,,,,,,,,,,4,,,
ctacaAbr1hR,41002 Jaljala Rural Municipality,41002,,,,,,,,,,,,,,,,,,2,1,,,,,,,,,,,,,,,,,,,,,,,,,1,,,,,,,,,,,,,,,,,,,,,,,,,,,,,,,,,,,,1,,,,,,,,,,,,,,2,,,,,,,,,,,,,,1,,,,,,3,,,,,,,,,,2,,,,,,
kfrKchZfqGr,407 TANAHU,407,,27,,,,27,11,9,,,,6,11,,,5,10,15,10,,9,15,20,,,4,,,18,1,,7,17,4,6,,3,2,,1,46,17,1,5,6,10,7,2,,,8,1,7,26,33,7,1,12,41,18,11,3,3,,,5,8,12,3,,2,,2,1,1,10,2,,,1,13,2,7,8,,,,1,,13,8,22,9,7,19,7,2,18,,8,2,2,3,,1,,1,8,8,,3,7,2,13,3,2,,20,1,,11,3,8,7,1,28,1,8,6,
dOTm9tn1TvO,70707 Bannigadhi Jayagadh Rural Municipality,70707,,,,,,,,,,,,,,,,,,1,,,,,,,,,,,,,,1,,,,,1,,,,2,,,,,,,,,,1,,,,,,,,,9,,,,,,,1,,,,,,,1,,,,,,,,,,,,,,,,,,,,,,,,,,,,,,,1,,,,,,,,,,,,,,,,,,1,,,1,,,,
ddOI93zq9oN,40106 Bhimsen Rural Municipality,40106,,,,,,,,,,,,,,,,3,1,1,,,,,,,,,,,,,,,,1,,,,,,,2,1,1,,,1,,,,,,,,,1,,,,,,1,,1,,,,2,,1,,,,,1,,,,,,,,1,,1,,,,,,,,,2,,,1,,,,,,,2,,,,,1,1,,,,,1,,,,,,,,,1,,,,,,,
QWWihVPHhq0,50207 Rolpa Municipality,50207,,4,,3,,1,,,,1,,16,,,,3,,,1,1,,,3,,,1,,1,1,1,,1,6,,,,,,,,,1,5,5,4,,,,,,8,5,,7,,,2,,1,,2,3,,,,,,,1,1,,,2,,,,,,,,,,2,3,,1,,,,,1,,,2,,3,2,,,,,,7,,,,,1,,,,,1,,,2,,,,,,,1,1,,2,,,5,
BdLcDbLQd88,101 TAPLEJUNG,101,,,1,,,,,1,,,,1,6,,1,1,,6,1,,,2,8,,,,,,1,1,,1,1,1,1,,,,,,4,3,1,1,9,2,1,,,4,1,2,,1,1,1,8,,,1,4,10,2,,,2,2,6,2,1,,,11,1,,2,3,6,,,3,,5,4,,,,,5,1,,,,1,1,,1,,,1,,,1,,1,,,1,2,,,,2,3,,4,1,2,,1,4,,4,1,,2,10,,1,
nwHgeTvu876,40706 Ghiring Rural Municipality,40706,,,,,,,,,,,,,,,,,,,1,,,,,,,,,,,,,,1,1,,,,,,,2,,,,,,,,,,,,,,,,,,,,,,,,,1,1,,,,,,,1,,,,,,,,,3,,,,,,,,,,,,,,,,,,,,,,,,,1,,,,,,,,,,,,,,,,,,,,,1,
IuhDjmEnWme,60906 Chhatreshwori Rural Municipality,60906,,,,,,,,,,,,,,,,,,,,,,,,,,,,,,,,,,,,,,,,,1,,,,,,,,,,,,,,,,,,,,1,,,,,,,,,,,,,1,,,,,,,,,2,,,,,,,,,,,,,,,,,,,,1,,,,,,,,,,,,,,,,,,,,,,,,,,,
lIXyvI5C64z,60107 Kaike Rural Municipality,60107,,,,,,,,,,,,,,,,,,,,,,,,,,,,,,,,,,,,,,,,,,,,,,,,,,,,,,,,,,,,,,,,,,,,,,,,,,,,,,,,,,,,,,,,,,,,,,,,,1,,,,,,,,,,,,,,,,,,,,,,,,,,,,,,,,,
hGD6CIUUSxR,10202 Makalu Rural Municipality,10202,,,,,,5,2,,,,,1,1,,2,2,,,,,,1,,,,,,,2,1,,,4,,2,,,,,,4,2,2,,1,2,4,,,1,1,2,,,4,,,1,1,2,,5,,,,,2,,,1,,,2,4,,,,,,1,2,,1,2,,1,,,2,1,,4,,1,1,3,1,,,,3,,4,,1,,,1,1,,,,1,,,2,,,1,,3,,,2,,5,3,,,2
zkFZKX5RX1A,501 RUKUM EAST,501,,1,,,,8,,,,,,,,,,1,,2,,,,,,,,,,,1,1,,,2,1,,,3,,,,7,,1,,,1,,,,,3,3,,,2,1,,,,3,,,1,,,,,,1,,,,1,3,,,,,,,1,,,1,,,,2,1,,1,3,,,,,1,,,,,,,,1,,,3,,,,,,,,,,,,,,,1,,,1,,,,
WfE2smSUNDt,504 GULMI,504,,6,,1,,7,2,1,,3,1,13,1,2,,9,2,6,,,,5,1,,,5,,,16,1,,20,18,1,1,,7,1,,,19,381,5,5,1,10,6,,,3,9,8,,8,15,9,1,4,3,10,21,8,11,,1,1,17,9,4,2,3,3,10,8,,,2,,1,2,8,3,3,7,3,6,,,2,,,14,1,15,,7,9,,,,,3,7,,3,,1,16,5,,,,4,1,1,9,,3,1,,2,,8,11,,3,3,1,,3
Y3YfD13ZW2K,60401 Patarasi Rural Municipality,60401,,,,,,,,,,,,,,,,,,,,,,,,,,,,,,,,,,,,,,,,,,,,,,,,,,,,,,,,,,,,,,,,,,,,,,,,,,,,,,,,,,,,,,,,,,,,,,,,,,,,,,,,,,0,,,,,,,,,,,,,,,,,,,,,,,,
hSS0Jqke0uZ,20814 Bindabasini Rural Municipality,20814,,,,,,,,,,,,,,,,,,,,,,,,,,,,,,,,,,,,,,,,,,,,,,,,,,,,,,,,,,,,,,,,,,,,,,,,,,,,,,,,,,,,,,,,,,,,,,,1,,,,,,,,,,,,,,,,,,,,,,,,,,,,,,,,,,,
ui1c8rGwOps,20105 Shambhunath Municipality,20105,,1,,,,,,,,,,,,,,,,,,,,,,,,,,,,,,,,,,,,,,,,,,,,,,,,,,,,,,,,,,,,,,,,,,,,,,,,,,,,,,,,,,,,,,,,,,,,,,,,,,,,,,,,,,,,,,,,,,,,,,,,,,,,,,,,
fAEaFZMuira,20616 Rajdevi Municipality,20616,,,,,,4,,,,,,,,,,,,,,,,,,,,,,,,,,,,,,,,,,,,,,,,,,,,,,,,,,,,,,,,,,,,,,,,,,,,,,,,,,,,,,,,,,,,,,,,,,,,,,,,,,,,,,,,,,,,,,,,,,,,,,,,,,,,
aATZkONVmES,40607 Rainas Municipality,40607,,1,,1,,6,,,,,,,,1,,,3,1,,,,,,,,,,,3,1,,3,,,,,2,,,,2,,,,1,,,,,1,2,1,,1,2,,,,1,1,,,1,,,,2,,,,,,,,,,,,,,,3,2,1,,1,,,,,,3,,3,,2,1,,,,,,6,,2,,,5,,,1,,1,,,,,,,,1,,,2,,2,,,,
fS16KZv8gF5,11302 Baraha Municipality,11302,,,,,,,,,,,,,,,,,,,,,,,,,,,,,,,,2,,,,,,,,,,,,,,,1,,,,1,,,,,,,,,,,,,,,,,,,,,,,,,,,,1,,,,,,,,,,,,,,,,,,1,,,,,,,,,,,,,,,,,,,1,,,,,,,,,,,,,,
bKj54WFyVJ6,70709 Dhakari Rural Municipality,70709,,,,,,,,,,,,1,,,,1,,,,,,,,,,,,,1,,,,,,,,3,,,,4,,1,,,1,,,,,1,,,,,,,,,2,1,,,,,,1,,,,,,,1,,,,,,,,,,,,,,,,,,,,,,,,,,,,,1,,,,,,,,,,,,,,,,,,,,12,,,,,,,
QzI3Btz60Ne,305 NUWAKOT,305,,9,,,,6,1,2,,,,4,6,,,5,1,3,1,,,2,2,,,1,,,7,1,,7,6,,,,5,,,,9,5,1,3,7,6,4,,,8,6,9,,6,3,2,5,,,3,3,3,2,2,,,5,,3,,,,1,3,,,,,,,9,,220,10,,,,,1,5,,10,,4,1,7,2,1,,,4,,1,,1,1,,7,5,,,,4,10,,,,,1,1,10,,2,7,,4,2,3,,3
H7GTeyIlh47,11408 Udayapurgadhi Rural Municipality,11408,,,,,,,,,,,,,,,,,1,,,,,,,,,,,,,,,,,,,,,,,,,,,,,,,,,,,,,,,,,,,,,,,,,,,,,,,,,,,,,,,,,,,,,,,,,,,,,,,,,,,,,,,,,,,,,,,,,,,,,,,,,,,,,,,,,
mmprlbjqz1Q,40108 Palungtar Municipality,40108,,1,,5,,5,,,,,,,4,,,1,2,,,,,,,,,2,5,,1,2,,1,2,1,,,,,,,3,2,,1,1,,,,,3,,,,6,,,,,,1,,1,2,1,,1,,1,1,,,,4,1,1,,,,,,,,1,4,,13,,,,3,,1,,3,,6,1,1,,,,,1,,,,,,2,,1,,,,,,,,,,2,,,3,,1,2,,,
HL9tr2v5Ekd,50902 Buddhabhumi Municipality,50902,,,,,,,,,,,,,,,,,2,,,,,,,,,,,,,,,,,,,,,,,,,,,,,,,,,,,,,,,,,,,,,,,,,,,,,,,,,,,,,,,,,,,,,1,,,,,,,,,,,,,,,,,,,,,,,,,,,,,,,,,,,,,,,,,,,,
O5p5idrXdiw,112 MORANG,112,,17,5,22,1,19,,19,2,16,,52,,1,7,76,12,31,15,30,38,7,34,3,3,6,13,19,23,10,2,11,9,26,10,,71,16,2,3,270,15,11,5,74,81,32,2,8,44,8,1,,13,21,64,32,50,14,90,89,54,7,9,,10,39,18,10,9,7,4,20,145,1,23,7,26,2,11,8,36,32,57,2,19,2,,47,18,6,116,2,26,51,,6,9,1,,31,2,14,36,6,11,4,18,9,8,4,5,23,23,4,31,2,19,3,6,23,3,45,73,9,60,18,,10,11
lPUHQ4gkcBT,20604 Katahariya Municipality,20604,,,,,,,,,,,,,,,,,,,,,,,,,,,,,,,,,,,,,,,,,2,,,,,,,,,,,,,,,,,,,,,3,,,,,10,1,,,,,,2,,,,,,,,,,,,,,,,,,2,,,,,,,,,,,,,,,,,,,,,,,,,,,,,,,,,,,,,,
svumZiVBh2P,60306 Adanchuli Rural Municipality,60306,,,,,,,,,,,,,,,,1,,,,,,,,,,,,,,,,1,,,,,,,,,,,,,,,,,,,,,,,,,,,,,,,,,,,,,,,,,,,,,,,,,,,,,,,,,,,,,,,,,,,,,,,1,,,,,,,,,,,,,,,,,1,,,,,,,,,,
wYQGR7E6qQA,11009 Suryodaya Municipality,11009,,,,,,,,,,,,,,,,,,,,,,,1,,,,,,,,,,,,,,,,,,1,,,,,,,,,,,,,,,,,,,,,,,,,,,,,,,,,1,,,,,,,,,,,,,,,,,,,,,,,,,,,,,,,,,,,,,,,,,,,,,,,,,,,,,,,,
rD5w89J2sXT,31305 Ratnanagar Municipality,31305,,,,,,,,,,,,24,,,,,,,,,,,,,,,,,,,,,,,,,,,,,,,,,,,,,,,,,,,,,,,,,,,4,,,1,,,,,,,,,,,,,,,,,,,,2,,,,,,,,,,,,,,,,,,,,,,,1,,,,,,,,,,,,,,,,,,,,,
gPpYofbTapc,30904 Banepa Municipality,30904,,,,,,,,,,,,,,,,1,,2,,,1,,,,1,1,,,,,,,,1,,,,,,,1,,,,,,,5,,1,1,,,1,,,,1,,,,,,,,,,,,,,,,,,,,,,,,,3,2,,,,,,,,,,,,1,,,,,,,,,,,,,,,,,,,,1,,,,,,,,,,,,,,
ckctcLLSYW2,40404 Malika Rural Municipality,40404,,1,,1,,1,,,,1,,1,3,,,1,,,,,,,,,,,,,2,2,,1,3,,,,,,,,1,,,,2,2,1,,,3,1,3,,,1,,2,,3,2,1,6,1,1,,,,,,,,,7,,,,,,,,1,1,,5,,9,,,,1,,,,,,5,2,,,,,,,,,1,,1,,,,,,2,,,,1,,,,,,6,,3,,,,
Shs8ljNaqsQ,10607 Ramprasad Rai Rural Municipality,10607,,1,,,,1,,,,,,,1,1,,,,,,,,,,,,,,,,,,,2,,,,,,,,4,,,1,,,,,,,,,,,,,,,,,1,1,,,,,,,,,,,,4,,,,,,,,,,,,1,,,,1,,,,1,,,2,,,,,,2,,,,,,,,,,,,,1,,,,,,,,2,,,,,,
jJmNryYp6Mc,602 MUGU,602,,,,,,,,1,,,,,,,,1,,,,,,,,,,,,,2,,,1,2,,,,1,,,,2,,1,,,,,,,,,,,5,,,,,,,1,,,,,,,,,,,,1,1,,,,,,,1,,,,,,,,,,,2,,,,,2,,,,,,1,,,,,2,1,1,,,,,,,,,,,,,,,,,,,,84
VMWLWm22iz5,70103 Budhinanda Municipality,70103,,,,,,,,,,,,,,1,,,,2,,,,,,,,6,,,1,,,,3,,,,,1,,,,,1,1,,3,1,,,,,1,,,,,,,,1,4,,,,,,3,,,,,,,,,,,,,,,1,,,,1,,,,,1,1,,,,3,,,,,,,1,,,,,2,,,,,,,,1,,,,,,,,,,,,,,
Tj17nxdNb83,11004 Deumai Municipality,11004,,,,,,,,,,1,,,,,,,,1,,,,,,,,,,,,,,,,,,,,,,,1,,,,,,,,,,,1,,,,,,,,,,,,,,,,,,,,,,1,,,,,,,,,,,,,,,,,,,,,,,,,,,,,,,,,,,,,,,,,,,,,,,,,,,,,,,,
sme6gJAq9SK,60501 Palata Rural Municipality,60501,,,,,,,,,,,,,,,,,,,,,,,,,,,,,,,,1,,,,,,,,,,,,,,,,,,,,,,,1,,,,,1,,,,,,,,,,,,,,,,,,,,,,,,,,,,,,,,,,,,,,,,,,,,,,,,,,,,,,,,,,,,,,,,,,,,,,
jIKgcfk3d4I,70606 K.I. Singh Rural Municipality,70606,,,,,,,,,,,,,1,,,,,3,,,,,,,,,,,,,,,,,,,,,,,,,,,,,,,,,,,,,,,,,,,1,,,,,,,,,,,,,,,,,,,,,,,,,,,,,,,,,,,,,,,,,,,,,,,,,,,,,,,,,,,,,,,,,,,,,
bX87SmYR3TJ,202 SIRAHA,202,,,8,35,,76,,,4,9,11,15,,29,7,,,,,,16,30,1,,,15,7,8,54,8,1,11,21,,,5,,19,,,1,,7,29,82,5,32,82,5,53,,64,5,2,28,,35,9,40,,11,63,18,19,,,,,57,,,,,1,5,,,11,,28,,4,11,28,,20,7,2,15,32,5,8,,76,11,54,11,,11,,16,,13,8,26,8,2,47,23,18,8,,,,9,6,,,24,1,,,,42,,10,24,10,10,3
OZZKuAVf0aO,30304 Kalika Rural Municipality,30304,,,,,,1,,,,,,,1,,,1,,,,,,,,,,,,,1,,,,1,,,,,,,,,,,1,,,,,,,,,,,,,,,,,,1,,,,,1,,,,,,2,,,,,,,,,,,2,,,,,,1,,,,1,,,,,,,,,2,,,,,,,,,,,,,,,,,,,,,,,,,,,
u6No0Isa7dv,40903 Aandhikhola Rural Municipality,40903,,1,,,13,,,,,,,,,1,15,,1,1,,,1,,,,,,,,,,,1,,,,,,,,,,,,,,,,,,,,,,,1,,,1,,1,,,,,,,,,,,,,3,,,,,,,,,,2,2,,2,,,,3,,1,,4,1,1,7,,,,,,,,,1,,,,,,,,1,,,,,,,,,,1,,,,,,
PNKIxLhF36g,70806 Bardagoriya Rural Municipality,70806,,,,,,,,,,,,,,,,3,1,,,,,,,,,,,,,,,,,,,,,,,,12,,,,,,,,,,,,,,,,,,,,,,,,,,1,,,,,,,9,,,,3,,,,,,,,,,,,,,,,,,,,,,,,,,,,,,,,,,,,,,,,3,,,,,,,,,,,,
JdeVl61mwFO,40710 Aanbu Khaireni Rural Municipality,40710,,2,,,,,,,,,,2,,,,,,1,,,,,1,,,1,,,1,,,,4,,,,,,,,,,,,,,,,,,1,,,,2,,,,,,,,,,,,,,,,,,,,,,,,,,,,,2,,,,,,5,,,,,,1,,,,,,,,,,,1,,,,,,,,,,,,,,,,,,,3,,,,
ax9O5hQ8Z2n,31008 Sunapati Rural Municipality,31008,,1,,,,,,,,,,,,,,,,,,,,,,,,,,,,,,,,,,,1,,,,1,,1,,,,,,,,,,,1,,,,,,1,,,,,,,,,,,,,,,,,,,,,,,,,,,1,,,,,,,,,,,,,,,,,,,,,,,,,,,,,,,,,,,,,,,,,,,
WqkOGpZoSuq,51103 Baijanath Rural Municipality,51103,,,,,,,,,,,,,,,,,,,,,,,,,,,,,,,,1,,,,,,,,,,,3,,,,,,,,,,,,,,,,,,,,,,,,,,,,,,,,,,,,,,,,,,,,,,,,,,,,,,,,,,,,,,,,,,,,,,,,,,,,,,,,,,,,,,,
l1WW0c90HAQ,60303 Simkot Rural Municipality,60303,,3,,,,,,,,,,,,,,,,,,,,,,,,,,,,,,,,,,,,,,,2,,,,,,,,,,,,,,,,,,,,,,1,,,,,,,,,,,2,,,,,,,,,,,,,,,,,,,,,,,,,,,,,1,,,,,,,,,,,,,,,,,,,,,,,,,,,1
zXbXMAjhNVZ,50701 Bardaghat Municipality,50701,,17,,,,9,,,,7,,,,10,,19,,,,15,,1,,,,,,,6,13,,17,,,,2,,,,,30,,17,1,,,10,,,,,,,9,,,,58,11,,,,,,,,12,,,,7,,,30,,,,1,,,,9,,,,20,,,1,,10,,,13,,,30,,,,5,,28,5,,,,7,,,,,,,,,,,,,,,,,,,,,8,
oIRLgE4GiPP,70401 Dilasaini Rural Municipality,70401,,,,,,,,,,,,,,,,,,,,,,,,,,,,,,,,,,,,,,,,,,,,,,,,,,,,,,,,,,,,,,,,,,,1,,,,,,,,,,,,,,,,,,,,,,,,,,,,,,,,,,,,,,,,,,,,,,,,,,,,,,,,,,,,,,,
K5b2F4DDUrh,51104 Khajura Rural Municipality,51104,,,,,,,,,,,,,,,,,,,,,,,,,,,,,,,,,,,,,,,,,,,,,,,,,,,,,,,,,,,,,,,,,,,,,,,,,,,,,,,,,,,,,,,,,,,,,,,,,,,,,,,,,,,,,,,,,,,,,,,,,,,,3,,,,,1,
dTHSxyHHffK,30409 Benighat Rorang Rural Municipality,30409,,1,,,,,,,,,,1,2,,2,1,,4,1,,,,,,,,,,2,1,,1,,2,,,10,,,,15,2,,,1,7,,,,,2,,,1,1,1,4,2,,2,2,2,,,1,,2,1,,,,,,2,,,,,,,,,,1,,,,,,1,,,,1,,,1,,,,1,,1,,1,,1,2,,,,,,1,,,,1,,,1,,1,2,,2,,,,1
rsZaqJl5R0A,312 MAKWANPUR,312,,3,,1,,3,1,,1,1,,4,3,1,,4,8,1,1,,1,1,4,17,,1,,,3,1,,8,1,8,,,12,,1,,43,8,58,2,13,20,9,,,6,6,1,,8,,6,3,5,3,17,14,5,9,,,,6,2,4,7,1,,5,12,,1,,,,2,2,2,6,2,,5,,,4,1,,9,,5,1,2,2,7,,,2,2,6,1,,1,,3,3,1,,,3,2,1,4,,4,,2,5,,3,10,,5,5,,4,1
hWwQdwjQikK,61002 Chingad Rural Municipality,61002,,4,,,,,,,,1,,,,,,1,2,3,,,,,,,,,,,2,,,1,,,,,2,,,,7,1,,,3,7,,,,1,1,1,,,,2,1,1,,2,4,1,,,,,4,,,,,,,2,,,,,,1,,3,,,,,,,,,,3,,1,,2,1,1,,,,,3,,,1,,,,,,,,,,1,,2,1,,1,,2,2,,1,,,,
gIhVZulvEsV,10102 Mikwakhola Rural Municipality,10102,,,,,,,,,,,,,,,,,,,,,,,,,,,,,,,,,,,,,,,,,,,,,,,,,,,,,,,,,,,,,,,,,,,,,,,,,,,,,,,,,,,1,,,,,,,,,,,,,,,,,,,,,,,,,,,,,,,,,,,,,,,,,,,,,,1,
hnu4RFrMbXo,10403 Molung Rural Municipality,10403,,,,,,,,,,,,,1,,,,,,,,,,,,,,,,,,,,,,,,,,,,,,,,,,,,,,,,,,,,,,,,,,,,,,,,,,,,,,,,,,,,,,,,,,,,,,,1,,,,1,,,,,,,,,,,,,,,,,,,,,,,,,,,,,,,,,,
N7UbKeswOXG,70805 Ghodaghodi Municipality,70805,,,,,,,,,,,,,,,,,,,,,,,,,,,,,,,,,,,,,,,1,,,,,,,,,,,,,,,,,,,,,,,,,,,,,,,,,,,,,,,,,,,,,,,,,,,,,,,,,,,,,,,,,,,,,,,,,,,,3,,,,,,,,,,,,,,,
LR6hCfJM3qN,20701 Nijagadh Municipality,20701,,26,7,7,,21,1,4,,9,2,,12,,27,43,4,34,20,,,8,17,4,,12,4,,31,53,2,28,19,25,1,,36,,,4,80,35,,13,22,36,13,,6,17,,24,1,29,18,13,10,,,49,,15,,,,,35,,,1,8,,,,,10,,4,,9,,15,,20,,8,2,3,11,,,21,,19,,7,,,1,4,,4,,10,19,4,4,,23,5,3,1,,4,,18,,19,,1,12,4,,26,3,20,14,,,2
d3rNnxwAscv,70211 Thalara Rural Municipality,70211,,1,,,,,,,,,,,,,,,,,,,,3,,,,,,,,,,,,,,,,,,,1,,,1,,,,,,,,,,,,,,,,,,,,,,,,,,,,,,1,,,,,,,,,1,,,,,,,,,1,,,,,,,,,,,1,,,,,1,1,,,,,1,,,,,,,,,,,,,,,,
JBTkOU5m0Bu,702 BAJHANG,702,,2,,,,6,,,,,,3,2,,,5,3,1,,,,7,1,,4,,,,3,1,,11,2,1,,,4,1,,,11,1,,1,6,7,1,,,,10,,,2,5,1,,4,1,17,1,2,,,,,6,,,,,,10,6,,1,,,,,,2,8,3,,1,,,1,6,,1,1,10,2,17,1,,,,,,3,5,,,,2,1,,,,,7,,3,,,,,,,5,5,,2,2,,,
wYKHZ0iyjfd,512 BARDIYA,512,,3,,3,,1,,2,,7,,1,,1,,1,,,,43,,1,,,,1,,,1,1,,,8,,,2,,,,,3,1,,3,17,1,3,,,7,1,,,1,6,,5,,2,,,19,5,,,,,,3,5,,,6,1,,,3,,,,,,1,43,,13,,,,,,1,,28,,,1,,,,,,1,,,,,13,,,,,11,,,16,,2,,,,,,40,,,6,,,18
aM55chvJhun,40601 Dordi Rural Municipality,40601,,,,,,,,,,,,,,,,,,1,,,,,,,,,,,,,,1,1,1,,,,,,,1,,,,,1,,,,2,,1,,,,1,,2,,,,,,,,,,,,,,,,,,,,,,,1,,,,,,,,,1,,,,,,,,,,,,,,,,,,,1,,,,,1,,,,,,,,,,,,1,,,1,
i9OaLRO8kUl,11301 Dharan Sub-Metropolitan City,11301,,,,,,,,,,,,,,,,,,,,,,,,,,,,,,,,,,,,,,,,,,,,,,,,,,,,,,,,,,,,,,,,,,,,,,,,,,,,,,,,,,,2,,,,,,,,,,,,,,,,,,,,,,,,,,,,,,,,,,,,,,,,,,,,,,,
vTlkJzpiQKs,50206 Tribeni Rural Municipality,50206,,3,,,,,,,,,,,,,,,,,1,,,,,,,,,,1,,,1,2,,,,,,,,1,,1,,,,2,,,,1,,,3,1,8,,,,,1,,,,,,,,,,,,,1,,,,,,,,,1,,,,,,,,,,,,,,,,,,,,,,,,,1,,,,,,,,,,,,,,,,,,1,,,,
gtToi9UsdzQ,41110 Jaimuni Municipality,41110,,,,1,,1,1,,,1,,,2,,,,,1,,,,,,,,1,1,,2,,,2,1,,,,2,,,,3,4,2,2,3,,3,,,1,4,,,,,1,1,,,2,,,4,,,1,2,1,,1,,,,1,,,,,,2,1,,3,,,5,,,,,,1,,1,,1,,,,,1,,,,1,,,,,,,,,2,,1,,,,,1,,1,2,,4,4,,,
F8qQLRVW1V6,31206 Hetauda Sub-Metropolitan City,31206,,,,,,,,,,,,,,,,,,,,,,,,,,,,,,,,,,,,,1,,,,1,1,,,3,,,,,,,,,,,,,,,1,,,,,,,,,,,,,,,,,,,,,,,,,,,,,,,,,,,,,,,,,,,,,,,,,,,,,,,,,,,,,,,,,,,,,,
LnJ8MTOmgGa,105 KHOTANG,105,,5,,2,,3,,,,1,,4,4,,,7,6,3,,,,1,,,3,1,,,3,1,,8,6,1,,,1,,,6,12,25,1,2,3,7,3,,,1,2,7,,4,4,3,,5,4,21,8,6,2,,,,3,2,7,,,15,11,9,,,,1,,4,14,,9,6,9,,,,,2,,9,,4,,3,3,,3,,1,,4,,1,1,1,3,3,,,,2,1,,3,,1,,1,3,,8,5,1,22,24,,,2
Pc2z0fGNT4Y,30510 Panchakanya Rural Municipality,30510,,,,,,1,,1,,,,,,,,2,,1,,,,,,,,,,,,,,,,,,,,,,,,,,,,,,,,,,,,,,,,,,,,,,,,,,,,,,,,,,,,,,,,,214,,,,,,,,,2,,,,1,,,,,,,1,,,,,,,,,,,,,,,,1,,1,,,1,,,,,,
qNdDbnter5g,50103 Bhoome Rural Municipality,50103,,,,,,,,,,,,,,,,1,,1,,,,,,,,,,,1,,,,,,,,,,,,,,,,,1,,,,,3,,,,,1,,,,1,,,,,,,,,1,,,,,,,,,,,,,,,,,,,,,,1,,,,,,,,,,,,,,1,,,,,,,,,,,,,,,,,,1,,,1,,,,
d7E7YIncDUK,41007 Paiyu Rural Municipality,41007,,2,,,,,,,,,,,,,,3,,,,,,,,,,,,,,,,1,1,1,,,1,1,,,6,,2,,,7,1,,,,,,,,1,2,,2,,4,3,,,,,,1,1,,,,,,3,,,,,,,,1,,,,,,,,,,,,,,,,,,,,,,,,,,,,,,,,,,,,1,,,,,1,,,,,,,
tpsweQ66cIn,20716 Subarna Rural Municipality,20716,,,,,,,,,1,,,,,,,,,,,,,,,,,,,,,,,,,,,,,,,,,,,,,,,,,,,,,,,,,,,,,,,,,,,,,,,,,,,,,,,,,,,,,,,,,,,,,,,,,,,,,,,,,,,,,,,,,,,,,,,,,,,,,,,,,
mQLICcbzzGj,10209 Madi Municipality,10209,,,,,,2,,,,,,,,,,,,,,,,,,,,,,,,1,,,,1,,,1,,,,3,,,,,1,,,,2,,1,,,2,2,,1,,,,,,,,1,,,1,,,,,,,,,,,,,1,2,1,,,,,,1,,,,,,,,,1,,,,,,,,,3,,,,,,,,,,1,,,,,,2,,,,,,
bl3DkjJEtPX,70501 Nawadurga Rural Municipality,70501,,,,1,,,,,,,,,,,,,,,,,,,,,,,,,,,,,,,,,,,,,,,,,,,,,,,,1,,,,,,,,,,,,,,,,,,,,,,,,,,,,,,,,,,,,,,,,,,,,,,,,,,,,,,,,,,,,,,,,,,,,,,,,,,,,,,
grMJpaDdSrD,114 UDAYAPUR,114,,41,6,2,,24,,,,26,,31,15,12,5,46,23,9,6,4,11,17,8,7,,13,1,,30,23,1,37,,17,5,,12,5,,6,81,24,29,2,16,73,43,,2,16,39,36,,33,23,38,7,16,26,63,36,17,17,3,1,2,26,5,15,2,4,10,77,36,2,8,,5,,4,8,10,8,43,1,55,,,6,33,15,48,1,30,12,51,92,5,,2,4,,53,11,10,20,2,12,28,7,5,1,25,28,,37,2,11,1,4,7,,17,34,,13,23,,28,1
v6VtFYe7zjn,11008 Mai Municipality,11008,,,,,,,,,,,,,,,,,,,,,,,,,,,,,,,,,,,,,,,,,,,,,,,,,,,,,,,,,,,,,,,,,,,,,,,,,,,,,,,,,,,,,,,,,,,,,,,,,1,,,,,,,,,,,,,,,,,,,,8,,,,,,,,,,,,,
BkH14jmtBEy,11007 Chulachuli Rural Municipality,11007,,,,,,,,,,,,,,,,,,,,,,,,,,,,,,,,,,,,,,,,,,,,,,1,,,,,,,,,,,,,,,,,,,,,,,,,,,,,,,,,,,,,,,,,,,,,,,,,,,,,,,,,,,,,,,,,,,,,,,,,,,,,,,,,,,,
hv4fG8ZjTkx,30404 Tripurasundari Rural Municipality,30404,,,,6,,,,,,1,,5,,,,8,2,,,,,,5,,,,1,,1,,,3,,,,,4,,,,5,1,,,4,,1,,,2,,3,,,,,3,3,,4,5,2,,,,,2,,,,,,,,,1,,,,,2,,3,3,,1,,,,1,,,,2,,2,,,,,1,,,,,,1,,,,,,,,,2,,1,,,4,,,,,2,2,,,
J4SFzwHCwD7,30108 Shailung Rural Municipality,30108,,,,,,1,,,,,,1,,,,2,1,2,,,,,,,,,,,,,,,,,,,,,,,1,,,,,3,,,,1,2,,,3,,,,,2,1,1,,1,,,,2,,2,,,,,1,,,,,,,,1,,,,,,,,,,1,,,,1,1,,,,,,2,,,,,,,,,,,,,,,,,,,,,,,,,,,
mEWltvmejLJ,31306 Khairahani Municipality,31306,,,,,,,,,,,,,,,2,,,,,,,,,,,,,,,,,,,,,,,,,,1,,,,,,,,,,,,,,,,,1,,,,,,,,,,,,,,,,1,,,,,,,,,,1,,,,,,,,,,,1,,,,,,,,1,,,,,,,,,,,,,,,,,,,,,,,,2,,,
NeZFY1za0tu,70302 Duhun Rural Municipality,70302,,,,,,,,,,,,,,,,1,,,,,,,,,,,,,,,,,,1,,,,,,,1,,,,,,,,,,,,,,,,,,,,,,,,,,,,,,,,1,,,,,,,,,,,,,,,,,,,,,,,,,,,,,,,,,,,,,,,,,,,,,,,,,,,,,,,,,
n0ICenUQAGj,10404 Khiji Demba Rural Municipality,10404,,,,,,,,1,,,,,,,,,,,,,,,,,,,,,1,1,,,,,,,,,,,1,,,,,,1,,,2,,,,1,,,,,,2,,,,,,,,,,,,,,,,1,,,,,,,1,1,,1,,,,,,,,,1,1,1,1,,,,,1,,,,,,,,,,,2,,,,,,,4,,,,,1,,,,
hn1EFTvM2VY,51201 Bansgadhi Municipality,51201,,3,,,,,,,,,,,,,,,,,,,,1,,,,,,,,,,,8,,,,,,,,,,,3,,1,,,,,,,,,5,,,,1,,,,5,,,,,,3,,,,,,,,,,,,,,,,,,,,,,,,,,,,,,,,,,1,,,,,13,,,,,,,,,,,,,,,,,,,,,,
BiWa3iUtHtP,10503 Rawabesi Rural Municipality,10503,,,,,,,,,,,,,,,,,1,,,,,,,,,,,,,,,,1,,,,,,,,,,,,,,,,,,,,,,,,,,,1,,,,,,,,,,,,,,,,,,,,,,,,,,,,,,,,,,,,,,,,,1,,,,,,,,,,,,,,,,,,,,1,,,1,,,,,,
mGacVlqIv3w,31205 Manahari Rural Municipality,31205,,1,,,,,,,,1,,,,,,,2,1,1,,,,2,,,,,,,,,,,,,,1,,1,,2,,1,,4,,,,,,,,,,,,,,,,,2,,,,,,,,1,,,,,,,,,,,,,2,1,,2,,,,,,,,,,2,,,,,,,,,,1,,,,,,,2,,,1,,1,,2,,,,2,,2,2,,1,
jBGwG3a6zWb,60103 Jagadulla Rural Municipality,60103,,,,,,,,,,,,,,,,,,,,,,,,,,,,,,,,,1,,,,,,,,,,,,,,,,,,,,,,,,,,,,1,,,,,,,,,,,,,,,,,,,,,,,,,,,,,,,,,,,,,,,,,,,,,,,,,,,,,1,,,,,,,,,,,,,,,,
LbwlY7AUuoO,50408 Dhurkot Rural Municipality,50408,,1,,,,,,,,,,1,,,,,,,,,,,,,,1,,,,,,,1,,,,,,,,,377,,,,,,,,,,,,1,,,,,,,,,,,,,,,,,,,1,,,,,,,,,1,,,,,,,,,,,,,,,,,,,,,,,,,,,1,,,,,,,,,,,,,,,,,,,,,
mKSUBEinvq2,11204 Sundarharaicha Municipality,11204,,,,,,,,,,,,,,,,,,,,,,,,,,,,,,,,2,,1,,,,,,,3,,,,,,,,,,,,,,1,,,,,,,1,,,,,2,,,,,,,,,,,,,,,,,,1,,,,,,,,,,1,,,,,,,,2,,,,,,,,,,,,,,,2,,,,,,,,,,,,
O83QKtwuJWq,10207 Panchakhapan Municipality,10207,,1,,,,6,,,,,,2,,1,1,6,1,,1,,,1,2,,,,,,2,2,,,1,4,,,,,,,5,,,,,1,,,,,1,1,,,,,4,3,1,3,5,1,2,,,,1,,1,,,,,,,,,,,,,4,,2,,,,,,3,,,,4,1,1,,,,,,,5,,,,,1,1,,,,,,,,,1,,,,,,,,,,,1,
LK5DFWU64XL,31103 Tinpatan Rural Municipality,31103,,,,1,,,,,,,,,,,,,,1,,,,,,,,,,,,,,,,,,,1,,,,2,,,2,,1,1,,,,,1,,1,1,1,,,,,,1,,,,,1,,1,,,,,,,,,,,,,,1,,,,,1,1,,,,,1,2,,,,,,,,,,,,,,,,,,,,,,,1,,,,,,1,,,,,,
a93eGOAOHia,11202 Letang Municipality,11202,,,,,,,,,,,,,,,,1,,,,23,2,,,,,,,,,,,,,16,,,,,,,20,,,,,,,,,,,,,,,,,6,,,,,,,,,,,,,,,,,,,,,,,,,,,,,,,,,,,,,,,,3,,,,,,,,,,1,,,,,,,,,,1,,,,,,,,,,,,
xx7B1K7qErB,20315 Janakpur Sub-Metropolitan City,20315,,,,,,,,,,,,,,,,2,,,,,2,,,,,,,,,,,17,,,,5,,,,,4,,,,,1,,,,,,,,,,,,,,,,,,,,,15,,,,,,,,,,,17,,,,11,,,,,,,,,,,,,,,,,5,,,,17,,,,,,,,,,,,,,,4,,,,,,,,,,,,
ycBkX3TlIrL,606 DAILEKH,606,,11,1,1,,,,1,,,,7,1,,,3,,6,,,,1,6,,,,,1,7,,,3,5,4,,,1,,,,13,5,4,2,26,1,,,9,3,9,10,,11,1,2,,4,,9,34,7,1,7,,1,3,2,7,,,,6,7,,,,,,,1,3,8,3,,3,,,1,5,,5,,21,,8,13,,,,,,32,,5,,,1,3,,,,,4,1,,,1,,,1,9,3,4,1,5,2,,2,
qIv6T7879Cn,30201 Bhotekoshi Rural Municipality,30201,,1,,,,,,,,,,,,,,,,,,,,,,,,,,,,,,,,,,,2,,,,4,,,,1,3,,,,,,,,,,,,,,,1,,,,,,,,1,,,,1,2,,,,,,,,,1,,,,,,,,,,,,,,2,,,,,,,,,,,,,,,,,,,1,,,,,,,,1,,1,,,,
TnT6m8FZEet,10101 Phaktanlung Rural Municipality,10101,,,,,,,,,,,,,2,,,,,,,,,,,,,,,,,,,1,,,,,,,,,,2,1,1,,,,,,1,,,,,1,1,3,,,,,,1,,,,1,2,,,,,,,,2,3,,,,,,,,,,,,,,,,,,1,,,,,,,,,,1,,,,,,,,,3,,,,,,1,3,,,,,,3,,,
uLdNzeLGQik,60203 Soru Rural Municipality,60203,,,,,,,,1,,,,,,,,,,,,,,,,,,,,,,,,1,2,,,,1,,,,2,,1,,,,,,,,,,,,,,,,,,,,,,,,,,,,,,,1,,,,,,,,,,,,,,,,,,1,,,,,,,,,,,1,,,,,2,,,,,,,,,,,,,,,,,,,,,,84
CMLxRNQiEuz,10902 Hilihan Rural Municipality,10902,,,,,,,,,,1,,,,,,,1,,,,,,,,,,,,,,,,,,,,,,,,1,,,,,,,,,,,,,,,,,,,,,,,,,,,,,,,,,,,,,,,,,,,2,,,,,,1,,,,1,,,,,,,,,,,,,,,,,,,,,,,,1,,,,,,,,,,,,
qoayxucpZqH,403 MUSTANG,403,,,,,,,,,,,,1,,,,,,,,,,,1,,,,,,,,,,,,,,,,,,,,,,1,,,,,,,,,,,1,,,,,,,,,,1,,,,,,,,,,,,,,,,,,1,,,,,,,,,,,,1,,,,,,,,,,,,,,,,,,,,,,,,,,,,,,,,,,
X3rzE53ksA1,10203 Silichong Rural Municipality,10203,,5,,,,3,,,,,,1,1,,2,2,1,,,19,,1,,1,,1,,,,1,,,4,1,,,6,,,,7,,,,,2,2,,,1,1,1,,2,2,1,1,1,3,1,1,1,2,,,,2,1,3,,,,,,,,1,,,,,,,,,,,,,,1,2,,,,,1,,,,1,,,,,,,1,4,,,,,1,,,,,,,,,,,,3,,,,1
WMm4dtLoyR0,51001 Bangalachuli Rural Municipality,51001,,,,,,,,,,,,,,,,,,,,,,,,,,,,,,,,,,,,,,,,,,,,,,21,,,,,,,,,1,,,,,1,,,,,,,,,,,,,,,,,,,,,,,,1,,,,,,,,,,,,,,,,,,,,,,,,,,,,,,,,,,,,,,,,,,1,,,,
vOAAQWchu33,60905 Bagachour Municipality,60905,,1,,,,1,,,,,,2,,,,,,,,,,,,,,,,,,,,2,,,,,1,,,,1,,,,1,,,,,,,,,,,,,,,4,,,,,,,1,,,,,,,,,,,,,,,,,,,,,,,,,2,,1,,,,,,,,,3,,,,,,,,,,,,,,,,,,,,,1,,,,,,
aU6oNY86CMb,40803 Bungdikali Rural Municipality,40803,,1,,,,,,,,,,,,3,,,,1,,,,,,,,,,,,,,,2,,,,1,,,,1,,,,,1,,,,,1,2,,,,1,,,,,1,,2,,,,,,,,,,,,,,,,,,,,,,,,,,,,,,,1,,,3,,,,,,1,,1,,,,,,,,,,1,,,,,,,,,2,,1,,,1,
HNoO3MOxRs6,40603 Kwhola Sothar Rural Municipality,40603,,1,,,,2,,,,,,,1,,,,,,,,,,1,,,,,,,,,,,,,,1,,,,1,2,,,1,,,,,,,,,,,,,,2,,,,,,,,1,1,,,,,,,,,,,,,1,,1,,,,,,,,,,,,,1,,,,,,,2,,,,,,1,,,,,2,,,,,,,1,,,,,1,1,,,
eP90MO7oR6J,70303 Mahakali Municipality,70303,,,,,,1,,,,,,,,1,3,,,,1,,,,,,,,,,,,,1,,,,,,,,,,,,,,,,,,,,,,2,,,,,1,1,,,,,,,2,,,,,1,,,,,,,,,,,,,,,,,,,,,,,,,,,,,,,3,,,,,,,,,,,,1,,,,,,,,,,,,,,,
AyKEcjoYtPd,51207 Gulariya Municipality,51207,,,,3,,,,2,,7,,,,,,,,,,,,,,,,,,,,,,,,,,,,,,,,,,,17,,3,,,7,,,,,,,5,,,,,19,,,,,,,,5,,,6,,,,3,,,,,,1,43,,13,,,,,,,,28,,,1,,,,,,,,,,,,,,,,11,,,16,,,,,,,,40,,,6,,,18
CM5YyMzgtyE,70710 Turmakhand Rural Municipality,70710,,2,,,,,,,,,,,,,,,,,,,,,,,,,,,,,,,,1,,,2,,,,3,,,,,,,,,,,,,,1,1,,,,1,,,,,,,,,,,,,,,,,,,,,,,,,,,,,,,,1,,,1,,,,,,,,,,,,,,,,,,,,,,,,,,,,,,,,,,,
aGaKLs573SL,50504 Sandhikharka Municipality,50504,,,,,,,,1,,,,2,,,,1,,1,1,,,2,1,,,,,,1,,,,,,,,,,,,1,,,,6,2,,,,4,,,,,2,,,,3,1,1,,15,,,,,,12,,,,,1,,,1,,,,,,,,,,,,1,,,,,8,,1,1,,,,,,,,,,,1,,,,1,2,1,,7,,,,,1,,,7,,8,6,,,
RwdsaWpcvuQ,20520 Malangawa Municipality,20520,,,,,,,,,,,,,,,,,,,,,,,,,,,,,,,,,,,,,,,,,,,,,49,,,,,,,,,,,,,,,,,,,,,,,,,,,,,,,,,,,,,,,,,,,,,,,,,,,,,,,,,,,,,,,,,,,,,,,,,,,,,,,,,,,,,
ebbAyOhorzo,507 NAWALPARASI WEST,507,,17,,35,,73,16,7,,7,2,66,57,25,4,19,91,55,30,15,,1,28,,,,6,1,7,18,,17,,,18,2,,,,,30,77,36,1,11,,42,1,,47,,,2,9,,,27,58,63,,,57,,15,,31,12,60,,12,7,,,30,,19,3,1,1,14,58,9,54,9,,20,,,1,,10,,6,25,,,71,,,,5,,78,5,5,8,,7,,4,,3,15,63,,39,,,,5,87,4,,17,3,63,42,11,19,20
aTZcDT4w3Ml,70101 Himali Rural Municipality,70101,,,,,,,,,,,,,,,,,,,,,,,,,,,,,,,,1,,,,,,,,,1,,,,,,,,,,,,,1,,,,,,,,,,,,,1,,,,,,,1,,,,,,,,,,,,,,,,,,,,,,,,,,,,,,,,,,,,,,,,,,,,,,,,,,,,,,,,
sBELQdDFD2K,11203 Kerabari Rural Municipality,11203,,,,,,,,,,,,,,,,,,,,,,,,,,,,,,1,,1,,,,,1,2,,,1,,,,,1,,,,,1,1,,,,,,,,,,,,,,,3,,,,,,,,,,,,,,1,,,,,,,,,,,,,,,,2,,,,,,,,,,,,,,,,,,,,,,,,,,,,,,,,,
Fen9qMN7huE,10505 Diktel Rupakot Majhuwagadhi Municipality,10505,,3,,1,,2,,,,,,2,2,,,1,,,,,,,,,3,,,,1,,,1,1,,,,,,,,2,21,,1,1,2,,,,,,4,,1,1,,,,4,11,3,2,2,,,,,1,4,,,,5,2,,,,,,4,13,,2,4,9,,,,,,,,,1,,1,,,,,,,,,,,,2,1,,,,,,,1,,,,,1,,3,,,20,22,,,
gE2JavhfKh8,50802 Butwal Sub-Metropolitan City,50802,,141,37,,3,197,,,5,,,115,,58,27,110,,1,,23,29,60,,13,,,,,126,80,,,108,61,,,126,12,,7,318,,68,59,,,,,,,112,,,133,98,,,119,113,170,118,,110,,4,,,,117,,11,17,,131,7,,,,,,,,,,12,,2,,,,64,197,,,51,,150,,,,29,4,,,,,,118,,,18,,,,15,,4,,,,,,10,,,,,,,
GnpIwWbdxdl,707 ACHHAM,707,,12,,1,1,,,1,,,,3,7,,,3,2,8,151,1,,2,9,,,1,,,7,,2,2,4,3,,,16,,,,27,9,1,1,6,4,,,,4,3,,,11,18,1,1,,2,13,3,1,2,,1,,4,,4,,,,6,8,1,,,,,,5,,8,15,,,,,,3,1,2,,,1,,2,,,,1,1,1,,1,,,14,1,,,,,,2,2,,,2,,2,,14,7,,9,6,,,
vn8qhmMp7ph,60702 Kuse Rural Municipality,60702,,,,,,,,,,,,,,,,,1,,,,,,,,,,,,,,,,,,,,,,,,,1,,,,,,,,,,,,,,,,,,,,,,,,,,,,,,,,,,,,,,,,,,,,,,,,,,,,,,,,,,,,,,,,,,,,,,,,,,,,,,,,,,,,,,,,
tQ73nJ7ioAy,30806 Bagmati Rural Municipality,30806,,,,,,,,,,,,,,,,,,,,,,,,,,,,,,,,,,,,,,,,,,,,,,2,,,,,,1,,,,,,,,,,,,,,1,,1,,,,,,,,,,,,,,,,,,,,,1,,,2,,,,,,,,1,,,,,,,,,,,,,,,,,,,,,1,,,,,,,,,
DlmjnZcEmaW,11005 Fakfokathum Rural Municipality,11005,,,,,,,,,,,,,,,,,,,,,,,,,,,,,,,,,,,,,,,,,,,,,,,,,,,,1,,,,,,,,,,,,,,,,,,,,,,,,,,,,,,,,,,,,,,,,,,,,,,,,,,,,,,,,,,,,,,,,,,,,,,,,,,,,,,
iFoDthLp3eG,20201 Lahan Municipality,20201,,,,24,,64,,,4,9,4,,,29,2,,,,,,,30,,,,5,7,8,37,,1,,21,,,,,11,,,1,,,29,81,,27,,5,48,,54,,,,,24,,35,,,62,7,19,,,,,46,,,,,1,,,,,,25,,,,26,,15,,,11,27,,,,59,,47,,,8,,9,,,5,21,8,1,47,22,18,,,,,,1,,,21,1,,,,42,,,15,,3,
Vkv9B89Tu0q,10307 Solu Dudhakunda Municipality,10307,,,,,,1,1,,,,,,,1,,,,,1,,,,,,,,,,,,,2,,,1,,1,,,,4,,,,,3,,,,,2,,,2,2,,,,,,,,,,,,,,1,,,,,3,,,,,,,,,,1,,1,,,,1,,1,,1,,,1,,,,,,1,,,,,,,,,,,,,,,,,,,,,,,,,,,
k5Ig12XBeut,70607 Bogatan Rural Municipality,70607,,,,,,,,,,,,,,,,,,,,1,,,,,,,,,,,,,,,,,,,,,,,,,,,,,,,,,,,,,,,1,,,,,,,,,,,,,,,,,,,,,,,,,,,,,,,,,,,,,,,,,,,,,,,,,,,,,,,1,,,,,,,1,,,,,,,,,
p3jCjtaqr1K,11407 Katari Municipality,11407,,,,,,,,,,,,,6,,,,,,,,,,,,,,,,,,,,,,,,,,,,,,,,,46,,,,,,,,,,17,,,,,,,,,,,,,,,,,,,,1,,,,,,,,,,,,,,,,,1,,,,61,,,,,,,,,,,,,,,,,5,,,,,,,,,,,,,,,,
pneopnkujAY,70703 Mellekh Rural Municipality,70703,,,,,,,,,,,,,,,,,,,,,,,,,,,,,,,,,,,,,10,,,,15,,,,,,,,,,,,,,,,,,,,,,,,,,,,,,,,,5,,,,,,,,,,1,,,,,,,,,,,,,,,,,,,,,,,,,,,,,,,,,,,,,,,,,,,,,,
DNNqxNFcyph,60603 Bhairabi Rural Municipality,60603,,,,,,,,,,,,,,,,,,,,,,,,,,,,,,,,,,,,,,,,,,,,,,,,,,,,,,,,,,,,,,,,,,,,,,,,,,,,,,,,,,,,,,,,,,1,,,,,,,,,,,,,,,,,,,,,,,,,,,,,,,,,,,,,,,,
GTscpNaZbdd,20101 Saptakoshi Municipality,20101,,,,,,,,,,,,,,,,,,,,,,,,,,,,,,,,,,,,,,,,,,,,,,,,,,,,,,,,,,,,,,,,,,,,,,,60,,,,,,,,,,,,,,,,,,,,,,,,,,,,,,,,,,,,,,,,,,,,,,,,,,,,,,,,,,,
zR1anyfvrOo,30204 Helambu Rural Municipality,30204,,,,1,,,,,,,,,,,,,,,,,,,,,,,,,2,,,2,,,,,2,,,,2,,,,,1,,,,,,1,,1,,,,,,,,,1,,,,,,1,,,,2,,,,,,,,,,,,,,,,,,,2,,1,,,,,,,,,,,,,,,1,,,,,,,,,,,,,,,,,,,,,
FpflD8BqlMO,10107 Yangwarak Rural Municipality,10107,,,,,,,,,,,,,,,,,,,,,,,,,,,,,,,,,,,,,,,,,,,,,,,,,,,,,,,,,,,,,,,1,,,,,,,,,,,,,,,,,,,,,,,,,,,,,,,,,,,,,,,,,,,,,,,,,,,,,,,,,,1,,,,,,,,,
JeXriiVgEnu,30101 Gaurishankar Rural Municipality,30101,,,,,,,,,,,,,,,,,1,1,,,,,,,,,,,1,,,,,,,,,,,,,2,,,,1,1,,,,,,,,,,,,,,,,,,,,1,,1,1,,,1,,,,,,,,,,,1,,,,,,,,,,,1,,,,,,,,,,,,,1,2,,,,,,,1,,,,,,,,,,,,,,
yLgova5hxHh,30910 Bethanchowk Rural Municipality,30910,,,,,,,,,,1,,1,,,,,,,,,,,,,,,,,,,,,,,,,,,,,,,,,1,,,,,1,,,,,,,,,1,,,,,,,,,,,1,,,1,,,,,,,1,,,1,,,,,,,,,,,,,1,1,,,,,,,,,,,1,,,,,,,,,,,,,,,,,,,,,,
hCCeMTw69UU,40406 Beni Municipality,40406,,2,,,,,,,,,,,1,,,2,,1,,,1,,1,,,,,,1,1,,2,,,,,1,,,,1,,2,,,1,,2,,,,2,,2,,,,,,1,,8,1,,,,2,1,,,,4,,,,,,,3,,,1,,,,1,,,,,1,1,,1,,,,,,,,,,,,,,3,2,,,,1,,,5,,,,3,,1,,13,,1,1,,6,
rdYbkteJ80f,20313 Bideha Municipality,20313,,,,,,,,,,,,,,,,,,,,,,,,,,,,,,,,,,,,,,,,,,,,,,,,,,,,,,,,,,,,,,,,,,,,,,,,,,,,,,,,,,,,,,,2,,,,,,,,,,,,,,,,,,,,,,,,,,,,,,,,,,,,,,,,,,,
qSqjrMwbIvJ,51006 Dangisharan Rural Municipality,51006,,,,,,,,,,,,,,,,,,1,,,,,,,,,,,,,,,,,,,,1,,,,,,,,,,,,,,,,,,,,,,,,,,,,,,,,,,,,,,,,,,,,,,,,,,,,,,,,,,,,,,,,,,,,,,1,,,,,1,,,,,,,,,,,,,,,,,
mHYyY7S8j05,70902 Shuklaphanta Municipality,70902,,,,,,,,,,,,,,,,,,,,,,,,,,,,,,,,,,,,,,,,,,,,,,,,,2,,,,,,,,,,,,,,,,,,,,,,,,,,,,,,,,,,,,,,,,,,,,,,,,,,,,,,,,,,,,,,,,,,,,,,,,,,,,,,,,,
RJjAQffhRya,11309 Inaruwa Municipality,11309,,,,,,,,,,,,,,,,,,,,,,,,,,,,,,,,,,,,,,,,,,,,,,,,,,,,,,,,,,,,,,,,,,,,,,,,,,,,,,,,,,,,,,,,,,,,,,,,,,,,,,,,,,,,,,,,,,,,,,,,,1,,,,,,,,,
udhEfsRJE0r,60804 Musikot Municipality,60804,,5,,1,,,,,,,,4,,,,,,,3,,,3,2,,,,,1,12,,,,3,7,,,,,,,27,1,1,,8,3,5,,,,5,2,,5,7,1,3,1,1,1,,4,1,,1,,,,1,,,,,16,,,,,3,3,,,10,3,,,,,,,,,,4,1,3,1,1,,,,,1,,1,,,13,,,,,,,,,,3,,,1,,,4,,3,,,,
QfZ2pVPRFmz,304 DHADING,304,,18,,8,1,4,,1,,3,,22,7,3,3,24,14,15,5,9,1,1,22,,,1,1,,18,13,2,13,13,11,1,,20,,,1,60,10,9,4,20,25,12,,1,9,17,15,1,24,9,8,21,15,7,31,21,7,1,,1,1,8,5,9,1,1,2,13,18,,2,,1,,4,4,3,19,13,49,6,,,2,10,,14,1,12,1,16,14,2,,,3,,16,1,7,1,4,17,12,4,,1,1,13,1,7,,9,1,,12,1,12,6,15,19,10,,4,4
q7VB2VrUr83,404 MYAGDI,404,,7,,1,,5,,,,1,,8,4,,,5,,7,,,1,3,2,,,,,,6,3,,9,6,3,,,4,,,,10,2,2,,6,5,3,2,,7,6,9,,4,5,1,3,1,4,6,9,15,3,1,,,2,2,6,,,4,11,2,,,,,3,1,1,2,5,7,,13,,,,5,1,6,,4,,11,7,,,,,,4,,1,1,,7,2,,,,2,3,,7,,1,,3,1,2,,23,,11,2,,7,1
yBNQa3DDCMV,70202 Bungal Municipality,70202,,,,,,,,,,,,,,,,,,,,,,,,,,,,,,1,,,,,,,2,,,,2,,,,,,,,,,,,,,,,,,,,,,,,,,,,,,,,,,,,,,,,,,,,,,,,,,,,,,,,,,,,,,,,,,,,,,,,,,,1,,,,,,,,,,,,,,
Xznx7upyyKb,10304 Mapya Dudhkoshi Rural Municipality,10304,,1,,,,,,,,,,,1,,,,,,1,,,,2,,,,,,,,,,2,,,,,,,,,,,,,,,,,,,,,1,,,,,,,2,2,,,,,2,,,,,,,,,,,,,,,,,,,,,,1,,,1,,,,2,,,,,1,,,,,,,2,1,,,,,,,,1,,1,,,,,1,,,,,,1
QXdURpmMJVr,11215 Katahari Rural Municipality,11215,,,,,,,,,,,,,,,,,,,,,,,,,,,,,,,,,,,,,,,,,,,,,,1,,,,,,,,,,,,1,,,1,,,,,,,,,,,,,,,,,,,,,,,,,,,,,,,,,,,,,,,,,,,,,,,,,,,,,,,,,,,,,,,,,,,,,
gaKf8O4iGZi,60503 Raskot Municipality,60503,,1,,,,,,,,,,,,,,,,,,,,,,,,,,,,,,,,,,,,,,,,,,,,,,,,,,,,,,,,,,,,,,,,,,,,,,,,,,,,,,,,,,,,,,,,,,,,,,,,,,,,,,,,,,,,,,,,,,,,,,,,,,,,,,,,
etsLClmlGvE,70604 Shikhar Municipality,70604,,,,,,,,,,,,,,,,,,,,,,,,,,,,,,,,,,,,,,,,,,1,,,,5,,,,,,,,,,,,,,,,,,,,,,,,,,,,,,,,6,,,,,,,,,,,,,,,,,,,,,,,,,,,,,,,,,,,,,,,,,,,,,,,,,,,,
dhBrAUPY3Jt,70301 Byas Rural Municipality,70301,,,,,,,,,,,,,,,,,,,,,,,,,,,,,,,,,,,,,,,,,,,,,,,,,,,,,,,,,,,,,,,,,,,,,,,,,,,,,,,,,,,,,,,,,,,,,,,,,,,,,,,1,,,,,,,,,,,,,,,,,,,,,,,,,,,
dubj3bHIuwU,50801 Devdaha Municipality,50801,,,,,,,1,,,1,,,2,,,,,,,,,,,,,,,,,,,,,,1,,3,,,,7,2,,,,,,,,,,,3,,1,,7,,,,,,,,,,,8,,,,,,,,,,,,,2,,7,,,,,,,,,,2,,,,,4,,,,,,,,,1,,,,,,,,,,,,,,2,,,,,,,,,
aPYWk1hRPYY,40806 Kawasoti Municipality,40806,,38,1,,,44,3,2,,5,,12,9,14,,,24,9,17,,7,8,19,,1,,,2,29,,,31,23,31,5,1,32,,,1,110,31,10,21,,49,14,1,2,1,9,7,,14,19,28,3,24,21,41,38,1,13,,,6,21,19,17,3,3,3,22,32,3,13,,4,,,20,5,,29,3,,,1,6,,2,42,2,,12,28,11,2,,5,,,24,12,23,6,,15,50,14,3,5,,16,4,,,13,3,1,29,,15,,,27,,,,
MFzUIoegqtN,20603 Phatuwa Bijayapur Municipality,20603,,5,,,,,,,,,,,,,,,,,,,,,,,,,,,,,,1,,,,,,,,,,,,,,,,,,,,,,3,,,,,,,,,,1,,,,,,,,,,,,,,,,,,,,,,,,,,,,2,,,,,,,,,,,,,,,,3,,,,,,,,,,,,,,,,,,,,,,
rJiz16288V1,70602 Sayal Rural Municipality,70602,,,,,,,,,,,,,,,,,,,,,,,,,,,,,,,,1,,,,,1,,,,1,,,,,,,,,,,,,1,,,,,,,,,,,,,,,,,,,,,,,,,,,,,,,,,,,,,,,,,,,,,,,,,,,,,,,,,,,,,,,,,,,,,,,,,,,,
F3Q2FhmSvR9,31005 Manthali  Municipality,31005,,3,,,,1,,,,,,,2,,,,,2,1,,,,,,,,,,2,,,3,1,1,,,,,,,2,1,5,,,2,2,,,,,1,,2,2,,1,,,,5,1,,,,,1,,5,,,,,1,,,,,,,,,,,,,,,,,,,,4,,1,,,,,,,,,1,,,5,,,,,,1,1,,,,,,1,,,,,,10,,1,
iCoo4jo8gb7,70407 Shivanath Rural Municipality,70407,,,,,,1,,,,,,,,,,,,,,,,,,,,,,,,,,3,,1,,,,,,,1,,,,,,,,,,,,,,,,,,,,,,,,,,,,,,,,,,,,,,,,,,,,1,,,,,,,,,,,,,,,,,,,,,,,,,,,,,,,,,,,,,,,,,,,,,
EXKX4gJ9D6Y,205 SARLAHI,205,,13,6,,2,19,29,,3,9,,,89,5,3,101,,,,2,4,7,,,3,9,,5,20,10,1,180,21,,45,10,1,1,,35,1,,2,9,49,77,14,,3,,11,10,6,35,14,99,,26,18,114,85,,13,,,51,80,120,12,42,,,21,,5,36,,21,2,8,79,44,,,5,14,,4,45,20,8,26,8,11,85,27,27,,3,,6,,,33,10,8,,15,7,10,,,,123,8,,10,,1,2,127,,52,17,,,94,10,5,36
JX5rBAArWRn,30911 Roshi Rural Municipality,30911,,,,,,,,,,,,,,,,1,,,1,,,,,,,,,,,,,,,,,,,,,,1,,1,,,1,,,,,1,,,,1,1,,,,,,,,,,,2,,,,,,,1,,,,,,,,,,,,,,,,,,1,,,,,,,,,,,2,,,,,,,,,,,,,,,,,,,,,,,,,,,
PaZ8MJUYoBS,30701 Changunarayan Municipality,30701,,1,,,,,,,,,,,,,,,,1,,,,,,,,1,,,,,,,1,,,,1,,,,5,,,,,,,,,,,1,,,2,3,,,2,,,,,18,,,,1,1,,,,,1,1,,,,,,,,,,,,,,,,,,,,,,,2,1,,,,1,,,,,,,,,,,1,,3,,1,,1,,,1,,,1,,,,
yxV18PSNcMh,20406 Loharpatti Municipality,20406,,,,,,,,,,,,,,,,,,,,,,,,,,,,,,,,,,,,,,,,,,,,,,,,,,,,,,,,,,,,,,,,,,,,,,,,,,,1,,,,,,,,,,,,,,,,,,,,,,,,,,,,,,,,,,,,,,,,,,,,,,,,,,,,,,4,
MEAf91SGUMb,50305 SWARGADWARI MUNICIPALITY,50305,,1,,,,1,,,,,,2,,,,,,1,,,,,1,,,,,,1,,,3,,10,,,18,,,,32,,1,,,1,,,,,1,,,,,,,,,,,,,,,,,,,,,,,,,,,,,,2,,,3,,,,,,1,,86,,1,,2,,1,,,,,,,,,,1,,,,,,,,,,3,,,,,,,,,,,,
TfXLISHWMds,50501 Chhatradev Rural Municipality,50501,,,,,,,,,,,,1,,,,,,2,,,,4,,,,,,,,,,1,,,,,,,,,,,,,1,,,,,,,,,,,,,,1,,,2,,,,,,,,,,,,,,,,,,2,,,2,,,,,,,,,,,,,,,,,,,,,,,1,,,,,,,,,,,,,,,,,,,,1,,,,1
pyw6x7rguen,10305 Thulung Dudhkoushi Rural Municipality,10305,,2,,,,,,,,,,2,,,,11,1,,,,,,,,,,,,,,,,,,,,2,,,,3,,,,,,,,,,,2,,1,1,,,,,1,1,,,,,,2,,,,,,1,1,,,,,,,,,4,,,,,,,,,,,2,,,1,,,,,,1,,,,,,,,,,,,,,,,,,,,,,,,1,,,
hu537WWQLab,60106 Thulibheri Municipality,60106,,,,,,,,,,,,,,,,,,,,,,,,,,,,,,,,,,,,,1,,,,1,,1,,,1,,,,,,,,,,,,,,,1,,,,,,,,,,,,2,,,,,,,,,,,,,6,,,,,,,,,,2,,,,,,,,,,,,,,,,,,2,,,,,,,1,,,,,1,,,,
DIGqwFpoqoL,31007 Doramba Rural Municipality,31007,,,,,,,,,,,,,,,,,,,,,,1,,,,,,,2,,,,1,,,,,,,,,,,,,,1,,,,,4,,1,,1,,1,,1,1,,,,,,,1,3,,,,,,,,,,,,,,1,,,,,,,,,,,,,,1,,,,,,,,,,,,1,,,,,,,,,,,,,,,1,,,,,,
jUSkmeSh1bB,20109 BodeBarsain Municipality,20109,,,,,,,,,,,,,,,,,,,,,,,,,,,,,,,,,,,,,,,,,,,,,,,,,,,,,,,,,367,,,,,,,,,,,,,,,,,,,,,,,,,,,,,,,,,,,,,,,,,,,,,,,,,,,,,,,,,,,,,,,,,,,,,,,,,
IrlWkahBEKS,11403 Triyuga Municipality,11403,,,,,,,,,,,,,2,,,,,3,3,,,1,6,,,,,,,,,,,,,,,,,,,3,1,,,,,,,,,,,,,,,,,,,,,,,1,,1,,,,,,,,1,,,,,,,,,,,,,,,,,,,,,1,,,,,,27,,,,,,1,1,,,,,,,,,,,2,,,,,2,,,,
KvtJex2PPNq,20704 Parawanipur Rural Municipality,20704,,,,,,,,,,,,,,,,,,,,,,,,,,,,,,,,,,,,,,,,,23,,,,,,,,,,1,,,,,,,,,,,,,,,,,,,,,,,,,,,,,,,,,,,,,,,,,,,,,,,23,,,,,,,,,,,,,,,,,,,,,,,,,,,,,,,,
gIwoGLpdBl1,10106 Phungling Municipality,10106,,,,,,,,1,,,,,,,1,,,5,1,,,,5,,,,,,,,,,,,,,,,,,,,,,5,,,,,,,,,,,,,,,1,,7,,,,,,3,1,,,,9,,,,,,,,,,3,,,,,,4,,,,,,,,,,,1,,,,,,,,,1,,,,1,,,4,1,,,,,,3,,,1,4,,,
A0M7yWhXSEE,60705 Shivalaya Rural Municipality,60705,,,,,,,,,,,,,,,,,,,,,,,,,,,,,,,,,,,,,,,,,,,,,,,,,,,,,,,,,,,,,1,,,,,,,1,,,,,,,,,,,,,,,,,,,,,,,,,,,,,,,,,,,,,,,,,,,,,,,,,,,,,,,,,,,,,,
BVLET8oBWxi,40709 Bandipur Rural Municipality,40709,,,,,,1,,,,,,,,,,,,,,,,,1,,,,,,1,,,,,1,,,,1,,,1,,,,1,,,,,,,,,,,,,,,,,2,,,,,1,,,,,,,,,1,,,,,1,,1,,,,,,,,,,,,,,1,,,,,,1,,,,,1,,,,,,,,1,,,,,,,,,,1,1,,,
t9XsLKdMwA1,709 KANCHANPUR,709,,,,,,5,,,,,,5,7,,,12,5,,,,1,5,,,,,,,15,,,8,6,8,,,16,,,1,52,,5,,8,10,,,2,,4,7,,,5,2,,11,,2,4,9,,,,,20,,14,,,,5,15,2,,,,,1,1,3,11,,2,2,,,2,,,32,,9,3,5,13,5,,,,,12,,4,,1,6,4,,1,,,,,5,,8,,,2,,4,7,,,,,,
FQn7IHD6JHR,41109 Bareng Rural Municipality,41109,,,,1,,,,,,,,2,,,,1,1,,1,,,,1,,,,,,,,,,1,1,,,1,,,,4,2,,,5,1,,,,5,,1,,2,,,,,,,1,1,1,,,,,,,,,,1,2,,,,,,,2,,,,,,,,,,,,,,,,,,,,,,,,,,,,1,,,,,2,,2,,,,,3,1,,,,3,4,,,
eAdrPiTtmhE,60902 Kumakh Rural Municipality,60902,,,,,,,,,,,,,,,,,,,,,,,,,,,,,,,,,,,,,,,,,,,,,,,,,,,,,,,,,,,,,,,,,,,,,1,,,,,,,,,,,,,,,,,,,,,,,,,,,,,,,,,,,,,,,,,,,,,,,,,,,,,,,,,,,,,
n4WyWRzfTV1,50502 Malarani Rural Municipality,50502,,,,,,,,,,,,,1,,,,4,,,,,,,,,,,,,1,,1,,,,,,,,,,1,1,,,,,,,,1,,,,,,,,,1,,,,,,,,,,,,,,,,,,,,,,,1,1,,,,,,,,,,,,,,,,,,,,,,,,3,,,,,,3,,,,,,,,,,,,3,,,,
TqbInE7SzD9,70507 Ganyapdhura Rural Municipality,70507,,,,,,,,,,,,,,,,,,,,,,,,,,,,,,,,,,,,,,,,,,,,1,,,,,,,,,,,,,,,,,,,,,,,,,,,,,,,,,,,,,,,,,,,,,,,,,,,,,,,,,,,,,,,,,,,,,,,,,,,,,,,,,,,,,,
JliQ0BJSGqa,30908 Namobuddha Municipality,30908,,4,,,,3,,,,,,3,,,,4,3,,,,,1,,,,,,,3,,,2,,,,,,,,,,1,,,,2,,,,,,,,3,3,2,,,,3,3,,,,,2,1,1,,,,,1,,,,,,,,,,,,,,,,,1,,2,,2,1,,,,,,,,1,,,,,4,,1,,,,,,,,,,,2,,,1,,1,,,,
FKmy9u2N6bi,50506 Shitaganga Municipality,50506,,,,1,,,,1,,,,,,,,,1,2,,,,,,,,1,,,,,,,,,,,,,,,,1,,,,,,,,,,,,1,1,,,,,1,,,,,,,,1,,,,,,,,,1,,,,,,,,,1,,,,,,,,,,,,,,,,,,,,,,,,,,,,,,,,,,,1,,,,,,,,,
IGnDwGml3CS,30107 Melung Rural Municipality,30107,,,,,,1,,,,,,,,,,,,,,,,,,,,,,,,,,,,,,,,,,,,,,,,,,,,,,,,,,,,,,,,,,,,,,,,,,,,,,,,,,,,1,,,,,,,,,,,,,,,,,,,,,,,,,,,,,,,,,,,,,,,,,,,,,,,,
Fg5SMJO2RrG,11003 Ilam Municipality,11003,,,,,,,,,,,,,,,,4,,,,,5,,,,7,,,,,1,,,,,,,13,,,11,42,,,,,1,,,,,,,,,,6,,6,,,3,,,,,,,,,,,,1,16,,,,,,,,,1,,,,,,,,,6,,,10,,,13,,,,,,,,,,,,,,,,,,,,,,,,,5,,,,,,,
JLE1LepTKt0,31204 Raksirang Rural Municipality,31204,,,,,,,,,,,,,,,,,,,,,1,,,,,1,,,,,,,,,,,,,,,,,,1,,,,,,,,,,2,,,,,,,1,1,,,,,,,,,,,,,,,,,,,,,,,,,,,,,,,,2,,,,,,,,,,,,,,,,,,,,,,,,,,,,,,,,,,,,
n9JZhYXpYA5,20512 Chakraghatta Rural Municipality,20512,,,,,,,,,,,,,,,,,,,,,,,,,,,,,,,,,,,,,,,,,,,,,,,,,,,,1,,,,,,,,,,,,,,,,,,,,,,,,,,,,,,,,,,,,,,,,,,,,,,,,,,,,,,,,,,,,,,,,,,,,,,,,,,,,,,
wZeA8yZcimo,40705 Bhimad Municipality,40705,,1,,,,12,,,,,,,,,,,,,1,,,1,2,,,,,,2,,,6,,,,,,,,,,1,,1,1,2,,,,,3,,,,1,,,,8,2,,,2,,,,3,2,1,,1,,1,,,,,,,,,2,,,,,,,,,,,,4,,,,,,,,,1,,,,,2,3,,,,,,,,,,,,,1,1,,1,2,,,,
ecKPJ6Bonyc,60201 Mugumkarmarog Rural Municipality,60201,,,,,,,,,,,,,,,,,,,,,,,,,,,,,2,,,,,,,,,,,,,,,,,,,,,,,,,2,,,,,,,,,,,,,,,,,,,,,,,,,,,,,,,,,,,,,,,,,,,2,,,,,,,,,,,,1,,,,,,,,,,,,,,,,,,,,,
IJwWcZ3Smdq,60611 Gurans Rural Municipality,60611,,,,,,,,1,,,,,,,,,,,,,,,,,,,,,,,,,,,,,,,,,3,,,,,1,,,,,,1,,,,,,,,,2,,,,,,,,,,,,,2,,,,,,,,,1,,,,,,,,,,,3,,1,,,,,,,,,,,,,,,,,,,,,,1,,,,,,2,,1,1,,,
M8lAYwHcRvR,30805 Mahankal Rural Municipality,30805,,,,,,,,,,,,,2,,,,3,2,,,,,,,,,,,,2,,,,,,,1,,,,1,3,,,2,1,1,,,,,,,,,1,,1,1,,,2,,,,,1,3,,,,,,,,,,,,,2,,,1,,,,,,1,,,,,,1,,,,,,,1,,,,,,,,,,,2,,,,,,,5,,,1,,1,,,,
f7uSgiSErsd,10907 Tumbewa Rural Municipality,10907,,,,,,,,,,,,,,,,,1,,,,,,,,,,,,,,,,,,,,,,,,,2,,,,,,,,,,,,,,,,,,,,,,,,,,,,,,,,,,,,,,,,,1,1,,,,,,1,,,,,,,,,,,,,,,,,1,,,,,,,,,,,,,,,,,,,,,,,
TYaXBMXX7nl,60608 Narayan Municipality,60608,,,,,,,,,,,,4,,,,1,,,,,,,4,,,,,,2,,,2,2,,,,,,,,2,1,1,,18,,,,,2,3,9,,5,,,,,,2,3,5,,7,,1,2,,2,,,,3,2,,,,,,,1,2,,1,,,,,,,,,,8,,2,10,,,,,,,,5,,,,3,,,,,1,1,,,,,,1,9,,,1,,1,,1,
HfIRB3HRHvk,307 BHAKTAPUR,307,,1,,,,2,,,,,,2,,,,,,1,,,,,,,1,1,,,,,,1,1,,,,4,,,1,9,,,,,3,,,,,,2,,1,2,3,,,2,1,1,,,18,,,1,1,1,,,,1,1,2,,,,,,,,,,,1,,,,,,,,,1,,1,3,2,,,,5,1,,,,,1,,1,,,1,,3,,1,,1,,,2,,,2,,,1,
JXNsFanZyrp,60805 Tribeni Rural Municipality,60805,,,,,,,,,,,,,,,,1,,,,,,,,,,1,,,,,,,,,,,,,,,1,,,,,,,,,,,,,,,1,,,,,,,,,,,,,,,,,,1,,,,,,,,,,,,,,,,,,,,,,,,,,,,,,,,,,,,,,,,,,,,,,,,,,,,,,,,
Wx8c91bQTKe,10401 Chishankhu Gadhi Rural Municipality,10401,,,,,,,,,,,,,,,,,,,,,,,,,,,,,,,,,1,,,,,,,,,,,,,,,,,,,,,,,,,,,,,,,,,,,,,,,,,,,,,,,,,1,,,,,,,,,,,,,,,,,,,,,,,,,,,,,,,,,,,,,,,,,,,,,,,,
ZjTMit6BH52,61001 Simta Rural Municipality,61001,,,,,,,,,,,,,,,,1,,,,,,,,,,,,,1,,,,,,,,,,,,,,,,,,,,,,,,,,,,,,,1,,,,,,,,,,,,,,,,,,,,,,,1,,,,,,,,,,,,,,,,,,,,,,,,,,,,,,,,,,,,,,,,,,,,,,,
PWXmspiItoE,60305 Sarkegad Rural Municipality,60305,,,,,,,,,,,,,,,2,,,,,,,,,,,,,,1,,,,,,,,,,,,,,,,,,,,,,,,,,,,,,,,,,,,,,,,,,,,,,,,,,,,,,,,,,,,,,,,,,,,,,,,1,,,,,,,,1,,,,,,,,,,,,,,,,,,,,,
ReAGX6NhTe1,30512 Kakani Rural Municipality,30512,,4,,,,,,,,,,,1,,,,,1,1,,,,,,,,,,,,,1,1,,,,,,,,,2,1,2,,,,,,,,,,1,,,,,,,1,,,,,,,,1,,,,,,,,,,,,1,,,1,,,,,,,,2,,1,,,1,,,,,,,,,,,,,,,,,,,,,,,,,,,1,,,,,,
kkBHXOIpD2O,20309 Sabaila Municipality,20309,,,,,,,,,,,,,,,,,,,,,,,,,,,,,,,,,,,,,,,,,,,,,,,,,,,,,,,,,,,,,,,,,,,,,,,,,,,,,,,,,,,,,,,,,,,,,,,,,,,,,,,,,,,,,,,,,,,,,,,,,,,,1,,,,,,
EfOP3rwkan2,20504 Barahathawa Municipality,20504,,13,6,,2,19,,,3,7,,,,5,3,13,,,,2,4,7,,,3,9,,5,20,10,1,,21,,,5,,,,7,,,,9,,,14,,3,,11,9,,35,14,16,,26,18,14,,,13,,,,9,,12,,,,21,,5,,,5,1,8,,9,,,5,14,,4,10,20,8,26,,11,4,27,27,,3,,6,,,,10,7,,15,7,10,,,,,8,,10,,1,2,,,,17,,,,,5,
MC8LYtFGC0z,41104 Tamankhola Rural Municipality,41104,,,,,,3,,,,,,,,,,,,,,,,1,,,,,,,,,,,,,,,2,,,,3,,,,2,1,,,,,,,,1,1,,1,1,,,,2,,,,,1,,,,,,,1,,,,,,,,,2,1,1,,,,,,,2,,2,,,2,,,,,,,,1,,,2,,,,,,,,1,,,,,,,1,,,,,,,
uyBa1m2x09F,40305 Thasang Rural Municipality,40305,,,,,,,,,,,,1,,,,,,,,,,,1,,,,,,,,,,,,,,,,,,,,,,1,,,,,,,,,,,1,,,,,,,,,,1,,,,,,,,,,,,,,,,,,1,,,,,,,,,,,,1,,,,,,,,,,,,,,,,,,,,,,,,,,,,,,,,,,
cp9IiyIrpjA,10803 Menchhayayem Rural Municipality,10803,,,,,,,,,,,,,,,,,,,,,,,,,,,,,,,,,1,,,,,1,,,1,,,,,2,,,,,1,,,,,,,,,,,,,,,,,1,,,,,,1,,,,,,,,,1,1,,,,,,,,,,1,,,1,,,,,,,,,,,1,,,,,,,,,,,,,,,,1,,,1,,,
KIBbwbvjwaR,31307 Madi Municipality,31307,,5,2,6,,10,,,,5,1,14,25,7,,4,27,18,1,,,2,,4,,6,8,,6,6,,9,5,,,,3,3,,,12,14,11,3,11,9,7,,5,12,4,4,10,5,9,13,5,16,5,6,,13,5,,,4,11,30,19,4,3,,20,9,,10,,4,,1,14,5,10,7,,28,,,3,7,2,,,12,,27,13,,,8,2,2,6,2,1,,1,2,14,4,1,,1,12,2,9,,,3,,14,,6,11,,10,6,4,,7
P53hVYydxdc,607 JAJARKOT,607,,20,,1,1,5,1,,2,8,,9,1,1,,3,1,2,,,,1,,1,,,,,3,2,,1,2,2,,,2,3,,,9,1,2,,2,8,3,,,,3,2,,4,1,4,,,2,,7,1,3,,5,2,2,1,3,,,,15,5,3,,,,,1,,,1,1,,15,,,3,3,3,,,,,2,,,,,1,,,5,1,,,2,,,,,,,1,,,,,,,,,2,,1,,,,
hasbXH0dTqM,106 BHOJPUR,106,,6,1,,1,4,1,,,,1,1,6,1,,4,7,10,1,,,,4,,,,,,3,1,,3,4,,,1,12,,,1,20,6,2,2,6,3,7,,,6,2,6,,4,3,6,5,3,2,7,7,3,3,,,,1,5,2,,,,5,7,,,,1,,1,1,,,5,17,3,,,1,2,,5,,4,,,7,,,,,,4,,,,,4,15,,,,1,6,,4,,1,2,1,11,,3,6,1,5,8,,,
ZkUs4cVAgqm,40704 Shuklagandaki Municipality,40704,,,,,,12,3,2,,,,,1,,,,6,2,2,,,13,2,,,,,,9,,,,2,,2,,,1,,1,,5,,,,5,3,,,,4,,2,,24,2,,,32,2,6,,1,,,4,,3,2,,,,,,1,2,2,,,,3,,2,1,,,,1,,1,8,,2,1,,2,,,,3,1,2,,,1,,,2,,,,2,1,5,1,,,,,,4,2,1,2,,7,,2,5,
txapzBqXqYv,11216 Dhanapalthan Rural Municipality,11216,,,,,,,,,,,,,,,,,,,,,,1,,,,,,,,,,,,,,,,,,,,,,,,,,,,,,,,,,,,,,,,,,,,,,,,,,,,,,,,,,,,,,,,,,,,,,,,,,,,,,,,,,,,,,,,,,,,,,,,,,,,,,,,,,,,
bWmwn3sMsG0,506 PALPA,506,,44,5,25,,65,2,2,,23,2,7,34,18,,67,50,78,17,,3,20,47,4,,46,1,,56,2,,67,63,43,4,,55,2,,,180,73,1,23,65,47,51,1,2,37,12,24,,41,54,28,58,23,30,48,90,66,41,10,1,17,54,27,60,2,3,,38,56,3,8,1,3,,12,27,22,73,76,1,38,,,5,32,15,41,3,60,5,62,4,3,1,1,8,,95,4,16,10,2,52,16,5,2,1,12,68,1,33,,23,9,2,34,3,19,48,2,76,42,1,,29
RSAZqrdfXy5,708 KAILALI,708,,,,,,2,,3,,,,,8,2,,3,17,30,18,,,1,12,,6,,1,,,,,3,1,3,3,,,,1,,25,10,1,8,,15,,,,,3,,,3,2,1,,15,,17,1,1,,,1,12,1,18,,1,,,,19,,2,1,3,,,5,3,,1,25,,,,,1,,16,,12,,,,,13,,1,,1,,,,,1,3,,,,,27,3,,,3,,,32,,,1,9,33,16,1,,
yWuhof8ZxbV,40808 Binayi Tribeni Rural Municipality,40808,,27,18,,4,63,,,2,,,83,,33,19,33,,,,16,25,17,,11,10,,,,64,39,,73,22,39,,2,58,8,,5,186,,41,21,,59,,,,,62,,,34,48,49,,37,55,59,59,,43,,,1,57,,64,,21,15,2,65,,,,9,,,,32,,,6,,,1,21,,14,83,,,28,,73,5,5,,22,3,97,23,,,,46,,,9,,,,5,,1,19,,,,,25,,,,,,38,
mlsVdmg9h5Q,50606 Ribdikot Rural Municipality,50606,,,,,,,,,,,,,,,,,,,,,,,,,,,,,,,,,,,,,,,,,,,,,,,,,,,,,,,,,,,,,,,,,,,,,,,,,,,,,,,,,,,,,,,,,,,,,,,,,1,,,,,,1,,,,,,,,,,,,,,,,,,1,,,,,,,,,
xRUd1elou25,10109 Sidingba Rural Municipality,10109,,,1,,,,,,,,,,,,,,,,,,,,,,,,,,1,,,,,,,,,,,,,,,,,,,,,,,,,,,,1,,,,,,,,,,,,,,,,,,,,,6,,,,,,1,,,,,1,1,,,,1,,,,,,,,,,,,,,,,,,,,,,,,,,,,,,,,,,,,
PdRpVxkVd9a,511 BANKE,511,,,,,,,,,,,,,,,,6,,,,,,,,,,,,,1,,,8,,9,,,12,,,,21,,3,,,15,,,,,,,,,,2,,,,,22,,,,,,11,,,,,,,,,,,,,,,,,,,,,,1,,,,,,,1,38,,,,,,16,3,,,,,,,,,,,,,,,,,,,5,3,,,,,1,
WObZearD2p5,40708 Devghat Rural Municipality,40708,,,,,,,,,,,,2,,,,,,,,,,,,,,,,,,,,,,,,,,,,,,1,,,,1,,,,,,,,,,4,,,,,,,,,,,,,,,,,,,,,,,,,,,,,,,,,,,,,,,,,,,,,,,,,,,,,,,,,,,,,,,,,,,,,,,,,,
gvkv2hCpAS3,51003 Tulsipur Sub-Metropolitan City,51003,,21,1,,1,42,,,1,,,45,,10,,24,,,,1,6,16,,1,,,,,27,7,,30,22,,,,,2,,,,,1,8,,37,,,,,27,,,18,1,14,,26,13,55,21,,11,,,,20,,32,,3,2,,,,,,,,,,5,,,3,,,1,5,,8,44,,,12,,38,,1,,1,,63,,,,,15,,,,,,,,,,,,,,,19,,,1,,,11,
nJjfVfRRwiA,70410 Sigas Rural Municipality,70410,,,,,,,,,,1,,,,,,,,,,,,,,,,,,,,,,,,,,,,,,,,,,,,,,,,,,,,,,,,2,,1,,,,,,,,,,,,,,,,,,,,,,,,,,,,,,,,,,1,,,,,,,,,,,,,,2,,,,,,1,,,,,,,1,,,,,,,,,
KTRG2BvU2aN,30305 Naukunda Rural Municipality,30305,,,,,1,,,,,,,,,,,,,,,,,,,,,,,,1,,,1,,,,,1,,,,3,,,,,1,,,,,,1,,1,,,,,,,,,,,,,,,,,,,,2,,,,,,,,,,,,,,,,,,,,,,,,,,,,,1,,,,,,,,,,,,,,1,,,,,,,,,,,,,
YSlivU7ElaL,41005 Mahashila Rural Municipality,41005,,2,,,,3,,,,,,,,1,,1,,1,,,,,,,,,2,,,,,1,,,,,,,,,1,1,,1,,,1,,,1,,,,1,3,,1,1,,2,,1,1,,,,,1,,,,,1,1,,,,1,,,,,2,1,,,,,,1,,1,,,,,1,,,,,,1,,3,,,1,,,,,,1,,2,,,,,2,,1,,,1,,,,
XeUjDTr86BB,30602 Kageshwori Manahara Municipality,30602,,,,,,2,,,,,,,,,2,,,,,,,,,,,,,,,,,,,,,,,,,,,,,,,,,,,,,,,,,,,,,1,2,,,,,,,,,,33,,,,,,,,,,,1,,,,,,,,,,,,,,,1,,,,,,,,,,,,1,,,,,,,,,,,,,,1,,,,,,,
CPAdGKO7IuX,40701 Bhanu Municipality,40701,,3,,,,1,3,5,,,,1,9,,,4,3,5,4,,,,6,,,,,,5,1,,1,1,,4,,3,,,,41,5,,1,4,,4,2,,,,,3,5,,,,4,,1,1,1,,,,,2,6,,,1,,,,,7,,,,,4,,,2,,,,,,4,,3,7,2,6,3,,18,,5,,,,,,,,2,2,,,5,,8,2,,,20,,,5,,6,1,,5,,3,,
dIazHm6ngNe,31302 Kalika Municipality,31302,,,,,,,,,,,,,,,,2,,,,,1,,,,1,,,,,,,,,2,,,,,,,2,,,,,,,,,,,,,,,,,1,,1,,,,,,,,,,,1,,,,,,,,,,,,,1,1,,,,,,,1,,,1,,,,,,,,,,,,,,,1,,1,,,,,,,,,,,,,,,,,,
OGBAz1Z7iE9,60407 Tila Rural Municipality,60407,,,,,,2,,,,,,,,,,,,,,,,,,,,,,,,,,,,,,,,,,,,,,,,,,,,,,,,,,,,,,,,,,,,,,,,,,,,,,,,,,,,,,,,,,,,,,,,,,,,,,,,,,,,,,,,,,,,,,,,,,,,,,,,,,,,
fxxVxM4Dznm,20803 Jagarnathpur Rural Municipality,20803,,,,,,,,,,,,,,,,,,,,,,,,,,,,,,,,,,,,,,,,,,,,,,,,,,,,,,,,,,,,,,,,,,,,,,,,,,,,,,,,,,,,,,,,,,,,,,,,,,,,,,,,,,,,,,,,,,,,,,,,,,,,1,,,,,,
if6E8fKPpZJ,60904 Siddha Kumakh Rural Municipality,60904,,,,,,,,,,,,,,,,,,,,,,,,,,,,,,,,,,,,,,,,,,,,,,,,,,,,,,,,,,,,,,,,,,,,,,,,,,,,,,,,,,,,,,,,,,,,,,,,1,,,,,,,,,,,,,,,,,,1,,,,,,,,,,,,,,,,
q1noskqyYet,20205 Karjanha Municipality,20205,,,,,,,,,,,,,,,,,,,,,1,,,,,,,,,,,,,,,5,,,,,,,,,,5,,,,,,,,2,,,,3,,,,,,,,,,,,,,,,,,,,5,,,,4,,,,,,2,4,,,,,,,,,,3,,,,,3,,,,,1,,,,,,,,,,,,,,,,,,,,2,
dVjrEKQVAjU,11002 Sandakpur Rural Municipality,11002,,,,,,,,,,,,,,,,,,,,,,,,,,,,,,,,,,,,,,,,,,,,,,,1,,,,,,,,,,,,,,,1,,,,,,,,,,,,,,,,,,,,,,,,,,,,,,,,,,,,,,,,,,,,,,,,,,,,,,,,,,,,,,,,,,,,
rA6JEBcbzki,50811 Siddharthanagar Municipality,50811,,127,,,3,210,,,8,,,186,,83,,,,,,22,,79,,17,,45,,,98,103,3,273,91,,,,,34,,,,,98,65,,,,,11,,156,19,,95,120,,,,109,2,,,,,11,,,,,,,13,,,19,,,,,,,,,110,,,1,,,66,69,,,,,,214,,,,,6,,,32,,1,175,,22,,,,,21,,,,24,,,,,,,,,,37,
G58bwGWfyhX,10701 Mahalaxmi Municipality,10701,,,,,,,,,,1,,,,,,,,2,,,,,,,,,,,,,,,,,,,,,,,,,,,2,,,,,1,,,,,,,1,,,,,,,,,,,,,,,,,,,,,,,,,,1,4,,,,,,,,,,,,,,,,,,,,,,1,,,,,,,,,,,,,,,,,,1,,1,,,,
BITtrV4c0xf,608 RUKUM WEST,608,,11,1,1,,2,,,,,2,19,1,2,,23,3,9,3,,,3,6,,,1,,2,14,,,5,5,11,2,,7,,4,,43,5,3,,10,19,7,,,4,6,9,,11,7,4,5,4,1,9,25,7,3,,1,,3,,2,3,,,1,21,,,,,3,3,3,1,10,11,,,,,,,,4,,5,2,12,4,1,,,,,3,,3,,,19,5,1,,,,7,,4,,3,,,8,,3,8,,6,,,,5
MGHrhNDK1Un,70609 Jorayal Rural Municipality,70609,,,,,,,,,,,,,,,,,,,,,,,,,,,,,,,,,,,,,1,,,,1,,,,3,1,,,,,,,,,,,,,,,,,,,,,,,,,,,,,,,,,,,,,,,,,,,,,,,,,,,,,,,,,,,,,,,,,,,,,,,,,,,,,1,,,,,,,
A4ASYhangp4,40405 Mangala Rural Municipality,40405,,,,,,,,,,,,1,,,,1,,1,,,,1,,,,,,,1,,,2,1,,,,2,,,,2,,,,1,2,,,,1,2,,,1,1,1,,,,,1,1,,,,,,,5,,,,1,,,,,,,1,,,,1,,,,,,2,,2,,1,,1,3,,,,,,3,,1,,,1,,,,,,,,2,,,,,,1,,1,,2,,,,
lIDmub972Qv,31108 Marin Rural Municipality,31108,,3,,,,,,,,,,,,,,1,,,,,,1,1,,,,,,,,,10,,,,,,,,,1,,2,,,,1,,,,3,2,,,,,,,,,,,,1,,,,,,,,,,1,,,,,,1,1,,,,,,,,,,,,,,,,3,,,,,,,,,,,2,,,,,,2,,,,,,,,1,,,,,,,,
xGQwwqLQ819,502 ROLPA,502,,15,,3,,4,,,,1,,33,3,,,20,1,2,2,1,,,7,,,1,,1,15,2,3,9,14,2,,1,10,,,,19,3,8,6,8,3,2,1,,2,15,7,,15,6,12,3,1,4,7,14,6,2,,,,2,1,9,1,,,9,4,,,,,,,,2,10,7,,1,1,,1,2,1,6,,4,2,4,5,,,,1,1,15,1,,,,61,2,,,,5,3,1,4,,3,,,1,,2,7,,5,1,,5,
oiPoxEsEVm5,11206 Kanepokhari Rural Municipality,11206,,,,,,,,,,,,,,,,,,,,,1,,,,,,,,,,,,,,,,,,,,,,,,,,,,,,,,,,,,,,,,,,,,,,,,,,,,,,,,,,,,,,,,,,,,,,,,,,,,,,,,,,,,,,,,,,,,,,,,,,,,,,,,,,,,,
URrTfccviIx,20617 Gaur Municipality,20617,,,,,,,,13,,20,,,,,,,,39,20,,,,27,,,,,,,,,,,,,,,,,,,,,,,,20,,,19,,,,,,,,,,,,28,,21,,,,,,,,,,,,,,,,1,,,,,,1,,,,,,,,,,,,,,,,,,,,,,,,,,,35,,,37,,,,,,,,,,29,29,,,42
DrH1J7KIk4g,10407 Sunkoshi Rural Municipality,10407,,,,,,,,,,,,,,,,,,,,,,,,,,,,,1,,,,,,,,1,,,,1,,,,,,,,,1,,,,,,,,2,2,,,,,,,,,,,,,,,,,,,,,,,,,1,,,,,,,,,,,,,1,,,,,,,,,,,,,,,,,,,,,,,,,,,,,,,,,
dXlL4KSKWt8,50307 Mallarani Rural Municipality,50307,,,,,,,,,,,,,,,,1,,,,,,,,,,2,,,,1,,,,,,,,,,,,,,,,,1,,,,3,,,1,,,,,,4,1,,1,,,,,,,,,,,,,,,,,,,1,,,,,,,,,,,,,,,,,,,,,,,,,,,,,,,,1,,,,,,,,,,,,,,,,
tUOPTUihUk9,70107 Khaptad Chhededaha Rural Municipality,70107,,,,,,,,,,,,,,,,,,,,,,,,,,,,,,,,1,1,,,,,,,,,,,,1,,,,,,,,,,,,,,,,,,,,,,,,,,,,1,,,,,,,,,,,,,,,,,,,,,,,,,,,,,,,,,,,1,,,,,,,,,,,,,,,,,,,,,,
RVc3XoVoNRf,1 Koshi Province,1,,228,51,33,16,269,8,22,16,51,1,375,50,96,105,352,70,75,30,117,117,143,74,54,25,29,14,20,240,174,6,226,161,57,20,2,270,83,2,51,977,87,300,118,129,254,108,2,12,101,374,82,3,243,272,174,68,147,171,532,407,270,152,14,9,26,187,47,1214,13,86,141,146,428,35,45,11,53,4,25,44,164,83,156,55,98,15,22,77,77,95,462,4,90,86,74,274,93,33,6,110,14,306,61,24,33,12,163,75,20,29,6,56,96,41,87,54,129,14,13,76,4,240,137,11,142,96,3,348,28
e6uMoYPaXg3,51009 Gadhawa Rural Municipality,51009,,,,,,48,,,6,,,36,,15,9,40,,1,,5,,24,,5,,,,,30,18,,30,,21,,,32,5,,1,101,,18,,,36,,,,,,,,,31,13,,,17,36,31,,21,,,,25,,54,,1,,,38,,,,4,,,,12,1,,1,,,,6,,,71,,,17,,39,1,2,,,,39,3,,,,31,,,,,,,,,,9,,,,,30,,,,,,1,
xpZx5iZTcmp,10702 Pakhribas Municipality,10702,,1,,,,,,,,,,,,,,,,,,,,,,,,,,,,,,,,,,,,,,,,,,,,,,,,,,,,,,,,,,,,,,,,,,,2,,,,,,,,,,,,,,,,,,,,,1,,,,,,,,,,,,,,,,,,1,,,,,,,,,,,1,,,,,,,,,,,
QAvh6PqC9ao,70811 Bhajani Municipality,70811,,,,,,,,,,,,,,,,,,,,,,,,,,,,,,,,,,1,,,,,,,1,,,,,,,,,,,,,,,1,,,,,,,,,,,,,,,,,,,,,,,,,,,,,,,,,,,,,,12,,,,,,,,,,,,,,,,,,,,,,,,,,,,,,1,,,,,,
MhMpfcsUjqo,30411 Galchhi Rural Municipality,30411,,3,,,,,,,,,,3,,2,,9,,1,,1,,,1,,,,,,2,6,,,1,1,,,,,,1,3,,,,,,,,,,4,2,1,,,,1,2,1,3,2,,,,,,,,3,,1,,,2,,,,1,,,,2,3,,,,,,1,,,,1,2,,,,,,,,,2,,,,,1,3,,,,,1,,,,,,,,,2,,,,,,,
My9JVu4tB1f,20102 Kanchanrup Municipality,20102,,,,,,24,7,5,2,,,17,,7,3,18,1,8,14,3,12,16,14,1,1,,,,2,3,,1,,,5,,31,9,6,5,65,,14,,,19,,,,8,14,,5,,16,11,6,16,15,7,18,,,,1,15,6,34,,6,7,5,,34,3,5,6,1,,,,1,5,,,,,1,8,,3,17,,,13,,34,,3,6,,,25,4,,,,12,,,,6,,12,,,1,,,,11,,15,6,,,8,5,12,
eHA15T4IKX4,70803 Godawari Municipality,70803,,,,,,,,,,,,,,,,,3,,,,,1,,,,,,,,,,,,,,,,,,,,,,,,,,,,,,,,,2,,,,,,1,,,,1,,,,,,,,,,,,,,,,,,,,,,,,,,,,,,,,,,,,1,,,,,,,1,,,,,,,,,,,,,,,,,,,,,,
Jit4hXPt6dE,10903 Falelung Rural Municipality,10903,,,,,,,,,,,,,,,,,,,,,,,1,,,,,,,,,,,,,,,,,,,,,,,,,,,,,1,,,1,,,,,,,1,,,,,,,,,,,,,,,,,,,,,,,,,,,,,,,,,,,,,,,,,,,,,,,,,,,,,,,,,,,,,,,,1,,,,
PbnmyAhSXvo,70801 Mohanyal Rural Municipality,70801,,,,,,,,,,,,,,,,,,,,,,,,,,,,,,,,,1,,,,,,,,,,,8,,,,,,,,,,,,,,,,,,,,,,,,,,,,,,,,,,,,,,,,1,,,,,,,,,,,,,,,,,,,,,,,,,,,,,,,,,,,,,,,,,,,,,,
dLEIDoJr160,50910 Shuddhodhan Rural Municipality,50910,,,,,,,,,,,,,,,,,,,,,,,,,,,,,,,,,,,,,,,,,,,,,,,,,,,,,,,,,,,,,,,,,,,,,,,,,,,,,,,,,,,,,,,,,,,,,,,,,,,,,,,,,,,,,,,,,,,,,,,,,,,,,,1,,,,
EmYULdguYAk,40504 Pokhara Metropolitan City,40504,,81,5,,2,26,,23,,16,,,39,9,,6,26,67,22,,16,4,61,,,15,6,,67,,3,2,50,10,7,,9,5,,26,43,43,25,43,5,,67,4,3,43,13,64,,32,60,,54,23,21,6,1,52,18,,,4,1,7,29,4,11,17,69,14,,14,1,,4,15,22,,51,54,,35,12,,1,45,2,30,2,94,6,125,1,,14,1,2,11,1,,6,5,1,57,51,1,9,,6,42,9,1,,10,1,3,19,,,80,3,39,23,,6,9
ON8h8G5JK6h,60806 Chaurjahari Municipality,60806,,4,1,,,,,,,,,13,,2,,21,1,8,,,,,4,,,,,,1,,,3,,2,2,,4,,4,,10,4,,,,14,,,,3,,7,,5,,2,,,,,21,2,1,,,,,,,3,,,1,4,,,,,,,3,,,8,,,,,,,,2,,1,,6,,,,,,,,,2,,,3,2,1,,,,7,,2,,,,,5,,,2,,,,,,5
Sh9Sx2iLNjY,30609 Kirtipur Municipality,30609,,,,,,,,,,,,2,,,,,,,,,,,,,,,,,,,,,,,,,,,,,1,,,,,1,,,,,,,1,,,1,,,,1,,,,,,,,,,,,,,,,,,,,,,,,,,,,,,,,1,,1,,,,1,,,,,,,,,,2,,,,,,,,,,,,,,,,,,1,,,,
E3jE9arhqvd,60903 Banagad Kupinde Municipality,60903,,,,,,,,,,,,,,,,,,,,,,,,,,,,,,,,,,,,,,,,,,1,,,,,,,,,,,,,,,,,,,,,,,,,1,,,,,,,,,,,,,,,,,,,,,,,,,,,,,,1,,,,,,,,,,,,,,,,,,,,,,,,,,,,,,,,,
DVMRpMuFczl,11207 Pathari Shanishchare Municipality,11207,,,,,,,,,,,,,,,,,,,,,,,,,1,,,,,,,,,,,,,,,,,,,,,,,,,,,,,,,,,,,,,,,,,,,,,,,,,,,,,,,,,,,,,2,,,,,,,,,,,,,,,,,,,,,,,,,,,,,,,,,,,,,,,,,,,,
WTMxLUaucNm,70904 Bhimdatta Municipality,70904,,,,,,,,,,,,,,,,,,,,,,,,,,,,,,,,,,,,,,,,,,,,,,,,,,,,,,,,,,,,,,,,,,,12,,,,,,,,,,,,,,,,,,,,,,,,,,,,,,,,,,,,,,,,,,,,,,,,,,,,,,,,,,,,,,,
AWIh6Khl1v3,61003 Lekabeshi Municipality,61003,,,,,,2,,,,,,,,,,,,,,,,,,,,,,,,,,1,,,,,,,,,,,,,1,1,,,,,,,,,,,,,,,1,1,,,,,,,,,,,,,,,,,,,,,1,,,,,,,,,,,,,,,,,,,,,,,,,,,,,,,,,,,,,,,,,,,,,,1,
GUiARD69vqI,31208 Makawanpurgadhi Rural Municipality,31208,,1,,,,,,,,,,1,,,,,,,,,,,,,,,,,,,,1,,1,,,,,,,1,,,,1,,1,,,,,,,,,1,,1,1,,,,,,,,,,,,,,,,,,,,,,,,,,,,,,1,,,,,,,,1,,,,,,1,,,,,1,1,,,,,,,,,,,,,,,,,,,,1,
xPU2FhwKsRf,10901 Yangbarak Rural Municipality,10901,,,,,,,,,,,,,,,,,,1,,,,,,,,,,,,,,,,,,,,,,,1,,,,,,,,,,,,,,,,,,,2,1,1,,,,,,,,,,,,1,,,,,,,,,,,,,,,,,,,,,,,,,,,,,,,,,,,,,,,,,,,,,,,,,,,,1,,,,
Bttts23FIp4,30604 Budhanilkhantha Municipality,30604,,,,,,,,,,,,,,,,,,,,,,,,,,,,,,,,,,,,,,,,,,,,,,,,,,,,,,,,,,,,,,,,,,,,,,,,,,,,,,,,,,,1,,,1,,,,,,,,,,,,,,,,1,,,,,1,,,,,,,,2,,,,,,,,,,,,1,,,
QaGifEG44bz,30302 Aamachhodingmo Rural Municipality,30302,,,,,,,,,,,,,,,,,,,,,,,,,,,,,,,,1,,,,,,,,,,,,,,,,,,,,,,,,,,,,1,,,,,,,,,2,,,,,,,,,,,,,,,,,,,,,,,,,,,,,,,,,,,,,,,,,,,,,,,,,,,,1,,,,,,,,,
A59slhEIrcI,20612 Paroha Municipality,20612,,,,,,,,,,,,,,,,,,,,,,,,1,,,,,,,,,,1,,,3,,,,5,,,,,,,,,,,,,,,,,,,,,,,,,,,,,,,,,,,,,,,,,,,,,,,,,,,,,,,,,,,,,,,,,,,,,,,,,,,,,1,,,,,,,,,,,,
PUPCyKcUwlS,201 SAPTARI,201,,1,,3,30,31,7,5,2,3,,20,,7,12,18,4,8,14,10,12,23,14,31,1,,,,2,3,,26,,,5,9,31,9,6,5,65,,19,,,19,,,,171,39,,5,,16,11,379,16,19,7,18,,2,,1,15,15,37,,6,67,30,,34,3,10,6,1,,,,81,11,,,,,4,8,,3,17,,,13,,118,,8,6,2,,25,9,,,,12,,,,6,,18,,,8,,,,18,,15,6,,,8,5,39,158
UwdMA5hDFCB,70109 Tribeni Municipality,70109,,,,,,,,,,,,,,,,,,,,,,,,,,,,,,,,,,,,,1,,,,1,,,,,,,,,,,,,,,1,,,,,,,,,,,,,,,,,,,,,,,,,,,1,,,,,,,,,,,,,,,,,,,,,,,,,,,,,,,,,,,,,,,,,,,,,,,
of5txBWqdOE,30912 Mahabharat Rural Municipality,30912,,1,,,,,,,,,,1,,,1,4,,,,,,,,,,,,,,,,,,,,,,,,,,,1,,,,1,,,,,1,,,,1,,,,2,,1,1,,,,,,1,,,,1,,,,,,,,,,,,,,,,,,,,,1,,1,1,,,,,,,,,,,,,,,,,,,,2,,,,,,,1,,,,,,
kG2N6Qdbgyh,30208 Balephi Rural Municipality,30208,,1,,1,,,,,,,,,1,,,,,,,18,,,,,,1,,,,,,1,,,,,2,,,,2,,2,,2,,1,,,,,,,1,,,,1,,1,,2,,,,,,,,,,,,,,,,,,,,,,1,,,,,,1,,,,,,,1,,,,,,1,,,,,,,,,,,1,,,,,,,4,,2,,,,,,,
zhcnfhX1HNv,70608 Badi Kedar Rural Municipality,70608,,,,,,,,,,,,,,,,,,,,,,,,,,,,,,,,,,,,,,,,,,,,,,,,,,,,,,,,,,,,1,1,,,,,,,,,,,,,,,,,,,,,,,,,,,,,,,,,,,2,,,,,,,,,,,,,,,,,,,,,,,,,,,,1,,,,,,
sYffyMFZFcY,40909 Walling Municipality,40909,,36,5,8,,14,,1,,3,,40,4,3,3,3,1,33,12,,2,,27,,,20,1,,14,6,,18,20,5,,,23,,,,42,31,14,5,26,11,9,,,21,36,9,,10,24,4,30,16,8,13,19,13,9,3,,3,23,9,11,,3,,11,12,2,,,,,3,9,3,32,33,,7,,,7,26,3,24,1,14,7,25,11,,,,4,,16,,1,,,16,10,,1,,13,4,1,18,,2,,,4,,4,19,,42,21,,2,1
lfvPvTzR3Kt,60802 Sanibheri Rural Municipality,60802,,2,,,,2,,,,,,2,,,,,,,,,,,,,,,,,1,,,1,2,,,,,,,,,,1,,,2,1,,,1,1,,,,,,,3,,7,2,1,,,,,1,,1,,,,,,,,,,,,,1,,,,,,,,,,2,,,1,,1,,,,,,1,,,,,2,3,,,,,,,,,,,,,,3,,,2,,,,
REamYQDDc8L,20113 Rajbiraj Municipality,20113,,,,,30,,,,,,,3,,,9,,,,,7,,,,30,,,,,,,,25,,,,9,,,,,,,5,,,,,,,163,25,,,,,,,,,,,,,,,,9,,,,,25,,,,,,,,,,80,,,,,,3,,,,,,,,,83,,5,,,,,5,,,,,,,,,,,,,7,,,,,,,,,,,,27,155
YnUoe8z0OJY,401 GORKHA,401,,24,2,14,,18,3,,,2,,13,16,3,5,15,15,9,2,,2,2,9,,,4,8,,10,10,,13,3,5,3,,12,,,,34,22,10,3,5,13,6,,,5,3,12,,14,20,5,5,1,4,13,6,12,12,1,,5,11,4,16,1,,1,11,14,3,2,,,,4,11,3,14,13,,15,,,1,10,,5,2,13,11,14,24,1,,,1,,24,,3,2,1,9,32,2,1,,,13,,12,,2,2,,14,,5,13,,13,5,,,1
aCFDSXlmccd,10301 Khumbu Pasanglhamu Rural Municipality,10301,,,,,,,,,,,,,,,,,,,,,,,,,,,,,,,,1,,,,,,,,,,,,,,,,,,,,,,,,,,,,,,,,,,,,,,,,,,,,,,,,,,,,,,,,,,,,,,,,,,,,,,,3,,,,,,,,,,,,,,,,,,,,1,,,,,,,
RXyOlRFs3Ft,30205 Melamchi Municipality,30205,,,1,,,1,,,,,,2,,,,,1,,,,1,1,,,1,,,,2,,,,3,,,,5,,2,,10,1,2,,1,8,,,,1,2,3,,,1,1,1,,1,1,1,,,1,,,3,,3,,,,,2,,,,,,,,,1,1,,1,,1,,1,,3,,,2,,1,,,,,,1,,1,,,,1,,,,1,,,,,3,,,,,2,2,,,1,,1,
N7ioObCpMP3,503 PYUTHAN,503,,3,,,,4,,,,,,5,2,,,1,,1,,,,,1,,,2,,,2,1,,3,1,10,,,19,,,,34,3,1,,1,2,1,,,,4,2,,3,1,,1,1,,8,2,5,1,,,2,2,,2,,,,3,1,,2,,,,,3,1,1,4,,1,,,,1,,87,,1,,5,1,1,,,,,2,,1,,,2,1,,,,,1,,3,,3,,,4,,,6,,3,,2,,
mMGyx6JG7wj,311 SINDHULI,311,,52,2,5,1,43,1,,,6,,45,13,11,18,56,18,8,5,,6,8,2,,2,4,,2,33,36,,74,33,36,,2,42,1,,3,176,5,27,25,13,60,17,,,6,52,53,,49,25,14,9,47,35,89,68,47,15,1,2,2,37,40,35,,3,2,24,74,,18,,1,,1,21,33,11,22,1,9,3,3,4,16,5,55,2,29,33,12,83,2,,,9,,65,,2,5,1,29,26,5,,,2,26,,25,3,22,,1,37,1,3,28,,8,4,,26,7
l8tZrJ55yzg,408 NAWALPARASI EAST,408,,66,19,1,4,110,3,2,2,6,,96,12,53,20,42,26,11,17,16,32,25,20,11,12,,,2,97,41,,110,47,72,6,4,98,8,1,8,314,35,51,43,5,122,19,1,2,4,73,9,,49,72,91,4,68,90,115,99,1,58,,,12,83,27,83,3,25,19,29,104,3,13,,14,,,25,38,4,29,9,1,,2,29,,17,135,2,3,42,30,101,7,5,5,22,3,132,35,24,6,,64,50,14,12,5,,20,10,,1,33,3,1,33,,48,3,,31,1,,40,1
IOHIfpVUJGp,301 DOLAKHA,301,,,,3,3,12,,,,3,,2,7,,3,7,11,10,3,3,,1,5,2,,,,,3,2,,2,4,9,,,4,1,,,21,9,3,,15,8,5,,2,12,12,10,,7,,2,8,2,2,5,3,6,3,,,,7,3,4,1,9,6,5,6,,5,,,,2,2,2,5,6,1,4,,,5,1,1,5,4,7,1,7,13,2,,,,,7,,2,4,,3,9,3,,,,3,,6,7,,,,7,,2,4,,10,9,,3,2
x9TFkDJyQbt,60907 Sharada Municipality,60907,,,,,,6,,,,,,,,3,,5,,,,,,3,,,,,,,5,,,,,4,,,4,,,,14,,6,,,1,,,,,18,,,,2,,,4,,1,,,,,,,,,5,,1,,,5,,,,,,,2,,,1,,,,,,,,,,,,,2,,,,,,,,,,,5,,,,,,,,,,1,,,,,,1,,,,,1,
T8quwYZYfsu,30401 Rubi Valley Rural Municipality,30401,,1,,,,1,,,,,,1,,,,,1,,,,,,,,,,,,2,,,3,,1,,,,,,,5,,,,,6,,,,2,1,1,,2,,1,3,2,2,1,1,,,,,,1,,1,,,,1,3,,,,,,,,,,,,,,,,2,,4,,,,,4,,,,,,2,,1,,,,2,,,,,2,,1,,1,,,2,,1,,,2,,,,
CfshIuUoZCa,40103 Barpak Sulikot Rural Municipality,40103,,2,,,,,,,,,,,,,,,,,,,,,,,,,,,2,,,,,,,,,,,,1,,,,,,,,,,,,,,1,1,1,,,1,,2,,,,1,,,2,,,,,1,,,,,,,,,2,1,,,,,,,,,,,,,1,,,,,,1,,,,,,,,,,,3,,,,,,,2,,,,,1,2,,,
Z4Qs1YyiL5j,20410 Manara Shisawa Municipality,20410,,,,,,,,,,,,,,,,,1,,,,,,,,,,,,,,,,,,1,,,,,,,1,,,,,,,,,,,,,,,,,,,,,,,,,,,,,,,,,,,,,,,,,,,,,,,,,,,,,,,,,,,,,,,,,,,,,,,,,,,,,,,1,,,,,,,,,
LHlCGNNM8nF,50803 Sainamaina Municipality,50803,,,,,,,,,,,,,,,,,,,,,,,,,,,,,,,,,,,,,1,,,,1,,,,,,,,,,,,,,,,,,,,,,,,,,,,,,,,1,,,,,,,,,,,,,,,,,,,,,1,,,,,,,,,,,,,,,,,,,,,,,,,,,,,,,,,,,,
od29axZQYBM,20709 Karaiyamai Rural Municipality,20709,,,,,,,,,,,,,,,,,,,,,,,,,,,,,,,,,,,,,,,,,,,,,,,,,,,,,,,,,,,,,,,,,,,,,1,,,,,,,,,,,,,,,,,,,,,,,,,,,,,,,,,,,,,,,,,,,,,,,,,,,,,,,,,,,,,
ZIo35uAAfZo,406 LAMJUNG,406,,6,,5,,12,6,2,,1,,5,12,4,11,2,15,20,2,1,1,9,5,,,3,2,,8,5,,9,5,21,2,,10,,,,42,50,6,,8,12,11,,,15,7,9,,8,11,2,7,5,9,10,7,14,4,,,1,29,5,3,,4,,15,10,,6,,,,3,33,3,20,8,,7,,,1,8,,19,,22,1,12,2,,,,4,,12,,7,,,8,6,,1,,5,16,1,14,,1,1,,16,,8,16,,18,13,1,1,6
yR30qKyaGd2,20601 Chandrapur Municipality,20601,,15,9,12,,,32,,11,,2,,63,,,,82,70,95,,,18,48,,,,13,,11,,,96,7,,38,7,,,,,15,107,,4,42,,20,,,,,30,,18,21,,32,,,,,25,12,,,146,60,155,15,,,,32,,,45,,3,,,57,5,43,160,,,4,,,,,,8,25,,42,,,,5,,,100,,,30,,11,46,19,4,6,42,64,,36,,15,,32,,2,,35,,149,,,,46
wqUu19NIUqZ,40902 Phedikhola Rural Municipality,40902,,,,,,,,,,,,,,,,1,,1,,,,,,,,,,,,,,,,,,,,,,,,,,,,,,,,,,1,,,,,,,,,,,1,,,,,,,,,,,,,,,,,,,,,,,,,,,,,,,,,2,,,,,,,2,,,,,,,,,,,,,,,,,,1,,,,,,,,,
buXxVwO9Yq6,51010 Rajpur Rural Municipality,51010,,,,,,,,,,,,,,,,,,,,,,,,,,,,,,,,,,,,,,,,,30,,,,,,,,,,,,,,,,,,,,,,,,,,,,,,,,,,,,,,,,,,,,,,,,,,,,,,,,1,16,,,,,,,,,,,,,,,,,,,,14,,,,,,,,,,,,
ItuhK7FfBhx,61006 Birendranagar Municipality,61006,,,,,,,,,,,,2,,,,,1,,,,,,,,,,,,,,,,,,,,,,,,,,,,,,,,,,,,,,1,,,,,,,1,,,,,,,,,,,,,,,,,,1,,,,,,,,,,,,,,3,,,,,,,,,,,,,,1,,,,,,,,1,,,,,1,,,3,,,,,,
seMsxiJS8sz,20402 Gaushala Municipality,20402,,,,,,,,,,,,,,,8,3,,,,,,,,,,,,,,,,2,,,,,,,,,,,,,,4,,,,,27,3,,,,2,,,,,3,,,,,,7,,,,1,5,,,,,,2,,,,5,,,,,,,4,,,,,4,1,,,,,,,,,2,,,,,3,,,,,,,,2,,,,,,,,,,,,7,
U4kYiiDNknr,31102 Phikkal Rural Municipality,31102,,,,,,,,,,,,,,,,1,,,,,,,,,,,,,,,,,,,,,,,,,,,,,,,,,,,2,,,,,,,,,1,,,,,,,1,,,,,,,,,,,1,,,,,,1,,,,,,,,,,,,,,,,,,,,,,,,,,,,,,,,,,,,,1,,,,,,,,,
c5xvFc10jWu,11115 Kachanakawal Rural Municipality,11115,,,,,,,,,4,,,42,,,,23,,,,17,,,,8,5,,,,41,19,,19,,,,1,,13,,2,68,,23,,,20,,,,,42,,,,34,13,,15,13,23,37,,,,,,11,,51,,7,8,,50,4,,,8,,,,7,,,,,,,6,,,27,,,8,,,9,6,,,,,6,,,,,,,,,,,,,2,9,,,,,18,,,,,,19,
ocZon5HzPOG,30903 Mandan Deupur Municipality,30903,,,,,,,,,,,,,,,,,,,,,,,,,,1,,,,,,1,,,,,,,,,,,,,,,,,,,,,,,,,,,,,,,,,,,1,,,,,,,,,,,,,,,,,,,,,,,,,,,,,,,,,,,,,,,,,,,,,,,,,,16,,,,,,6,,,1,,,,
DUyrbiuup9f,50812 Mayadevi Rural Municipality,50812,,,,,,,,,,,,,,,,1,,,,,,,,,,,,,,,,,,1,,,7,,,,8,,1,,,,,,,,,,,,1,,,1,1,,,,,,,,,,1,,,,,,,,,,,,,,,,,,,,,,,,,,1,,,,,,,,,,,,,,,,,,,,,,1,,,,,,,,,,,,,
KBOIBsIq9R7,50609 Mathagadhi Rural Municipality,50609,,1,,,,,,,,,,,,,,1,1,,,,,,1,,,,,,,,,,,,,,1,,,,2,1,,,1,,,,,,,,,,,,,,1,3,1,,3,,,,,2,2,,,,,1,,,,,,,,,,,,1,,,,,,1,,,1,,1,,,,,,1,,,1,,2,1,,,,,,,,,,1,,,,,,,1,,,,
dEtwSiS6KNj,70104 Swami Kartik Rural Municipality,70104,,,,,,,,,,,,,,,,,,,,,,,,,,,,,,,,,,1,,,1,,,,2,,,,,,,,,,,,,,,,2,,,,,,,,,1,,,,,,,,,,,,,,,,,,,,,,,,,,,,,,,,,,,,,,,,,,,,,,,,,,,,,,,,,,,,,,,,
t5SAADE3GA6,50905 Krishnanagar Municipality,50905,,,,3,,,,2,,,,,,,,,,19,16,,,,17,,,,,1,,,,,,,,,,,3,,,,,,6,2,,,,15,,,,,,,17,,,,,,,,,,,1,,,,,,,,,,,,,,,19,,,,,,,,,,,,,,1,,,,,,,,,,,,,,,,,,,,,,,,,,,,,3,,,,
NhzpDUmOnX1,50302 Naubahini Rural Municipality,50302,,,,,,1,,,,,,2,2,,,,,,,,,,,,,,,,,,,,,,,,,,,,,,,,,,,,,,,1,,,,,,1,,3,1,2,,,,,,,,,,,,,,2,,,,,,,,,,,,,,,,,,,,1,,,,,,,1,,,,,,,,,,,,,,,,,,,,,,,,,,,
bcA7xbjb8bV,10603 Tyamke Maiyum Rural Municipality,10603,,1,1,,,1,,,,,,1,,,,,2,2,,,,,,,,,,,,1,,,1,,,,,,,,2,1,2,1,,,3,,,3,,2,,2,1,,2,,,,2,,1,,,,,,2,,,,2,2,,,,1,,,,,,3,,1,,,,1,,1,,,,,1,,,,,,1,,,,,2,14,,,,1,,,1,,,,1,1,,,,,2,,,,
upTIN1Trha0,60609 Bhagawatimai Rural Municipality,60609,,,,,,,,,,,,,,,,,,,,,,1,,,,,,,,,,,,,,,,,,,2,1,,,1,,,,,,,,,,,1,,1,,2,3,,1,,,,,,1,,,,1,2,,,,,,,,,,,,1,,,1,,,2,,3,,2,,,,,,,2,,,,,,,,,,,,,,,,,,,,1,,,,,,,
VoOb1wMwKp0,110 ILAM,110,,,,,,1,,,,1,,,,,,4,,1,1,,5,,2,,7,,,,,1,,1,,,,,13,,,11,44,,,,,2,1,,,,,2,,1,,6,,6,,,3,1,,,,,,,,,,,2,18,,,,,,,1,,1,,,,,,,,,6,,,10,,1,13,,,,,,,,,,,,,,,,,,,8,,,,,,5,,,1,,,,
VcF5bn0dGEP,51002 Ghorahi Sub-Metropolitan City,51002,,,,,,,,,,,,,,,,,,,,,,,,,1,,,,,,,,,,,,,,,,,,,,,,,,,,,,,,,,,14,,,,,,,,,,,,,,,,,,,,,,,,,,,,,,,,,,12,,,,,,,,,,,,,,,,,,,,,,,1,,,,,,,,,,,,1,,,
eavdB3HKbSd,30906 Panchkhal Municipality,30906,,3,,,,1,,,,,,2,,1,,,2,1,1,,,,3,,,1,,,3,,,3,4,4,,,5,,,,12,,,,1,3,3,,,,,6,,1,2,,3,2,2,,3,,3,,,,2,,,,,,1,2,,,,,,,,2,,1,,,,,,,1,1,,1,3,3,1,,,,1,,,1,,1,,2,,,,,,1,,2,,1,,,1,,1,3,1,,,,,
TlXDFMCSr7E,41107 Badigad Rural Municipality,41107,,,,,,1,,,,1,,,,,,,,1,,,,,1,,,,,,,,,,,,,,,,,,,,,,,,,,,1,,1,,1,,,,1,,,,5,1,,,,,,,,,,2,,,,,,,,,,,2,,1,,,,,,,,2,,,,,,,,,,,,,,,,,,,1,,,,,,,,,,,2,,,1,,,
xZmHtrqwcH3,60605 Aathbis Municipality,60605,,,,,,,,,,,,,,,,,,,,,,,,,,,,,,,,,,,,,,,,,,,,,,,,,,,,,,,,,,,,1,24,,,,,,,,,,,,,,,,,,,,,,,,,,,,,,,,,,,,,,,,,,23,,,,,,,,,,,,,,,,,,,,,,,,,,,
FnQX929N8kc,60803 Banphikot Rural Municipality,60803,,,,,,,,,,,2,,1,,,,1,1,,,,,,,,,,,,,,,,,,,,,,,,,1,,,,1,,,,,,,1,,,2,,,1,1,,1,,,,,,,,,,,,,,,,,,,,,,,,,,,,,,,,,3,2,,,,,,1,,,,,1,,,,,,,,2,,,,,1,,,2,,1,,,,
A3TeVhjjS2u,411 BAGLUNG,411,,23,18,3,,16,2,2,3,4,1,25,6,,,9,4,14,5,,,2,14,,,9,1,,18,3,,24,10,7,2,,6,1,1,,24,17,5,4,22,18,11,,,12,19,29,,24,10,4,6,4,7,15,17,28,15,,,1,16,2,15,1,1,,8,10,,1,1,1,,7,10,1,8,12,1,7,,,,4,,9,,16,2,9,17,,,,5,,7,,5,,,17,16,,,2,2,14,,7,,1,,,14,1,4,10,,24,13,1,11,1
BVIoUYtmRMk,70605 Dipayal Silgadhi Municipality,70605,,2,,2,,5,1,,,,,,,,2,,3,,1,,4,,2,,,,1,2,5,,,,6,,2,,,,,,,1,2,2,1,,3,,,3,,9,,2,2,3,1,,,5,,3,,,,,,2,5,1,,,1,,,,,,,2,1,,,2,,,,,,,,,,1,2,,2,,,,,,,,3,1,,3,4,2,,,,,,2,,,,,1,1,,8,,4,2,1,,1
wBmsLGhrv9S,70305 Apihimal Rural Municipality,70305,,1,,,,,,,,,,,,,,,,,,,,,,,,,,,,,,,,,,,1,,,,1,,,,,,1,,,,,,,,,,,,,,,,,,,,,,,,,,,,,,,,,,,,,,,,,,,,,,,,,1,,,,,,,,,,,,,,,,,,,,,,,,,,,,,,,,,,
sjHpWIiUjdQ,70601 Purbichouki Rural Municipality,70601,,,,,,,,,,,,,,,,,,,,8,,,,,,,,,,,,1,2,,,,,,,,,,,,,,,,,,,,,,,,,,,,,,,,,,,,,,,,,,,,,,,,,,,,,,,,,,,,,,,,,,,,,,,,,,,,,,,,,,,,,,,,,,,,,,,,,
a9v445HgSvW,31209 Bakaiya Rural Municipality,31209,,1,,,,3,,,,,,,1,1,,,4,,,,,1,1,,,,,,,,,2,,2,,,4,,,,11,3,57,,2,14,8,,,2,1,,,2,,,,1,,,1,2,1,,,,2,1,,6,,,4,1,,1,,,,2,,,2,,,3,,,,,,1,,2,1,,,1,,,,,2,,,,,1,,,,,,1,,2,,3,,,,,,2,,1,2,,1,1
wS3hGPGJ5F3,50402 Satyawoti Rural Municipality,50402,,,,,,,,,,,,3,,2,,4,,,,,,1,,,,1,,,,1,,9,,,,,5,,,,5,,,,,2,,,,,,,,,,,,,,,4,,3,,,,2,,,,,,1,,,,,,,,,2,,,,,,,1,,,1,,2,,,3,,,,,,4,,,,1,2,,,,,,,,,,,,,1,,,6,,,,,,
JX80Qhtamvy,41101 Baglung Municipality,41101,,3,,,,,,1,,,,1,1,,,1,,5,3,,,1,4,,,1,,,,,,2,2,1,1,,1,,,,5,2,,1,1,,,,,2,,1,,,1,,1,,,1,2,1,,,,,,,,,,,,3,,,,,,1,1,,1,1,,1,,,,,,,,,,1,1,,,,,,1,,,,,2,,,,,,4,,,,,,,1,,,,,5,1,,,
h3U0l83K403,20610 Maulapur Municipality,20610,,,,,,,,,,,,1,,,,,,,,,,,,,,,,,,,,,,,,,,,112,,,,,,,,,,,,,,,,,,,,,,,,,,,,,,,,,,,,,,,,,,,,,,,,,,,,,,,,,,,,,,,,,,,,,,,,,,,,,,,,,,,,,,,,,,,
AQ2SELcTGFP,40101 Chumanubri Rural Municipality,40101,,,,1,,,,,,,,,,,,,,,,,,,,,,,,,1,,,,,,,,,,,,,1,,,,,,,,,,,,,1,,,,1,1,,,,,,,,,,,,,,,,,,,,,,,,1,,,,,,,,,,,9,,1,,,,,,,,,,,,1,,,,,,,,,,,,,,,,,,,,,
khbmnjhVw6M,40911 Kaligandaki Rural Municipality,40911,,,,,,1,,,,,,,,,,,,,,,,,,,,2,,,1,,,,,,,,1,,,,2,,1,1,,,,,,,1,,,,1,,,,,,,,,,,,,,,,,,,1,,,,,,,,1,,,,,,,,,1,,,1,,,,,,,,,,,,,,,,,,,,,,1,,,,,,,1,,,,,,,
c8wtEQShCEN,70706 Mangalsen Municipality,70706,,5,,1,,,,,,,,,,,,,,,,,,1,1,,,,,,2,,2,,4,,,,,,,,,,,1,2,,,,,,,,,5,10,,,,1,,,1,1,,,,,,1,,,,3,,1,,,,,,,,3,14,,,,,,3,,,,,,,,,,,,1,,,,,,7,1,,,,,,2,1,,,1,,,,,7,,,2,,,
SJQ2e9HUvaG,605 KALIKOT,605,,2,,,,,,,,,,2,,1,,,,1,,,1,,,,,,,,1,,,4,,,,,,1,,,1,2,1,1,,1,,,,,1,,,1,2,,,,,1,1,,,,,,1,,,,,,,1,,,,,,,,,,1,,,,,,1,,,,1,,2,1,,,,,,2,,1,1,,,1,,,,,,,1,,,,,,,,1,,3,,,,
YRQqsimTukd,50202 Thabang Rural Municipality,50202,,,,,,,,,,,,1,1,,,,,,,,,,,,,,,,1,,,,4,,,,,,,,1,,1,1,,,,,,,,1,,,2,1,,,,1,1,,1,,,,,,,,,,,,,,,,,,,,,,,,,,,1,,2,,,,,1,,,,,1,1,,,,,,,,,,,1,1,,,1,,,,,,1,,2,1,,,
Za9amWOWD4I,10210 Dharmadevi Municipality,10210,,,,,,,,,,1,,,,,,,,1,,,,,,,,,,,,,,,,,,,,,,,,1,,,,,,,,,2,,,,,1,,,,,6,,,,,,,2,,,7,,,,,,,,,,1,,1,,,,,,,,,,,,,,,,,,,,,,,,,,,,,,,1,,,,,,,,,,,,1,,,,
wtU6v09Kbe0,7 Sudurpashchim Province,7,,19,,5,1,22,1,4,,1,,15,30,4,5,33,31,54,171,11,6,17,24,1,10,8,2,5,34,4,2,39,27,31,5,,63,3,1,1,187,27,11,15,34,53,15,,2,15,25,20,,26,36,10,6,36,5,69,33,25,3,,2,18,40,28,23,2,,1,27,62,19,3,1,9,,3,15,12,39,24,35,8,,,9,12,2,63,1,51,11,33,20,18,13,,3,1,37,9,8,1,1,36,13,2,2,,1,49,7,15,1,13,3,,47,1,31,40,9,60,31,2,2,2
eGCj6BVZTex,60307 Tanjakot Rural Municipality,60307,,,,,,,,,,,,,,,,,,,,,,,,,,,,,,,,,,,,,,,,,,,,,,,,,,,,,,,,,,,,,2,,,,,,,,,,,,3,,,,,,,,,,,,,,,,,,,,,,,,,,,,,,,,,,,,1,1,,,,,,,,,,,,,,,,,,,,
pwSpcMa7aiC,11209 Ratuwamai Municipality,11209,,17,4,10,1,17,,11,1,,,22,,,7,13,12,,,7,7,6,8,3,2,6,3,11,8,9,1,8,9,8,10,,9,6,,3,59,15,6,5,15,13,6,,2,,7,,,13,14,8,13,10,7,17,15,9,7,5,,10,8,18,10,,7,4,20,20,,23,,4,,7,7,8,,14,1,,2,,3,7,4,22,2,,1,,4,6,1,,4,2,12,5,1,,,4,9,8,4,,10,23,4,10,2,16,3,3,23,,6,25,2,19,,,10,
RAnQGp6ruMy,70209 Kedarsyun Rural Municipality,70209,,1,,,,,,,,,,1,1,,,1,1,,,,,2,,,,,,,,,,3,2,,,,,,,,,,,,,,,,,,,,,1,,,,1,,2,,,,,,,3,,,,,,,,,,,,,,,,1,2,,,,,1,1,,,,1,,2,,,,,,,,,,,,,,,,,,2,,,,,,,,,1,3,,,,,,
wWZNcRGEiwS,60202 Chhayanath Rara Municipality,60202,,,,,,,,,,,,,,,,,,,,,,,,,,,,,,,,,,,,,,,,,,,,,,,,,,,,,,3,,,,,,,,,,,,,,,,,,,,,,,,,,,,,,,,,,,,,,1,,,,,,,,,,,,,,,,,,1,,,,,,,,,,,,,,,,,,,,
D51gR5DC5vt,604 JUMLA,604,,,,,,5,,,,,,,,,,,,,,,,,1,,,,,,,,,3,1,,,,,,,,,,,,,3,,,,1,3,1,,1,,1,,1,2,5,,,,,,,1,,,,,,1,,,,,,,,,,,5,,,,,6,,1,,,,,3,,,,,,,7,,,0,,,,,,,,,,,,,,,,,,,,,1,,,1
RffL3O64yhC,11105 Shivasatakshi Municipality,11105,,,,,,,,,,,,,,,,,,,,,,,,,,,,,,,,1,,,,,,,,,,,,,,,,,,,,,,,,,,,,,,,,,,,,,,,,,,,,,,,,,,,,,,,,,,,,,,,,,,,,,,,1,,,,,,,,,,,,,,,,,,,,,,,,,,,
WN5DP9gOQFW,70102 Gaumul Rural Municipality,70102,,,,,,,,,,,,,,,,,,,,,,,,,,,,,,,,1,,,,,,,,,4,,,,,,,,,,,,,,1,,,2,,,,,,,,,,,,,,,1,4,,,,,,,,,,,,,,,5,,,,,,,1,,,,,,,,,,,,,,,,,,,1,,,,,,,,,,,,,,,
BSlmdVvEkUs,11104 Kankai Municipality,11104,,22,21,,2,32,,,2,,,22,,12,13,25,,,,14,10,22,,5,,,,,21,17,,25,9,,,,,12,,1,,,7,8,,29,,,,,26,,,19,36,22,,36,16,62,31,,23,,1,,11,,25,,7,3,,,3,,,6,,,,17,,,,,5,3,6,,12,53,,,,,22,,2,,23,3,33,6,,,,22,,,3,,,,8,,1,,,,,,14,,,,,,9,
yiATnGd1BVI,50304 Pyuthan Municipality,50304,,2,,,,,,,,,,,,,,,,,,,,,,,,,,,,,,,,,,,,,,,1,,,,,,,,,,,1,,,,,1,,,,,,,,,2,,,,,,,,1,,,,,,,1,,,,,,,,,,,1,,,,,,,,,,,,,,,,,,,,,,,,,,,,,1,,,2,,,,2,,
DDM7poCx1mp,30403 Ganga Jamuna Rural Municipality,30403,,3,,1,1,2,,,,,,6,2,,,2,1,2,,8,,1,1,,,,,,4,2,,,4,1,,,3,,,,10,2,2,1,2,2,5,,,,2,2,,,1,3,4,2,4,6,4,,1,,,1,,,2,1,,,3,5,,,,,,1,,1,1,5,37,1,,,,3,,4,,2,,1,5,,,,,,3,,1,,,12,1,1,,,,3,1,1,,1,,,,,4,1,,2,2,,,
P1b64auzuzc,30211 Lisankhu Pakhar Rural Municipality,30211,,2,,,,1,,,,,,,,,,,1,,,,,,,,,,,,1,,,,2,,,,,,,,2,,,,3,2,,,,,,1,,,,,,,,,,1,1,,,,,,4,,,,4,1,,1,,,,,,,,,,,,,,,,,,1,,2,1,,,,,,,,,,,,,,,,,,,,,1,,,,,,2,,4,,,1,1
dRTc5Zz5oSz,20217 Siraha Municipality,20217,,,8,9,,12,,,,,7,15,,,5,,,,,,15,,,,,10,,,17,8,,11,,,,,,8,,,,,7,,,,5,,,5,,10,5,,28,,11,6,5,,11,,11,,,,,,11,,,,,,5,,,6,,3,,,11,,,5,7,,,5,5,8,,17,11,7,11,,,,7,,13,,5,,,,,,8,,,,9,5,,,,,,,,,,10,5,10,5,3
Cgi5CZddAvb,31101 Dudhouli Municipality,31101,,48,2,2,1,43,1,,,6,,44,13,10,18,47,18,3,,,5,7,,,,4,,2,33,36,,62,33,36,,,41,1,,,171,5,24,23,12,56,15,,,5,45,49,,46,24,13,9,45,35,81,64,46,15,,2,2,35,40,34,,,2,22,72,,8,,,,,20,31,9,21,1,9,3,,,16,5,53,2,28,31,12,80,2,,,9,,63,,2,5,,27,23,5,,,2,24,,23,3,20,,1,34,,,25,,3,4,,26,7
eW2b8SUYRWt,107 DHANKUTA,107,,7,,,,1,,,,2,,1,9,2,,,5,6,,,,,4,,,,,,5,,,2,1,1,,,,,,,3,2,2,,6,3,1,,,4,,1,,6,2,4,5,,3,3,3,1,1,,,1,3,1,2,,,,2,1,,3,,,,,1,,3,5,,1,,,,1,1,,1,3,1,,3,,,,,,,,,1,,4,2,,,,1,5,,4,,1,1,,3,,,1,,3,2,,,1
Wep3D4POB3H,103 SOLUKHUMBU,103,,8,,,,13,1,,,2,,7,1,3,1,16,1,,3,,,3,2,,,2,,1,1,2,1,12,7,3,1,,6,,,1,36,1,1,1,2,9,3,,,8,3,12,,9,6,2,,8,4,2,11,3,1,,,,7,,4,,2,,10,21,,1,,,,1,,,4,10,,13,4,,1,7,1,7,,7,,4,6,5,,,1,,8,1,,,,2,3,1,,,,5,,,1,1,2,,7,,2,4,,2,2,,3,2
olbtbHw2fT8,60910 Kapurkot Rural Municipality,60910,,,,,,,,,,,,,,,,,,,,,,,,,,,,,,,,,,,,,,,,,,,,,,,,,,,,,,1,,,,,,,1,,,,,,,,,,,,,,,,,,,,,,,,,,,,,,,,,,,,,,,,,,,,,,,,,,,,,1,,,,,,,,,1,,,,,,,
c6YGJbse4zV,50411 Chhatrakot Rural Municipality,50411,,,,,,,,,,,,3,,,,2,,,,,,1,,,,,,,,,,8,4,,,,,,,,2,,1,,,2,,,,,2,,,2,5,,,1,,3,4,1,,,1,,7,,,,2,3,,2,,,,,,,,,,,2,,,,,,,3,,,,,,,,,,,1,,,,,3,1,,,,,,,,,,,,,,6,,,,,,,
uYVGFFpDYBz,30301 Gosaikunda Rural Municipality,30301,,,,,,,,,,,,1,5,1,,,2,1,,,,,,,,,,,,,,1,,,,,,,,,1,4,,,,,,,,,3,,,,4,,,7,,,,,,,,,,,1,,,,,1,,,,,,,,,,,,,,,,,,1,,,,1,1,,,,,,,,,,,1,,,,,1,4,,,,,,,2,,4,1,,,1,,1,
UCZF0J5XCSS,10308 Likhu Pike Rural Municipality,10308,,,,,,3,,,,,,,,,,,,,,,,,,,,,,,,,,,,,,,,,,,5,,,,,,,,,,,,,1,1,,,1,,,,,,,,,,,,,,,,,,1,,,,,,,,,,,4,,,,,,,,,,,4,,,,,,,,,,,,,,,,,,,,1,,,,,,,,,,,,
WRKcqzZHRdg,70813 Dhangadhi Sub-Metropolitan City,70813,,,,,,,,,,,,,,,,,,,,,,,,,6,,,,,,,,,,,,,,,,,,,,,,,,,,,,,,,,,,,2,,,,,,,,,,,,,,,,,,,,,,3,,,,,,,,1,,,,,,,,,,,,,,,,,,,,,,,,,,,,,,,,,,,,,,1,,
RfHnzEUDdXD,50405 Isma Rural Municipality,50405,,,,,,2,,,,,,,,,,,1,,,,,,,,,,,,,,,,1,,,,,,,,,,,,,,,,,,,,,,1,,,,,,,,,,,,,1,,,,,,,,,,,,,,,,,1,,,,,,,,,,,1,,,,,,,,,,,,2,,,,,,,,4,,,,,,,,,,,,,,
xTWW1v7S7qX,70908 Belouri Municipality,70908,,,,,,5,,,,,,5,,,,7,5,,,,,5,,,,,,,15,,,,6,6,,,9,,,1,40,,5,,,3,,,,,4,7,,,5,2,,4,,2,,9,,,,,8,,14,,,,5,12,2,,,,,1,1,1,8,,,2,,,2,,,19,,9,1,5,4,5,,,,,4,,4,,1,6,4,,1,,,,,5,,8,,,2,,4,7,,,,,,
UojUnRoexxf,30508 Belkotgadhi Municipality,30508,,,,,,,,,,,,1,,,,,,,,,,,,,,,,,,,,,,,,,1,,,,2,,,1,,,,,,,,,,,,,,,,,,,,,,,,,,,,,,,,,,,,,,,,,,,,,,,,1,,1,,,,1,,,,,,,,,,,,,,,,,,,,,,,,,1,,,1,,,,
A50ckSZAOpX,31106 Sunkoshi Rural Municipality,31106,,,,,,,,,,,,,,,,1,,4,4,,,,1,,,,,,,,,1,,,,,,,,,1,,,,1,1,,,,1,2,1,,,,,,,,2,,,,,,,,,,,,,1,1,,,,,,,,,1,,,,,,,,,1,,,,,,,,,,,,,,,,,,,,,,,,2,,,,,2,,,1,,5,,,,
aTs11VMpZhZ,50306 Mandavi Rural Municipality,50306,,,,,,,,,,,,,,,,,,,,,,,,,,,,,,,,,,,,,,,,,,1,,,,,,,,,,,,,,,,,,,,,,,,,,,,,,,,,,,,,,,,,1,,,,,,,,,,,,,,1,,,,,,,,,,,,,,,,,,,,,,,,,,,,,2,,,,
VDTm4XjVDkr,60105 Tripurasundari Municipality,60105,,,,,,,1,,,,,,,,,,,,,,,,,,,,,,,,,,,,,,,,,,,,,,,,,,,,,,,,,,,,,,,,,,,,,,,,,,,,,,,,,,,,1,,,,,,,,,,,,,,,,,,,,,,,,,,,,,,,,,,,,,,,,,,,,,,,
kNVwRd9KUhN,70603 Aadarsha Rural Municipality,70603,,,,,,,,,,,,,,,,,,,,,,,,,,,,,,,,,,,,,,,,,,,,,,,,,,1,,,,,,,,,,,,,,,,,,,,,,,,,,,,,,,,,,,,,,,,,,,,,,,,,,,,,,,,,,,,,,,,,,,,,,,,,,,,,,,,
uyGkoQ4F9rT,705 DADELDHURA,705,,,,2,,2,,,,,,2,5,,,5,1,7,,,,2,,1,,,,3,1,3,,3,,2,,,5,,,,19,4,,1,8,7,9,,,6,2,1,,2,,,2,1,,8,8,8,,,,4,,7,,,,,,,,,,,,,2,1,10,1,7,4,,,1,1,,8,,15,1,1,1,12,,,,,10,,,,,,,,,,1,10,,2,,,,,6,,5,6,,8,5,,,1
xAsNu4wwdwe,31201 Indrasarowar Rural Municipality,31201,,,,,,,,,,,,,,,,1,,,,,,,,17,,,,,,,,,,,,,,,,,4,,,1,,,,,,3,,,,,,,1,,,,,,,,,,,,1,,,,,,,,,,,,,,1,,,,,,,,,,,1,,,,4,,,,,,,,,,,,,,,,,,,,,,,,,,,,1,,,,
tzwC5guXi9i,40904 Arjun Choupari Rural Municipality,40904,,,,,,,,,,,,,1,,,,,,,,,1,1,,,,,,,,,,,1,,,1,,,,3,,,,,,,,,,,,,1,1,,,1,,,,2,,,,,,,,,,,1,,,,,,,,,,,,,,,,,,,,,1,,,,,,,,,1,,,,,1,1,,,,,,,,,1,,,5,,1,3,,,,,,
dbU0Qrz64BG,10504 Halesi Tuwachung Municipality,10504,,1,,,,1,,,,,,1,,,,1,,,,,,,,,,,,,1,,,,,,,,,,,,,1,,,,2,,,,,1,,,,,,,,,,,1,,,,,,,,,,,1,,,,,,,,,,,1,,,,,,,,,,,,,,,3,,,,1,,,,,1,,,,,,,,,,,,,,,,1,,,,,,
FW7FzPv4KXM,60703 Junichande Rural Municipality,60703,,18,,,,,1,,,,,,,,,,,,,,,,,,,,,,,,,,,,,,,,,,,,,,,,,,,,,,,,,,,,,,,,,,,,,,,,,,,,,,,,,,,,,,,,,,,,,,,,,,,,,,,,,,,,,,,,,,,,,,,,,,,,,,,,,,,
h0biFY8WQEK,40402 Raghuganga Rural Municipality,40402,,2,,,,1,,,,,,,,,,,,3,,,,1,,,,,,,2,,,1,,,,,1,,,,1,1,,,,,1,,,1,2,1,,1,,,,1,1,2,1,,,,,,,1,1,,,,1,,,,,,,,,,3,1,,,,,,2,,1,,1,,3,,,,,,,,,,,,,,,,,,,,,,,,,,,,1,,1,,,1,
J8Rvhw4Whks,70504 Bhageshwor Rural Municipality,70504,,,,,,,,,,,,,,,,,,,,,,,,,,,,,1,,,,,,,,,,,,,,,,,,,,,,,,,,,,,,,,,,,,,,,,,,,,,,,,,,,,,,,,,,,,,,,,,,,,,,,,,,,,,,,,,,,,,,,,,,,,,,1,,,,,,,
xLz1yz1FdED,50301 Gaumukhi Rural Municipality,50301,,,,,,1,,,,,,1,,,,,,,,,,,,,,,,,1,,,,1,,,,,,,,,2,,,1,1,,,,,,,,2,,,,,,,,2,,,,,1,,2,,,,3,,,,,,,,,,,1,,1,,,,,,,,,,2,,,,,,,1,,1,,,1,,,,,,,,1,,,,,1,,,1,,,,,,
xJXQ3lrI3QE,70810 Tikapur Municipality,70810,,,,,,,,3,,,,,8,,,,13,30,18,,,,12,,,,1,,,,,,,,3,,,,,,,10,,,,,,,,,,,,,,,,,,,,,,,,12,,18,,1,,,,,,2,1,,,,5,,,,,,,,,,,,,,,,,,,,,,,,,,,,,,,,,27,,,,,,,32,,,,,33,16,,,
ZIC2hFywSyU,51205 Rajapur Municipality,51205,,,,,,1,,,,,,1,,1,,1,,,,,,,,,,,,,,,,,,,,,,,,,,,,,,,,,,,1,,,,1,,,,1,,,,,,,,,,,,,,,,,,,,,,,,,,,,,,,,,,,,,,,,,,,,,,,,,,,,,,,,,,,,,,,,,,,,,,,
FJI9kFuS86i,10201 Bhotkhola Rural Municipality,10201,,1,,2,,,,,,,,1,,1,1,1,1,2,1,,1,1,,,,,,,2,3,,1,1,,1,,1,,,,2,1,4,1,,1,1,,,4,,,,1,1,,,,,4,,1,,,,2,1,,1,,,,2,1,,,,,,,1,1,,,,1,,,2,,,1,,2,,1,1,,,,,,3,,1,,,1,,1,,,,4,,,,,,,1,,1,,,1,,,,7
H4ZqWgyw5qJ,20204 Mirchaiya Municipality,20204,,,,,,,,,,,,,,,,,,,,,,,,,,,,,,,,,,,,,,,,,,,,,,,,,,,,,,,,,,,,,,,,,,,,,,,,,,,,,,,,,,,,,,,,,,,,,,,,,,,,,,,,,,,,,,,,,,,,,,,3,,,,,,,,,,,
H8GitWxvHbU,30505 Kispang Rural Municipality,30505,,1,,,,1,,,,,,,,,,,,,,,,,,,,,,,,,,1,1,,,,,,,,1,,,,,1,,,,,1,,,1,1,,,,,1,1,,2,,,,,,1,,,,,1,,,,,,,,,,1,,,,,,,,1,,,,5,,,,,1,,,,,,,,1,,,,,1,,,,,,,1,,,2,,1,,,,
UXz6AH8q6LY,10508 Khotehang Rural Municipality,10508,,,,1,,,,,,,,,,,,2,1,,,,,,,,,,,,,,,2,1,,,,1,,,,2,,,,,1,,,,,1,,,,1,1,,,,2,,,,,,,,,,,,15,,1,,,,,,,,,,,,,,,,,,1,,,,,,,,,,,,,,,,,,,,,,,,,,,,,,,,,,,1,,,
rtxWESQcq0T,60104 Mudkechula Rural Municipality,60104,,,,,,,,,,,,,,,,,,,,,,,,,,,,,,,,,,,,,,,,,,,,,,,,,,,1,,,,,,,,,,,,,,,,,,,,,,,,,,,,,,,,,,,,,,,,,,,,,,,,,,,,,,,,,,,,,,,,,,,,,,,,,,,,,,,
XFE1qeAnWfW,41103 Tarakhola Rural Municipality,41103,,1,18,,,1,,,,,,,,,,,1,,,,,,2,,,,,,2,,,2,,1,,,,,,,2,1,2,1,4,3,1,,,,5,,,1,3,,,,1,3,,2,1,,,,2,,1,,,,,1,,,,,,1,1,,1,1,,,,,,,,2,,1,,,,,,,2,,,,,,,1,2,,,,,,,,,,,,,,,,,1,1,,,
U8Rk7sYzFmK,302 SINDHUPALCHOK,302,,9,1,2,,5,,,,2,,16,2,,,43,16,5,1,18,1,1,1,,1,2,,,10,2,,12,9,10,2,,23,3,2,1,50,6,27,2,13,30,1,,,3,8,10,,7,11,4,2,22,2,12,8,9,3,1,,,15,9,12,1,,2,14,13,,2,,1,,,5,2,4,11,,2,,1,3,5,,12,1,3,3,15,9,,,,1,,9,1,3,,,5,5,,,,1,16,,2,,4,1,8,13,1,6,10,,7,1,3,4,1
zGGY6Sw9Uuw,10105 Aatharai Tribeni Rural Municipality,10105,,,,,,,,,,,,1,,,,,,,,,,,,,,,,,,,,,1,1,,,,,,,3,1,,,3,,,,,1,,,,,,,2,,,,1,,,,,,,,,,,,,,,,,,,,1,,1,2,,,,,,,,,,,,,,,,,,,1,,,,,1,,,,,1,,,,,2,,,,,,,,1,,,,
f7uYPBZIlpR,50605 Tansen Municipality,50605,,31,3,24,,43,2,1,,16,1,,28,18,,65,26,57,16,,3,19,37,,,20,,,44,,,67,42,41,3,,53,2,,,173,32,,18,36,44,35,1,2,36,,17,,26,42,27,39,23,25,45,76,39,25,3,1,8,53,24,42,1,3,,32,53,3,5,,3,,12,22,22,43,47,1,24,,,5,32,8,36,2,35,4,52,,3,,1,3,,67,4,11,7,2,40,,2,2,1,5,53,,28,,23,,1,32,3,19,30,1,44,20,1,,6
wFTDjO00OIR,10502 Aiselukharka Rural Municipality,10502,,,,,,,,,,1,,,,,,3,1,1,,,,1,,,,,,,1,,,3,2,1,,,,,,,7,1,1,1,1,1,,,,,,,,2,,2,,3,,5,3,1,,,,,2,,3,,,,2,5,,,,,,,1,,3,,,,,,,,,,,1,,2,3,,,,,,2,,1,,,,,,,,,,,1,,1,,,1,,3,1,,,1,,,2
FBtbgRuKWDU,10802 Phedap Rural Municipality,10802,,1,,,,,,,,,,,,,,,1,,,,,1,1,,,,,,1,,,,,,,,,,,,,1,,1,,4,3,,,1,,,,1,,,,,1,,,1,,,,,,,,,,,,,,,,,,,,,1,,,1,,,,,,,,,,1,,,,,,,1,,1,,,,1,,,,,,,,,,,,,,,,,,1,,,
EJ6VZgN3gyN,30702 Bhaktapur Municipality,30702,,,,,,,,,,,,1,,,,,,,,,,,,,,,,,,,,1,,,,,3,,,,4,,,,,1,,,,,,,,,,,,,,1,1,,,,,,,,,,,,1,,,,,,,,,,,,,,,,,,,,,,1,,,1,,,,,2,,,,,,,,,,,,,,,,,,,,,,,,,,,
iEXW2lBlpe5,31107 Ghyanglekha Rural Municipality,31107,,,,,,,,,,,,,,,,,,,,,,,,,,,,,,,,1,,,,,,,,,,,,,,,,,,,,,,,,,,2,,,1,,,,,,,,,,,,,,,,,,,,,,,,,,,,,,,1,,,,,,,,,,,,,,,,,,,,,,,,,,,,,,,,,,,,,,
wgiDXt162Wl,30210 Tripurasundari Rural Municipality,30210,,,,,,,,,,,,,,,,,3,1,,,,,1,,,,,,,,,1,,,,,,,,,,,,,3,1,,,,1,,,,1,,,,,,,2,1,,,,,,,,,,,1,,,,,,,,,,2,,,,,,,1,,,,,,3,1,,,,,,,,,,,,,,,,,,,,,,,,4,,,2,,,,,,
Kkw5qzJDbaB,30504 Bidur Municipality,30504,,1,,,,1,,,,,,,4,,,,,1,,,,,,,,,,,5,,,,1,,,,1,,,,2,3,,,6,,,,,3,1,5,,1,1,,4,,,,,1,,,,,,,,,,,,1,,,,,,,8,,3,2,,,,,,,,,,1,,1,,,,,3,,,,1,,,6,1,,,,,4,,,,,,,5,,,,,1,,3,,2
q92qiDR9n1u,70506 Aalital Rural Municipality,70506,,,,,,,,,,,,,,,,,,,,,,,,,,,,,,,,,,,,,,,,,,,,,,,,,,,,,,,,,,1,,,,,,,,,,,,,,,,,,,,,,,,,,,,,,,,,,,,,,,,,,,,,,,,,,,,,,,,,,,,,,,,,,,,,,,,
Y86rNPKnw2a,20811 Dhobini Rural Municipality,20811,,,,,,,,,,,,,,,,,,,,,,,,,,,,,,,,,,,,,,,,,,,,,,,,,,,,,,,3,,,,,,,,,,,,,,,,,,,,,,,,1,,,,,,,,,,,,,,,,,,,,,,,,,,,,,,,,,,,,,1,,,,,,,,,,,,,,
Jlabga4mmIy,40502 Machhapuchchhre Rural Municipality,40502,,1,,,,,,,,,,2,1,1,,1,,,,,,,1,,,,,,2,,,,3,2,,,,,1,,3,,,,1,,,,,1,2,1,,2,,,,,,1,1,,1,,1,2,1,,6,,,,1,,,,,,,,1,,1,1,,1,,,2,,,2,,,,1,2,,,,,,1,,1,,,1,1,1,,,,,,,,1,,,2,1,,3,,3,,,,1
l6h4020yfj1,10507 Diprung Chuichumma Rural Municipality,10507,,,,,,,,,,,,,2,,,,1,,,,,,,,,1,,,,,,,,,,,,,,,,,,,,,3,,,,,,,1,,,,2,,,,1,,,,,,1,,,,,1,,,,,1,,,,,1,1,,,,,,1,,,,2,,,,,,,,,,,,1,1,,1,,,,1,,,1,,,,1,,,1,1,1,,,,,
TqihpDvXRdJ,20605 Brindaban Municipality,20605,,,,,,,,,,,,,,,,,1,,,,,,,,,,,,,,,,,,,,,,,,,,,,,,,,,,,,,,,,,,,,,,,,,,,,,,,,,,,,,,,,,,,,,,,,,,,,,,,,,,,,,,,,,,,,,,,,,,,,,,1,,,,,,,,,,,
RW1bIabPbfE,20307 Mithila Bihari Municipality,20307,,,1,,,,,,,,,,,,,,,,,,,,,,,,,,,,,,,,,,,,,,,,,,,,,,,,,,,,,,,,,,,,,,,,,,,,,,,,,,,,,,,,,,,,,,,,,,,,,,,,,,,,,,,,,,,,,,,,,,,,,,,,,,,,,,,
TOA9PlmWliy,40804 Hupsekot Rural Municipality,40804,,,,,,1,,,,,,,,,,,,,,,,,,,,,,,,,,,,,,,,,,,,,,,,,,,,,,,,1,,,,,,,,,,,,,,,,,,,,,,,,,,,,,,,,,,,,,,,,,,,,,,,,,,,,,,,,,,,,,,,,,,,,,,,,,,,,
E0BEzyhd8WB,20516 Balara Municipality,20516,,,,,,,,,,2,,,,,,,,,,,,,,,,,,,,,,,,,,,1,,,,1,,2,,,,,,,,,,,,,,,,,,,,,,,,,1,,,,,,,,,,,1,,,,,,,,,,,,,,,,,,,,,,,,,,,1,,,,,,,,,,,,,,,,,,,,,,,,
tzmIM8cMWUM,50804 Kanchan Rural Municipality,50804,,,,,,,,,,,,,,,,,,1,,,,,,,,1,,,,,,,,,,,,,,,,,,,,,,,,,,,,,,,,,,,,,,,,,,,,,,,,,,,,,,,,,,,,,,,,,,,,,,,,,,,,,,,,,,,,,,,,,,,,,,,,,,,,,,,,
jTp30hcgdic,30102 Bigu Rural Municipality,30102,,,,,,,,,,,,,,,,,1,,,,,,,,,,,,,,,,1,,,,1,,,,3,,,,,1,,,,1,1,2,,1,,,,2,,1,,,2,,,,,2,,,1,,,2,,,,,,,,,1,1,,,,,,,,1,,2,,,,,,,,,,,,,,,1,,,,,,,,,,,,,,,,,,,,,
gOCG6lmlpPq,20810 Kalikamai Rural Municipality,20810,,,,,,,,,,,,,,,,,,,,,,,,,,,,,,,,,,,,,,,,,,,,,,,,,,,,,,,,,,,,,,,,,,,,,,,,,,,,,,,,,,,,,,,,,,,,,,,,,,,,,,,,,,,,,,,,,,,,,,,,1,,,,,,,,,,
ZVmULoI6vcV,309 KAVREPALANCHOK,309,,14,,,,7,,,5,3,,8,4,3,1,11,13,6,5,4,1,3,4,,1,7,,,11,2,,9,5,8,3,,13,1,,1,32,7,2,1,4,9,5,5,,4,6,8,,15,12,4,4,4,4,10,7,3,5,,,2,13,3,3,1,2,,8,7,,,,,,1,1,2,7,6,,1,,,1,2,1,27,,8,25,21,13,1,,,1,,4,1,,1,,9,,1,,,1,18,,3,21,3,3,,13,,9,6,2,12,,,3,
efeJVmnEkr5,20111 Rajgadh Rural Municipality,20111,,,,,,,,,,,,,,,,,,,,,,,,,,,,,,,,,,,,,,,,,,,,,,,,,,,,,,,,,,,,,,,,,,,,,,,,,,,,,,,,,,,,,,,,,,,,,,,,,1,,,,,,,,,,,,,,,,,,,,,,,,,,,,,,,,,
tmwWqpt7zGE,10405 Likhu Rural Municipality,10405,,,,,,1,,,,,,,,,,2,,,,,,,,,,,,,,,,1,,,,,1,,,,2,,3,,,1,,,,,1,,,1,,,2,,,3,1,,1,,,,,,1,,,,,,,,,,,,,,1,,,1,,,,,,2,,1,,,,,,,,,1,,,,,2,1,,,,,1,,,,1,,,,,,,,,,,1,
Kk6Rb9uAb3d,50303 JHIMRUK RURAL MUNICIPALITY,50303,,,,,,1,,,,,,,,,,,,,,,,,,,,,,,,,,,,,,,1,,,,1,,,,,,,,,,,,,,1,,,,,1,,1,,,,,1,,,,,,,,,,,,,,,,,,,,,,,,,,,,,,,,,,,,,,,,,,1,,,,,,,2,,,,,,,,3,,1,,,,
p0awRGLIfjx,50607 Rainadevi Chhahara Rural Municipality,50607,,2,,,,1,,,,,,,,,,,,,,,,,,,,,,,,,,,,,,,,,,,2,,,,,1,,,,,1,,,,,,,,,,,,,,,,,,1,,,,,2,,,,,,,,,,,,,,,,,,1,,,,,2,,1,,,,,,,,,,1,,,,,,,,,,,,1,,,1,,,,,,
Yacp1fLlWut,402 MANANG,402,,,,,,1,,,,,,,,,,,,,,,,,,,,,,,,,,,,,,,,,,,,,,,,,,,,,,,,1,,,,,,,,,,,,,,,,,,,,,,,,,,,,,,,,,,,,,,,,,,,,,,,,,,,,,,,,,,,,,,,,,,,,,,,,,,,,
W5rn6JqkqWQ,40105 Aarughat Rural Municipality,40105,,10,,,,8,,,,,,8,3,3,,5,4,2,2,,,,2,,,2,,,4,4,,8,,,1,,6,,,,16,4,4,,,7,1,,,,1,2,,2,6,2,,,,6,4,6,3,,,,4,1,10,1,,1,2,9,2,1,,,,,1,,5,2,,,,,1,1,,1,,6,1,5,9,,,,,,14,,,1,1,5,18,1,,,,4,,6,,1,,,5,,2,6,,5,,,,1
Sqc4yQCbl8m,31202 Thaha Municipality,31202,,,,1,,,1,,,,,1,1,,,2,1,,,,,,1,,,,,,2,1,,5,,4,,,5,,,,20,3,,,2,5,,,,1,4,1,,3,,5,2,3,2,15,11,,5,,,,3,1,2,,1,,,10,,,,,,,,,1,,,,,,3,1,,8,,,,,1,1,,,2,,1,1,,,,,1,1,,,1,,,1,,,,,4,,3,4,,1,1,,1,
TfaB2muU8a0,41006 Bihadi Rural Municipality,41006,,,,,,,,,,,,,,,,1,,,,,,,1,,,,,,,,,3,,2,,,,,,,4,,,,,,,,,,,1,,1,,,,,,,,1,,,,,,,1,,,,,2,,,,,,,,,,,,,,,,,,,,,,,1,,,,,,2,,1,,,,,,,,,,,,,,,,,,,,,,,,,
ewPc6zXy53n,603 HUMLA,603,,3,,,,,,,,,,1,,,2,1,,,,,,,,,,,,,3,,,1,12,,,,2,,,,4,,,5,,,1,,,,,,,2,3,,,,,3,3,,1,,,,,,1,,,,3,2,,,,,,,,,,,,,,,,,,,,,,,1,,,,1,,2,,,,,,2,1,,,,,,,,,,1,,,,,,,,,,1
c8KxkF0tS5o,70108 Budhiganga Municipality,70108,,,,,,,,,,,,,,,,3,,3,,,,,,,,,,,,,,,1,3,,,,,,,6,,,1,,,,,,,,,,,,1,,,,2,5,,,,,1,,,,,,,1,3,,,,,,,,,,1,,,,,,1,,1,,1,,3,,,,,1,,4,,,,,1,,,1,,,,,,,,,,,,,1,,3,,,,
OkEamk072ao,70203 Surma Rural Municipality,70203,,,,,,,,,,,,,,,,,,,,,,,,,,,,,,,,,,1,,,,,,,1,,,,,,,,,,,,,,,,,,,,,,,,,,,,,,,,,,,,,,,,,,,,,,,,,,,,,,,,,,,,,,,,,,,,,,,,,,,,,,,,,,,,,,,,,
MXHCNv2Axez,10606 Pauwa Dunma Rural Municipality,10606,,,,,,,,,,,,,,,,,,,,,,,,,,,,,,,,,,,,,,,,,,1,,,2,1,,,,,,,,,1,,,,,,,,,,,,,2,,,,,,,,,,,,,,,,,,,,,,,,2,,,,,,,,,,,,,,,,,,,,,,1,,,,,,,,,,,,,,,,
xnEfw3zQ0ge,50403 Chandrakot Rural Municipality,50403,,,,,,1,,,,,,4,,,,,1,,,,,1,,,,2,,,6,,,,5,,,,,,,,,1,,1,,,1,,,,3,2,,,3,1,,,,3,,1,5,,,,3,1,,,,,2,,,,,,,,1,,,1,,1,,,,,,,,2,,2,2,,,,,,,,3,,,3,1,,,,,,,,,,,,,,1,,,,,,,
a6W190BanBu,2 Madhesh Province,2,,62,31,57,41,197,70,22,23,50,15,44,169,45,98,181,95,153,149,61,47,170,107,58,5,36,24,13,124,156,5,377,70,27,91,36,87,80,118,44,243,176,40,55,196,154,100,82,14,263,99,141,19,88,338,127,464,70,165,178,125,168,46,42,12,212,232,313,86,49,78,59,54,62,52,104,6,60,3,54,167,173,66,216,14,43,15,13,83,52,127,94,16,141,121,131,322,28,29,15,25,4,173,62,55,50,6,105,203,52,15,13,77,228,17,129,28,39,27,37,162,6,70,136,3,209,169,25,107,288
YqZKl4lSpmW,40110 Shahid Lakhan Rural Municipality,40110,,4,,,,,,,,1,,,,,,1,,1,,,1,,1,,,,,,,,,,1,,,,,,,,,2,3,2,1,,1,,,,1,2,,1,1,1,,,,1,,,1,,,,1,,1,,,,,,,,,,,,1,,1,1,,,,,,1,,,,1,,,1,,,,,,,,3,,,,2,,,,,1,,1,,,1,,1,,,1,,3,,,,
afoMvFV0IvH,11101 Mechinagar Municipality,11101,,,,,,,,,,,,107,,,,,,,,,,,,,,,,,,,,,,,,,,,,,,,108,,,,,,,,111,,,,,,,,,,,154,,,,,,,944,,,28,,,,,,,,,,,,,,,,,,,,,,,,,,,,,,3,,,,,,,,,,,,,,,,,,,,,,2,,,,,84,
E9DBRm8T3U9,50903 Shivaraj Municipality,50903,,,,,,,,,,,,,,,,,,,,,,,,14,,,,,,,,,,,,,,,,,,,,,,,,,,,,,,,,,,,,,,,,,,,,,,,,,,,,,,,,,,,,,,,,,,,,,,,,,,,,,,,,,,,,,,,,,,,,,,,,,,,,,,,,,,
cXN4tjQ9drh,40505 Rupa Rural Municipality,40505,,,,,,1,,,,,,1,,,,,2,,,,,,,,,,,,,,,,,,,,,,,,1,1,,1,1,,1,,,,,,,,1,,,,,1,,,,,,,,,1,,,,,1,,,,,,,,,1,,,,,,,,,,,,,1,,,,,,,,,,,,1,,,,,,,,,,,,,1,,,,,,,,,
kWTiMqhMM9Z,11214 Biratnagar Metropolitan City,11214,,,1,,,2,,,1,,,,,1,,62,,,,,28,,,,,,,,,,,,,,,,61,4,,,186,,,,,66,,,,,,,,,1,56,,33,1,73,73,,,,,,26,,,,,,,125,,,,22,,,,28,,,,,,,44,,2,94,,,49,,,,,,,,,31,,,,,,,,,,,,,,,,,,,39,,,,,,,
lx9rLUtsojg,50407 Madane Rural Municipality,50407,,,,,,,,,,,,,,,,,,2,,,,,,,,,,,3,,,1,5,,,,,,,,3,,3,4,,2,,,,,3,2,,2,2,2,,1,1,,3,3,1,,,,1,,1,,,,1,2,,,,,,,,,,1,,,,,,,,5,,,,,,,,,,3,2,,,,,1,,,,,,,,,,1,1,,,,,,,,,,,
xWscpDITtKT,50409 Resunga Municipality,50409,,,,1,,,2,1,,3,1,,,,,,,4,,,,2,1,,,,,,4,,,,,,1,,,,,,1,2,,,1,,3,,,3,,,,,4,,1,,,,,3,,,,1,,1,,2,,,5,1,,,2,,,1,6,,3,,,5,,,,,,,,3,,,,,,,,,,,,,,3,,,,,4,,,5,,,,,,,,3,,3,3,,,3
kjQyLmoS0JC,31001 Umakunda Rural Municipality,31001,,1,,,,,,,,,,,1,,,1,2,1,,,,,,,,,,,,,,1,,,,,1,,,,1,,,,,2,,,,,2,1,,,,,,1,,,,1,,,,,1,1,,,,,,,,,,,,,,1,,1,,,,,,,,1,,,,1,,,,,,,,,1,,,,1,,,,,,,3,,,,,,,,1,,,,,,
r1eAZIkCTv9,10705 Sahidbhumi Rural Municipality,10705,,,,,,,,,,,,,,1,,,,,,,,,,,,,,,,,,,,,,,,,,,,,,,,,,,,,,,,,,,,,,1,1,,,,,,,,,,,,,,,,,,,,,,,,,,,,,,,,,,,,,,,,,,,,,,,,,,,,,,,,,,,,,,,,,,,,,
rTNYEQ9kpvZ,10908 Miklajung Rural Municipality,10908,,,,,,,,,,,,,,,,,1,,,,,,,,,,,,,1,,1,1,,,,1,,,,1,1,1,,3,2,,,,,2,1,,,1,1,,,,,1,,1,,1,,,,1,,,,1,,,,,,,,1,,1,1,,,,,,,,1,,2,,1,,,,,,,1,,,,,1,1,,,,,1,,,3,,1,,,,,,,,2,,,1
rwtuzQ0Hl9y,70304 Naugad  Rural Municipality,70304,,,,,,,,,,,,,,,,,,,,,,,,,,,,,,,,,,,,,,,,,,,,,,,,,,,,,,,,,,,,,,,1,,,,,,,,,,,,,,,,,,,,,,,,,,,,,,,1,,,,,,,,,,,,,,,,,,,,,,,,,,,,,1,,,,,,,
KrUSn9d3nzS,40109 Gorkha Municipality,40109,,,1,8,,,2,,,,,1,4,,1,,3,,,,1,1,,,,,2,,,2,,1,,,2,,,,,,,11,2,,1,,,,,,,2,,1,1,,,1,,,,,,,,1,,1,,,,,,,,,,,,4,7,1,,,,,,,,1,,,,,,,4,,,,,,1,,,,,1,,,,,,1,,,,,,,1,,,,,,,,,
deDcEgmY79F,40910 Galyang Municipality,40910,,,,,,2,,,,1,,4,1,1,,,,,,,,1,2,,,,,,1,,,1,3,,,,,5,,,1,,4,,,2,,,,1,,,,1,,1,,1,1,,1,,1,,,,,1,1,,,,,1,,,,,,,,,2,,,,,,,,,1,1,,,,,,,,,,,,,,,,,,,,,2,1,,,,,,4,,,,,,,,,
u32KVYtm4F5,50805 Gaidahawa Rural Municipality,50805,,,,,,,,,,,,,,,,,,,,,,,,5,,,,,,,,,,,,,,,,,,,,,,,,,,,,,,,,,,,,,,,,,,,,,,,,,,,,,,,,,,,,,,,,,,,,,,,,,,,,,,,,,,,,,,,,,,,,,,,,,,,,,,,,,,
oKUBLr3LZQU,60406 Tatopani Rural Municipality,60406,,,,,,,,,,,,,,,,,,,,,,,,,,,,,,,,,,,,,,,,,,,,,,,,,,,,,,,,,,1,,,,,,,,,,,,,,,,,,,,,,,,,,,,,,,,,,,,,,,,,,,,,,,,,,,,,,,,,,,,,,,,,,,,,,,,
Kz7sKOELAth,50809 Om Satiya Rural Municipality,50809,,,,,,,,,,,,,,,,,,,,,,,,,,,,,,,,,,,,,,,,,,,,,,,,,,,,,,,,,,,,1,,,,,,,,,,,,,,,,,,,,,,,,,,,,,,,,,,,,,,,,,,,,,,,,,,,,,,,,,,,,,,,,,,,,,,
OV88QAACq49,50505 Panini Rural Municipality,50505,,,,4,,,,,,,,,1,,,1,1,,,,,,,,,,,,,,,,,,,,,,,,2,,,,2,,1,,,,3,,,,,,1,2,,,,,,,,,,,1,,,,,1,,,,,,,,,,,,,,,,,,1,,,,1,1,,,,,,,,1,,,2,,,,,,1,,,,1,,,,,1,1,,,,,,
uyA0701CR1r,20405 Bhangaha Municipality,20405,,,,,,,,,,,,,,,,,,2,,,,,,,,,,,,,,,,,,,,,,,,,,,,,,,,,,,,,,,,,,,,,,,,,,,,,,8,,,,,,,,,,,,,,,,,,,,,,,,,,,,,,,,,,,,,,,,,,,,,,,,,,,,,,1,,,,
qIfetL3gOAD,70704 Sanphebagar Municipality,70704,,5,,,1,,,,,,,,7,,,,2,6,1,1,,1,8,,,1,,,4,,,1,,1,,,,,,,1,8,,,4,3,,,,4,,,,6,7,,,,1,1,,,1,,1,,2,,3,,,,3,,,,,,,,5,,5,,,,,,,,1,1,,,,,1,,,,1,,,,,,,7,,,,,,,,1,,,1,,2,,1,,,7,4,,,
zvQpN3xs2YZ,60404 Chandannath Municipality,60404,,,,,,3,,,,,,,,,,,,,,,,,1,,,,,,,,,3,,,,,,,,,,,,,,3,,,,1,3,1,,1,,1,,,2,5,,,,,,,1,,,,,,1,,,,,,,,,,,5,,,,,6,,1,,,,,3,,,,,,,7,,,,,,,,,,,,,,,,,,,,,,,,1,,,1
bT82XWJFT65,30109 Bhimeshwor Municipality,30109,,,,1,3,1,,,,,,1,5,,2,4,3,7,2,3,,,4,2,,,,,2,2,,,2,9,,,,,,,9,6,3,,9,,4,,,10,8,2,,,,2,5,,,1,2,3,,,,,3,,,,8,6,,,,4,,,,2,2,,1,1,,1,,,5,1,1,,4,4,,4,5,,,,,,3,,,,,2,,2,,,,,,1,6,,,,1,,2,1,,10,5,,2,1
B1q1jJMuzSo,60610 Dungeshwor Rural Municipality,60610,,1,,,,,,,,,,1,,,,1,,2,,,,,2,,,,,,,,,,,,,,1,,,,1,,1,,,,,,,,,,,,,1,,1,,1,1,,,,,,1,,,,,,,,,,,,,,,,,,,,,,,,,2,,,,,1,,,,,,1,,,,,,,,,,,1,,,,,,,,,2,1,,3,,,,
HL5fSUsp2vJ,609 SALYAN,609,,1,,,,7,,,,,,2,,3,,5,,,,,,3,,,,1,,,5,,,2,,4,,,5,,,,16,1,6,,1,1,,,,,19,,,1,2,,,4,,6,3,,,,,,2,,6,,1,,,6,,,,,,,2,,2,1,,,,,,,,2,,2,,1,3,,,,,,5,,,,,5,,,,,,2,,,,1,,,,,1,2,9,2,,,1,
cl7skUSvPmj,10707 Chaubise Rural Municipality,10707,,3,,,,,,,,1,,1,,1,,,,,,,,,,,,,,,3,,,2,,,,,,,,,2,1,2,,,3,1,,,1,,,,3,2,3,1,,2,,2,,1,,,,,,,,,,1,1,,,,,,,,,,1,,,,,,,,,,1,1,,2,,,,,,,,,,,1,,,,,,1,,2,,1,,,1,,,,,1,,,,
Iqy9A4jXY9l,409 SYANGJA,409,,41,7,9,13,20,1,1,,4,5,55,12,5,19,13,3,46,14,,4,6,39,,,22,1,1,18,8,,27,24,15,,,33,5,,,82,31,27,7,33,23,13,,,25,58,12,,13,30,6,41,34,10,27,29,23,14,9,,3,27,10,20,1,3,,24,23,2,,,,,6,10,4,44,40,,17,,,8,30,6,32,2,25,8,31,25,3,,,4,,31,1,3,1,,17,13,,1,,15,10,2,36,,8,7,,30,5,9,30,,60,21,,9,2
a0T4qfqJY1P,31203 Kailash Rural Municipality,31203,,,,,,,,,,,,2,1,,,,,,,,,,,,,,,,1,,,,,,,,1,,,,3,,,,1,1,,,,,,,,,,,,,,,,,,,,,1,,,,,,,1,,,,,,,2,,,,,,,,,,,,,,,,,1,,,,2,1,,,,,,1,,,,,1,,,,,,,1,,,,,,,,,
slRFdUoESdt,41105 Dhorpatan Municipality,41105,,2,,1,,,,,,1,1,8,1,,,,,3,,,,,,,,,,,,2,,9,,1,,,,,,,2,2,1,,1,,4,,,2,,2,,3,1,,2,,,1,2,1,,,,,9,,,,,,1,,,,,1,,1,2,,,1,,,,,,1,,2,,2,1,2,7,,,,,,,,,,,,,,,,,,,,,1,,,1,,1,,,2,1,,11,
NhADUEXz2ca,30202 Jugal Rural Municipality,30202,,,,,,,,,,,,,,,,,1,,,,,,,,,,,,,,,,,1,,,1,,,,2,,1,,1,,,,,,,,,,,,,1,,,,1,,,,,,,,,,,1,,,,,,,,,,,,,,,,,1,,1,,,,3,1,,,,,,1,,,,,,,,,,,,,1,,,,,,,1,,,,,,,
kdougX7vIet,60607 Dullu Municipality,60607,,4,,1,,,,,,,,2,,,,,,4,,,,,,,,,,1,5,,,,3,,,,,,,,,1,2,2,2,,,,,1,6,,,3,1,,,,,,,2,,,,,,1,4,,,,2,,,,,,,,,,6,2,,2,,,,4,,,,7,,1,,,,,,,6,,,,,,,,,,,1,,,,,,,,,,1,,,,,1,
taIxmXevJeG,10703 Chhathar Jorpati Rural Municipality,10703,,,,,,,,,,,,,,,,,,,,,,,,,,,,,1,,,,,,,,,,,,,,,,,,,,,1,,,,1,,1,,,,,,,,,,,,,,,,,,,,,,,,,,,1,,,1,,,,,,,,1,,,,,,,,,,,,,,1,1,,,,,,,,,,,,2,,,,,,,,,
mFmIWxZqEUa,20301 Ganeshman Charnath Municipality,20301,,,,,,,,,,,,,,,,,,,,,,,,,,,,,,,,,,,,,,,,,,,,,,,,,,,,,,,,,,,,,,,,,,,,,,,,,,,,,,,,1,,,,,,,,,,,,,,,,,,,,,,,,,,,,,,,,,,,,,,,,,,,,,,,,,,
tSE6ctwvZmP,303 RASUWA,303,,,,,1,1,,,,,,1,7,1,,2,2,1,,,,,,,,1,,,2,,,4,1,,,,1,,,,4,6,,2,,2,,,,,3,1,,1,4,,,7,,1,,1,,,,,1,,4,,,,2,3,,,,,,,,,,2,,,,,,1,,1,,2,,1,1,,,,,,3,,,,,1,,,,,1,4,,,1,,,,3,,4,1,,,1,,1,
PwcSyA8Bw91,30601 Shankharapur Municipality,30601,,1,,3,,1,1,,,,,,3,3,,,2,3,,,,,1,,,,1,,10,,,,,1,1,,,,,,1,,,,,,,,,1,,,,1,3,,,,,,,4,2,,,,,1,2,,,,,,,,,,,,3,,,,,,,,,,,1,,,,,,,,,,,,,,,,5,,,,1,,3,,,,,,,3,1,,,,,,,,1
uieUU0PzxcP,30913 Khanikhola Rural Municipality,30913,,1,,,,,,,,,,,1,1,,,,,,,,1,1,,,,,,,,,,,1,,,,1,,,2,,,,1,,,,,,,,,,,,,1,,,,,,,,,,1,,,,,,,,,,,,,,,,,,,,,,,,,,,,,,1,,,,,,,,,,,,,,,,,,,,,,,,,,,,,,,,
oOYYlsVSG0Z,11404 Rautamai Rural Municipality,11404,,,,,,,,,,,,,,1,,,1,,,,,,,,,,,,,,,,,,,,,,,,,,,,,,,,,1,,,,,,,,,,,,,,,,,,,,1,,,,,,,,,,,,1,,,,,,,,,1,,,,,,,,,,,,,,,,,,1,,,,,,,,,,,,,,,,,1,,,,
RZxElQxEbZN,601 DOLPA,601,,,,,,,1,,,,,,,,,,,,,,,,,,,,,,,,,,1,,,,1,,,,1,,1,,,1,,,,,1,,,,,,,,,,2,,,,,,,,,,,,2,,,,,,,,,,1,,,6,,,,,,,,,,2,1,,,,,,,,,,,,,,,,,3,,,,,,,1,,,,,1,,,,
mWGNxg5QunN,20805 Sakhuwa Prasauni Rural Municipality,20805,,,,,,,,,,,,,,,,,,,,,,,,,,,,,,,,,,,,,,,,,,,,,,,,,,,,,,,,,,,,,,1,,,,,,,,,,,,,,,,,,,,,,,,,,,,,,,,,,,,,,,,,,,,,,,,,,,,,,,,,,,,,,,,,,,,
lIgk0wjLBGn,30212 Sunkoshi Rural Municipality,30212,,,,,,,,,,2,,,,,,12,,,,,,,,,,,,,,,,2,,2,,,6,,,,9,,15,,,4,,,,,1,,,,,1,,,,3,,,,,,,4,,,,,,,1,,,,1,,,,,,,,,,,,,,3,,1,,,,,,,,,2,,,,,,,,,,,10,,,,,,8,1,,,,,,,,,
zWN7lMJ8DIY,40907 Harinas Rural Municipality,40907,,2,1,,,1,,,,,,,1,,,,,,,,,,,,,,,,,1,,,,,,,,,,,1,,2,,,,,,,1,3,,,,1,,,,,1,2,,1,,,,1,,1,,,,2,1,,,,,,,,,,,,1,,,,,,,,,,1,1,,,,,,,,,,,,,,,,,,,,,,,,,,,1,,,,,,
yUwjKIAHeH9,11208 Urlabari Municipality,11208,,,,,,,,,,,,,,,,,,,,,,,,,,,1,,,,,,,,,,,,,,,,,,,,,,,,,,,,,,,,1,,,,,,,,,,,,,,,,,,,,,,,,,,,,,,,,,,,,,,,,,,,,,,,1,,,,,,,,,,,,,,,,,,,,,,,,
BSHZS7OTAL5,30804 Konjyosom Rural Municipality,30804,,,,,,,,,,,,,,,,1,,1,,,,,,,,,,,,,,,1,,,,,,,,,,,,,,,,,,,,,1,,1,,1,,,,,,,,,,,,,,2,,,,,,,,,,,,,,,,,,,,,,,,,,,,,,,,,,,,,,,,,,,,,,,,,,,,,,,,,,
IP8iwk6mPzl,50604 Baganaskali Rural Municipality,50604,,,,,,,,,,,,,,,,,,,,,,1,,,,,,,,,,,,,,,,,,,,,,,,,,,,,,,,,,,1,,,,13,1,,,,,,1,,,,,,,,,,,,,,,,,,,,,,,,,1,,,,,,,,,,,,,,,1,,,,,,,,,,,,,,,,,,1,,,,
SLBr0Y4que5,20203 Golbazar Municipality,20203,,,,,,,,,,,,,,,,,,,,,,,1,,,,,,,,,,,,,,,,,,,,,,,,,,,,,,,,,,,,,,,,,,,,,,,,,,,,,,,,,,,,,,,,,,,,,,,,,,,,,,,,,,,,1,,,,,,,,,,,,,,,,,,,,,,,
RJLKneQiNQQ,70212 Khaptad Chhanna Rural Municipality,70212,,,,,,,,,,,,2,,,,,,,,,,,1,,,,,,,,,,,,,,,,,,,,,,,,,,,,,,,,,,,,,,1,,,,,,,,,,,,,,,,,,,,,,,,,,,,,,,,,,1,,,,,,,,,,,,,,,,,,,,,,,,,,,,,1,,,,,,
jAstzBdFXL6,10801 Aatharai Rural Municipality,10801,,,,,,1,,,,,,,,,,,1,,,,,,,,,2,,,,,,,,,,,,,,,,,,,1,,,,,,,,,,,,,,,,1,,,,,,,,,,,,,,,,,,,,,,,,,,,,,2,,,,,,,,,,,,,,,,,,,,,,,,,,,,,,,,,,,,,,,,
Jr8S8L8kRnR,50602 Purbakhola Rural Municipality,50602,,,,1,,,,,,,,,,,,,,,,,,,,,,,,,,1,,,,,,,,,,,,,,,,1,1,,,,1,,,1,,,2,,,,,,,,,,,,1,,,,,,,,,,,,,,,,,,,,,,,1,,2,,,,,,,,,,,,,,,,,,,,,,,,,,,,,,,,,,,,
bVEJIxTw9fo,10704 Dhankuta Municipality,10704,,,,,,,,,,,,,3,,,,1,,,,,,,,,,,,,,,,,1,,,,,,,1,,,,,,,,,,,,,,,,,,,,,,,,,,,,,,,,,,,,,,,,,,,,,,,,,,,,,1,,,,,,,,,,,,,,,1,,,,,,,,,,,,,,,,,,,,,
QVOGCoPM6yb,10510 Baraha Pokhari Rural Municipality,10510,,,,,,,,,,,,,,,,,,,,,,,,,,,,,,,,,,,,,,,,,,,,,,,,,,,,,,,,,,,,,,,,,,,,,,,,,,,,,,,,,,,,,,,,,,,,8,,,,,,,,,,,,,,,,,,,,,,,,,,,,,,,,,,,,,,
sInu47Mk0wb,30402 Khaniyabas Rural Municipality,30402,,,,,,,,,,,,1,1,1,,3,4,2,1,,,,5,,,,,,,1,,2,1,2,,,,,,,3,,1,,1,3,1,,,,1,1,,8,2,,,,,2,3,,,,,,,,,,,,,1,,,,,,,,,1,,,,,,,,,1,,,,,2,,,,1,,,1,,,1,,,,,1,,3,,,,,,,1,,2,,,,,,1,
HkwA8YQgJK6,706 DOTI,706,,2,,2,,5,1,,,,,,1,,2,,3,3,1,9,4,,2,,,,1,2,5,,,2,8,,2,,2,,,,2,2,2,2,4,6,3,,,4,,9,,3,2,3,1,,1,6,2,3,,,,,,2,5,1,,,1,,,,,6,,2,1,,,2,,,,,,,,,,1,2,2,2,,,,,,,,3,1,,3,4,2,,,,1,,2,,,,,2,1,1,9,,4,2,1,,1
QIsyvppylxo,70205 Masta Rural Municipality,70205,,,,,,,,,,,,,,,,,,,,,,,,,,,,,,,,,,,,,,,,,,,,,,,,,,,,,,,,,,,,,,,,,,,1,,,,,,,,,,,,,,,,,,,,,,,,,,,,,,,,,,,,,,,,,,,,,,,,,,,,,,,,,,,,,,,
s81iwIY7rWl,20702 Kolhabi Municipality,20702,,,,,,6,,,,,,7,,4,4,,,,,5,5,,,,,,,,,9,,,,,,,12,,,,22,,5,,,,,,,,18,,,,,,,8,9,,,,,,,,,,,,,1,,10,,,,,,,,,,,4,,,,,,,,,,,,12,,,,,,,,,,,,,,,,,1,,,2,,,,,,,,,,,,3,
j4HVtKmVtwQ,207 BARA,207,,26,7,7,8,57,1,4,3,9,2,7,14,4,64,43,4,34,20,45,5,9,17,21,,12,4,,31,135,2,29,19,25,1,,48,7,,4,125,35,5,13,22,36,13,,6,20,20,31,1,29,41,13,10,8,23,49,,15,,1,11,,35,,1,1,8,12,,10,8,10,,4,,9,,16,,20,4,8,2,3,11,,22,21,,19,,7,164,23,1,4,,4,,10,19,4,4,,123,5,3,1,,21,,19,8,19,,1,15,4,,26,3,20,14,,42,3
f8gKN9sAiDz,20705 Prasauni Rural Municipality,20705,,,,,,,,,,,,,,,,,,,,,,,,,,,,,,,,,,,,,,,,,,,,,,,,,,,,,,,,,,,,,,,,1,,,,,,,,,,,,,,,,,,,,,,,,,,,,,,,,,,,,,,,,,,,,,,,,,,,,,,,,,,,,,,,,,,
WuW2eIQKEEM,10501 Kepilasgadhi Rural Municipality,10501,,1,,,,,,,,,,1,,,,,1,,,,,,,,,,,,,,,1,1,,,,,,,6,1,1,,,1,1,,,,,,2,,,,,,,,,1,,,,,,,,,,,,1,1,,,,,,,,,1,,,,,,,1,,,,,,,,,,,,,1,,,,,,,,,,,,,,,,,,,,,,,,,,,
S0dzRo6mP3N,60604 Thantikandh Rural Municipality,60604,,,,,,,,,,,,,,,,1,,,,,,,,,,,,,,,,,,,,,,,,,,,,,,,,,,,,,,,,,,,,,,,,,,,,,,,,,,,,,,,,,,,,,,,,,,,,,,,,,,,,,,,,,,,,,,,,,,,,,,,,,,,,,,,,,,
Ra80Qk48O76,20303 Mithila Municipality,20303,,,,,,,,,,,,,,,,,,,,,,,,,,,,,,,1,,,,,,,,,,,,,,,,,,,,,,,,,,,,,,,,,,,,1,,,,,,,,,,,,,,,,,,,,,,,,,,,,,,,,,,,,,,,,,,,,,,,,,,,,,,,,,,,,,,,
iujDcxElwWs,10205 Sabhapokhari Rural Municipality,10205,,,,,,,,,,,,,,,,,1,,,,,,,,,,,,,1,,,,,,,,,,,,,,,,,,,,,,,,,,,,,,,,,1,,,,1,1,,,,,,,,,,,,,1,,,,,,,,,,,,,,,,1,,,,,,1,,,,,1,,,,,,,,,,,,,1,,,1,,,,,,
itvnxQdZ1St,30303 Uttargaya Rural Municipality,30303,,,,,,,,,,,,,1,,,1,,,,,,,,,,1,,,,,,1,,,,,,,,,,2,,1,,1,,,,,,,,,,,,,,,,,,,,,,,1,,,,,,,,,,,,,,,,,,,,,,,,,1,,,,,,,,,,,,,,,,,,,,,,,,,,,,,,,,,,,,
hi16ZuHEWaY,3 Bagmati Province,3,,123,5,30,9,106,4,3,175,26,1,145,90,31,55,165,140,82,23,34,11,20,45,25,6,26,11,2,109,71,3,151,82,87,8,3,140,9,3,7,449,322,146,45,104,188,68,5,10,62,118,129,15,137,81,67,62,124,63,184,135,107,53,22,6,13,110,110,108,17,59,15,95,159,2,38,,8,,11,67,51,292,84,52,62,4,4,24,53,9,145,8,96,68,115,159,20,2,9,23,5,128,10,20,13,7,91,90,20,4,6,15,118,7,65,48,43,10,13,134,4,51,86,17,84,55,10,57,29
TnkKgyVJjqP,31105 Kamalamai Municipality,31105,,,,,,,,,,,,1,,,,6,,,,,,,,,2,,,,,,,,,,,2,,,,3,1,,1,,,2,,,,,,,,2,,,,,,5,3,,,,,,,,,,3,,,,,,,,,,,,,,,,,2,3,,,,,,,,,,,,,,1,,,,1,,2,,,,,,,,,1,,,,,3,,,,,,,
byh0saBehjx,11402 Chaudandigadhi Municipality,11402,,14,1,2,,,,,,26,,8,7,4,,,21,6,3,,,,2,,,,1,,,3,,8,,2,5,,12,2,,,29,21,,2,16,,43,,,15,,8,,4,5,,7,2,7,7,4,10,1,3,1,1,3,4,,1,,7,60,15,,6,,,,4,7,,7,27,,39,,,,11,3,20,,30,,31,,,,1,,,6,,5,20,,,6,3,,,19,22,,27,,,,4,4,,,34,,8,22,,,1
pxZmNLjeU1d,20413 Pipara Rural Municipality,20413,,,,,,,,,,,,,,,,,,,,,,,,,,,,,,,,,,,,,,,,,,,,,,,,,,,,,,,,,,,,,,,,,,,,,,,,,,,,,,,,,,,,,,,,,,,,,,,,,,,,,,,1,,,,,,,,,,,,,,,,,,,,,,,,,,,
wdNmgGSUtFW,20503 Bagmati Municipality,20503,,,,,,,,,,,,,,,,,,,,,,,,,,,,,,,,,,,,,,,,,,,,,,,,,,,,,,,,,,,,,1,,,,,,,,,,,,,,,,,,,,,,,,,,,,,,,,,,,,,,,,,,,,,,,,,,,,,,,,,,,,,,,,,,,,,
L5kn1amPA1q,60601 Naumule Rural Municipality,60601,,6,1,,,,,,,,,,1,,,,,,,,,,,,,,,,,,,,,4,,,,,,,5,2,,,5,,,,,,,,,3,,,,2,,1,1,,,,,,,1,,,,,,1,,,,,,,,,1,,,,,,,,,1,,,,1,2,,,,,,,,,,,1,,,,,,1,,,,,,,,,,,,1,,,,
cH1bHmSErN6,51106 Nepalganj Sub-Metropolitan City,51106,,,,,,,,,,,,,,,,,,,,,,,,,,,,,1,,,,,,,,,,,,,,,,,,,,,,,,,,,,,,,,,,,,,,,,,,,,,,,,,,,,,,,,,,,,,,,,,,,,,,,,,,,,,,,,,,,,,,,,,,,,,,,,,,,,,
JWW0mCd4cEs,50208 Runtigadhi Rural Municipality,50208,,,,,,,,,,,,,,,,,,,,,,,,,,,,,,,,2,,1,,,2,,,,4,,,,,,,,,,,,,,,1,,,,,,,,,,,,,,,,,,,,,,,,,,,,1,,,,,,,,,,1,,,1,,,,,,,,,,,,,,,,1,,,,,1,,,,,,,,,,,,
YXEeP5pYtvq,40401 Annapurna Rural Municipality,40401,,1,,,,,,,,,,3,,,,,,,,,,,1,,,,,,,,,2,1,,,,,,,,,,,,3,,,,,1,,,,,1,,,,,1,1,,,,,,,,,,,,1,,,,,,,,,,,,,2,,,,,,1,,,,1,,,,,,,,,,,,1,,,,,1,,,,,,,,,,,,,,1,,,1
FNsPCtVEyoG,10601 Shadananda Municipality,10601,,3,,,,1,,,,,,,,,,2,,4,1,,,,1,,,,,,1,,,,,,,,3,,,1,5,,,,1,,,,,1,,1,,,,3,3,1,1,3,3,2,1,,,,,,,,,,,1,,,,,,,,,,,,1,,,1,,,1,,,,,1,,,,,,,,,,,2,,,,,,,,,,1,,,,,2,,1,1,1,,,
T3Fa8euLX3d,31304 Bharatpur Metropolitan City,31304,,,,,,1,,,,1,,1,,,1,,3,,,,,,,,,,,,,1,,,,,,,,,,,,239,1,,,,,,1,,1,1,,,,,1,,1,1,,,1,,,,,4,,,,,,,,,,,,,,,3,,,,,,,,,1,,,,,,,,,,,,,,,,,1,,1,,,,,,10,,,,4,,,,,1,2,,,
yP2GELa6inf,509 KAPILBASTU,509,,1,,12,5,,,5,,,3,,3,,,,9,52,21,,1,,35,14,,,4,1,,,,,,1,1,,,,7,,1,3,,,16,2,,,,29,,2,,,,,25,,,,,17,,2,,,,2,,6,,,,,,,3,,,,,,31,1,,1,,,,1,,,,,,,1,,,,2,,,,3,,,,3,5,3,3,4,5,,11,,,,,2,2,,10,4,56,11,,,8
wlbToQ1QwgX,50601 Rampur Municipality,50601,,10,2,,,21,,1,,7,1,,1,,,,21,20,1,,,,7,,,26,,,9,,,,18,,,,,,,,,40,,5,28,,15,,,,9,7,,14,12,,16,,4,,,25,13,7,,9,,,14,,,,5,,,3,1,,,,4,,30,29,,12,,,,,7,,,22,,10,,,,,3,,26,,5,2,,9,14,3,,,7,15,1,5,,,8,1,,,,15,1,30,22,,,23
vpjSGFCbvE7,50703 Ramgram Municipality,50703,,,,35,,64,16,7,,,2,66,57,15,4,,91,55,30,,,,28,,,,6,1,,5,,,,,18,,,,,,,74,19,,11,,32,1,,47,,,2,,,,27,,52,,,57,,15,,30,,60,,12,,,,,,19,3,,1,14,58,,54,,,,,,,,,,6,12,,,41,,,,,,50,,,8,,,,,,3,15,63,,39,,,,5,87,4,,17,3,61,42,11,11,20
eyOgs1AMLWG,10402 Siddhicharan Municipality,10402,,,,,,,,,,,,,,,,,,,,,,,1,,,,,,,,,,,1,,,,,,,3,,,,,2,,,,,,,,,,,,,,3,,4,,,,,,,,,,,,2,,,,,,,,,,,,2,,,,,,,,,,,,,,,,,,,,,,,,,,,,,,,,,,,,,1,1,,,,,,
j0gE31YxwHQ,313 CHITWAN,313,,6,2,6,2,11,,,,6,1,39,25,8,4,7,30,18,1,,1,2,1,5,1,8,8,,6,12,1,11,6,2,,1,4,3,,,17,255,12,3,12,9,7,,6,12,5,5,10,5,9,13,6,18,6,9,1,14,10,,,5,12,34,19,6,4,1,20,11,,10,,4,,1,15,5,14,9,1,30,,,3,7,2,2,,12,2,27,13,,,8,2,2,7,3,1,,1,2,16,5,2,1,1,13,2,9,12,,3,,18,,6,11,,12,10,4,,9
SFZBuUvoplo,40503 Annapurna Rural Municipality,40503,,,,,,,,,,,,4,,,,,,,,,,,1,,,,,,,,,1,,,,,1,,,,3,2,1,,1,2,,,,,,,,2,,,,,1,,,,,,,,,,,,,,,2,,,,,,,,,,1,,1,,,,,,1,,,,,2,,,,,,2,,,,,,,,,,,,,,,,,,,,,1,,,,,,
NXKDqdR7CUd,70906 Laljhadi Rural Municipality,70906,,,,,,,,,,,,,7,,,,,,,,,,,,,,,,,,,,,,,,,,,,,,,,,,,,,,,,,,,,,,,,,,,,,,,,,,,,,,,,,,,,,,,,,,,,,,,,,,,,,,,,,,,,,,,,,,,,,,,,,,,,,,,,,,,,,
KHY8lkQw5QC,30608 Kathmandu Metropolitan City,30608,,,,,,4,,,,,,,,,,,10,,,,,,,1,,,1,,,,,1,,,,,,,,,,3,,,,,,,1,,,,3,,,4,,,,,,1,,,,,,,,,,,,,,,,,,,,,1,,,,,,,,,,,,,,,,,,,,,,1,,,,,1,,3,,,,1,4,,,,,,,,,,,,,
pd1zu9cgxMT,50907 Kapilbastu Municipality,50907,,,,9,2,,,3,,,3,,,,,,,27,5,,,,14,,,,4,,,,,,,,,,,,4,,,,,,10,,,,,14,,2,,,,,8,,,,,17,,2,,,,,,6,,,,,,,3,,,,,,12,1,,,,,,1,,,,,,,,,,,2,,,,3,,,,3,5,3,3,4,,,11,,,,,,2,,10,4,44,11,,,8
bjS2Lp3tLxv,510 DANG,510,,21,1,2,1,112,1,,8,,,81,6,28,9,64,9,9,1,6,6,45,5,6,1,6,,1,64,25,,60,22,75,1,,44,9,2,1,244,9,25,8,12,94,,,,5,49,5,,44,38,27,7,40,39,92,52,8,37,,1,,46,1,90,1,4,2,5,58,2,4,,4,,,5,17,15,1,4,3,,1,11,,14,129,,2,29,11,79,19,3,,1,,107,3,,,2,52,1,,,,1,11,1,,,48,3,,,,49,3,,4,3,3,12,1
KvHrEEoouzN,11211 Rangeli Municipality,11211,,,,12,,,,8,,16,,30,,,,,,31,15,,,,26,,,,9,8,15,,1,,,,,,,4,2,,,,5,,58,,26,2,6,44,,,,,5,,19,,5,,,44,,4,,,,,,9,,,,,1,,7,,2,4,,,32,43,,17,,,,11,,,,26,,,,,,,27,,,,5,10,4,13,,,,5,13,,,21,,,,3,,3,,48,7,41,18,,,11
VngHSEILZUe,40905 Bhirkot Municipaity,40905,,,1,,,,,,,,,1,,,,4,,3,2,,1,2,4,,,,,,,,,,,,,,,,,,4,,,,,1,,,,,1,,,,,,,2,,4,4,,1,,,,2,,6,,,,2,3,,,,,,1,,,2,,,,,,,,,,,,,,,,,,,,2,1,1,,,,,,,,,,,,,1,,,1,2,1,,,,,,,
YSLRx59DlQr,40107 Siranchowk Rural Municipality,40107,,5,1,,,,,,,,,1,1,,,1,,3,,,,,1,,,,1,,2,,,2,,1,,,2,,,,4,,,,1,1,1,,,1,,4,,2,5,,2,,3,,1,1,2,,,,3,,,,,,2,1,,,,,,,1,,,1,,1,,,,,,,,2,,,1,,,,1,,2,,,1,,1,3,,,,,1,,2,,,,,2,,1,1,,,1,,,
elOK8Y2b3Qn,306 KATHMANDU,306,,2,,3,,7,1,,169,,,2,4,3,26,,15,4,,,,,3,1,,,2,,11,,,2,,2,1,,3,,,,6,5,,,,3,,,1,1,,1,4,2,3,8,,,,2,2,6,2,,3,,,3,3,,39,,1,,,,,,,,4,1,2,1,,1,,,,3,,3,,1,,1,4,1,,,,1,2,,1,,1,7,7,1,,4,,8,2,1,4,,,,5,1,1,,,2,2,,,2
lO9MStItdyH,30607 Nagarjun Municipality,30607,,,,,,,,,,,,,,,,,,,,,,,,,,,,,,,,,,,,,,,,,,2,,,,,,,,,,,,,,,,,,,,,,,,,,,1,,,,,,,,,,,,,,,1,,,,,,,,,,,,,,,,,,,,,,,,,3,,,,,2,,,,,,,,,,,,,,,,
im7xsl9uLhz,60502 Pachal Jharana Rural Municipality,60502,,,,,,,,,,,,,,,,,,1,,,,,,,,,,,,,,,,,,,,,,,,,,1,,,,,,,,,,,,,,,,,,,,,,,,,,,,,,,,,,,,,,,,1,,,,,,,,,,,,,,,,,,,,,,,,,,,,,,,,,,,,,,,,,,,,,,
H2t20CMYnL9,20607 Madhav Narayan Municipality,20607,,,,,,,,,,,,,,,,,,,,,,,,,,,,,,,,,,,,,,,,,,,,,,,,,,,,,,,,,,,,,,,,,,,,,,,,,,,,,,,,,,,,,,,,,,,1,,,,,,,,,,,,,,,,,,,,,,,,,,,,,,,,,,,,,,,
MO5GjZ8pyt0,30209 Bahrabise Municipality,30209,,,,,,1,,,,,,3,,,,2,10,2,1,,,,,,,,,,1,,,4,3,1,1,,2,3,,,4,4,2,,1,7,,,,1,,3,,,7,1,1,,,,2,2,1,,,,3,9,2,,,2,2,1,,1,,,,,4,2,,3,,1,,,2,1,,1,1,,1,2,1,,,,,,1,1,,,,2,,,,,,2,,,,,1,,3,,1,,,2,,3,1,
elTl9yVygGH,20708 Kalaiya Sub-Metropolitan City,20708,,,,,8,,,,,,,,2,,33,,,,,40,,,,17,,,,,,73,,,,,,,,,,,,,,,,,,,,,,7,,,,,,,,,,,,,11,,,,,,,11,,,8,,,,,,,1,,,,,,,,,3,,,,,,152,,,,,,,,,,,,100,,,,,16,,,6,,,,3,,,,,,,,38,1
A3R7UT64jHf,206 RAUTAHAT,206,,21,9,12,,4,33,13,11,20,2,1,63,,,,83,109,115,,,18,75,1,,,13,,11,,,97,7,1,38,7,3,,112,,22,107,,4,42,,40,,,19,,30,,22,21,,32,,,,,56,12,22,,146,70,156,15,,,,33,2,,45,,3,,1,57,5,43,160,,1,4,,,,1,4,8,25,,43,,,,5,,,100,,,30,,14,46,19,4,6,77,64,,73,,16,1,32,,2,,35,,178,29,,,88
mqGibmoSsMZ,30909 Panauti Municipality,30909,,2,,,,1,,,5,2,,1,,,,,4,,1,4,,,,,,3,,,,1,,,,,2,,7,,,,7,3,,,,1,,,,1,1,,,6,,,,,,2,,,1,,,,,,,,,,2,,,,,,,,1,,1,3,,1,,,,,,23,,,21,9,2,,,,,,,,,,,1,,,,,,1,,,3,,2,,9,,2,,,4,,,1,
ofnHcaTRfxi,31003 Likhu Rural Municipality,31003,,1,,,,,,,,,,,,1,,1,,1,,,,,,,,,,,,,,,,,,,,,,,1,1,,,,,,,,,,,,,,,,,,1,,,,,,,,,,,,,,1,,,,,,,,,,,,,,,,,,,,,,,,,,,,,,,,,,,1,,,,,,,,,,,,,,,,,,1,,,
dSOcyKXtRHv,40707 Rhishing Rural Municipality,40707,,1,,,,,,,,,,,,,,,,2,,,,1,,,,,,,,,,,,,,,,,,,,,,,,1,,,,,,,,,,,,,1,,,,,,,,,,,,,,,,,,,,,1,,,,,,,,,,,,,,,,1,,,,,,,,,,,,,,,,,,,,,,,,,,,,1,,,,,,
ZWKia1zshTm,50101 Putha Uttanganga Rural Municipality,50101,,1,,,,2,,,,,,,,,,,,,,,,,,,,,,,,,,,1,,,,1,,,,1,,1,,,,,,,,,1,,,,,,,,,,,,,,,,,,,,,1,,,,,,,,,,,1,,,,,,,,2,,,,,,,,,,,,,,,,,,,,,,,,,,,,,,,,,,,,,,
aM1i0dQi3ox,40901 Putalibazar Municipality,40901,,1,,,,,,,,,5,,,,,,,1,,,,,,,,,,,,,,,,3,,,3,,,,11,,,,,,,,,,,,,,,1,,9,,,,6,,6,,,,,,,,,,,,,,,,1,,,,,,1,,,,,,3,,,,,,2,,,,,,,,,,,,,,,,,,8,,3,,,1,3,,,,,,,,
hgLqgeNWOie,60507 Tilagupha Municipality,60507,,,,,,,,,,,,1,,,,,,,,,1,,,,,,,,1,,,3,,,,,,,,,,,1,,,,,,,,,,,,,,,,,,,,,,,,1,,,,,,,,,,,,,,,,,,,,,,,,,,,,,,,,,,,,,,,,,,,,,,,,,,,,,,,,,,,,,,,
xVELZDapXqi,60508 Mahawai Rural Municipality,60508,,,,,,,,,,,,,,,,,,,,,,,,,,,,,,,,,,,,,,,,,,,,,,,,,,,,,,,,,,,,,,,,,,,,,,,,,,,,,,,,,,,,,,,,,,,,,,,,,,,,,,,1,,,,,,,,,,,,,,,,,,,,,,,,,,,
dg95KkHSYuU,10303 Sotang Rural Municipality,10303,,,,,,5,,,,,,2,,1,,2,,,1,,,2,,,,1,,,,,,4,,1,,,,,,,16,1,1,,1,1,,,,3,,4,,1,1,1,,,1,,2,1,,,,,,,,,,,2,15,,,,,,,,,,3,,3,,,,,,1,,,,1,1,,,,,,,,,,,,1,,,,,4,,,,,1,,3,,,,,,,,,
Lc1kr8bTyYM,50209 Sunil Smriti Rural Municipality,50209,,4,,,,2,,,,,,12,,,,10,1,2,,,,,,,,,,,,,,3,1,,,,3,,,,4,,1,,2,,,1,,,1,,,,2,2,,,3,3,,1,,,,,1,,2,,,,7,,,,,,,,,2,2,,,,,,,1,,3,,1,,,1,,,,,,3,,,,,,,,,,1,,,,,1,,,1,,,2,,,,,,
xX7eCpkd7AI,30611 Dakshinkali Municipality,30611,,1,,,,,,,,,,,1,,,,1,1,,,,,2,,,,,,1,,,,,,,,,,,,,,,,,,,,,,,,,,,1,,,,,,1,,,,,,,,,6,,1,,,,,,,,1,,,,,,,,,2,,,,,,1,,,,,,,1,,,,,,2,,,,,2,,,,,,,1,,,,,1,1,,,1
pS6VQHJLxbH,31004 Ramechhap Municipality,31004,,1,,,,4,,,,,,,1,,,1,,,,,,,,,,,,,1,,,1,,,,,,,,,2,,1,1,2,1,3,,,,,,,1,1,,2,,,,,,,,,1,,,,,,,1,2,,,,,,,1,,1,,,1,,,,1,,,,5,,,2,,,,,,,1,,,,,1,,,,,,,1,,,,,1,,,,,,,,,
lAyJC7MtKl6,70505 Parashuram Municipality,70505,,,,,,2,,,,,,2,2,,,5,1,1,,,,2,,1,,,,,,3,,3,,2,,,5,,,,7,,,,,7,,,,,2,,,2,,,,,,8,8,,,,,,,2,,,,,,,,,,,,,,1,,1,,4,,,,1,,8,,,1,,1,,,,,,10,,,,,,,,,,,5,,,,,,,1,,4,,,1,,,,1
r7SYGwmQrDC,50603 Rambha Rural Municipality,50603,,,,,,,,,,,,7,3,,,1,2,,,,,,2,,,,1,,,,,,2,1,1,,,,,,1,,1,,,,,,,1,,,,,,1,,,,,,1,,,,,1,,,1,,,1,,,,,,,,1,,,,,1,,,,,,1,,,,,,,,,,,,,,,,,,,,,,,,,,,,,,,,1,,,,,,
A2ieAsKcSIe,30603 Gokarneshwor Municipality,30603,,,,,,,,,169,,,,,,,,1,,,,,,,,,,,,,,,1,,,,,2,,,,2,,,,,,,,,,,,,,,1,,,,,,,,,,,,,,,,,,,,,,,,,,,,,,,,,,,,,,,,,3,,,,,,1,,,,,,,,,,,,,,,,,,1,,,,,,,,,
YbzXduozeDW,20409 Samsi Rural Municipality,20409,,,,,,,,,,,,,,,,,,,,,,,,,,,,,,,,,,,,,4,,,,6,,,,,,,,,,,,,,,,,,,,,,,,,,,,,,,,,2,,,,,,,,,,,,,,,,,,,,,,,,,,,,,,,,,,,,,,,,,,,,,,,,,,,,,,,,
BvUU5JiQxxL,50412 Rurukshetra Rural Municipality,50412,,,,,,,,,,,,,,,,,,,,,,,,,,,,,3,,,,,,,,,1,,,1,,,,,,,,,,1,1,,1,,,,,,,,,,,,,,,,,,,,,,,,,,,,,,,,,,,,,,,,,,,,,,,,,,,,,,,,,,,,,,,,1,,,,,,,,,,,,
JlEwd2MMRwF,70308 Malikarjun Rural Municipality,70308,,,,,,,,,,,,,,,,,,,,,,,,,,,,,,,,,,,,,,,,,,,,,,,,,,,,,,,,,,,,,,,,,,,,,,,,,,,,,,,,,,,,,,,,,,,,,,,,,,,,,,,,,,,,,,,,,,,,,,,,,,,,1,,1,,,,
Zx3boDXh1Q5,5 Lumbini Province,5,,379,44,86,12,681,22,19,21,42,8,510,110,215,40,302,168,212,72,111,39,217,125,59,1,108,11,4,388,235,6,459,327,204,26,5,303,58,9,8,912,554,248,170,140,177,106,3,13,135,365,70,5,350,346,79,135,249,368,344,320,188,223,27,18,51,144,110,300,29,28,35,74,294,31,33,14,8,2,30,104,57,198,261,20,84,4,3,23,102,174,479,12,144,88,92,576,28,4,1,46,14,323,16,62,19,7,505,28,36,23,8,54,157,40,122,5,83,37,7,134,9,95,153,9,223,114,18,74,80
S8J6p6tGXNb,108 TERHATHUM,108,,1,,1,,1,,1,,,,1,,,,,2,,,,,2,2,,,2,,,1,,,4,1,,,,,1,,,2,2,,1,2,6,3,,,2,1,1,,1,1,2,1,,1,,1,1,,,,4,4,2,,,,,1,2,,1,,,,,,,6,5,,1,,,,2,,1,,1,,1,1,,,,,,3,,1,,,3,1,,,,,1,,1,,,,,2,,,1,,16,2,,,
LdPgWOfFvew,20807 Birgunj Metropolitan City,20807,,,,,,,,,,,,,,,,,,,,,,81,,,,,,,,,,11,,,,,,36,,,,1,,,,,,,,,,,2,,215,,,,64,,,,,,,,,,,,,,,,30,1,,,,,,4,1,,,,,,,,88,1,,,,,,,,,,,1,,,,,11,1,,,,,2,,,,,,,1,,,,,,,,,
e5LLR9BS5yO,40807 Madhya Bindu Municipality,40807,,,,,,,,,,,,,,,,,,,,,,,,,,,,,,,,,,1,,,2,,,,3,,,,1,1,,,,,,,,,,,,,,,1,,,,,,,,,,,,2,,,,,,,,,,,,,,,,,,,3,,,,,,,,,,,1,,,,,,,,,,,,,,,,,,,,,,,,,,,
ZwtuC5ZNurI,30413 Dhunibenshi Municipality,30413,,1,,,,,,,,,,,,,,,1,,,,,,1,,,,,,2,,,,,,,,,,,,1,,,,,,,,,,,,,,,,,,,,1,1,,,,,,,2,,,,,,,,,,,,2,,,,,,,,,,,,,,,2,,,,,,,,,1,,,,,,,,,2,,,,1,,,,,,,,,,,,
hNXxypRAoOb,30410 Gajuri Rural Municipality,30410,,4,,,,,,,,2,,1,,,,1,3,3,2,,,,4,,,,,,4,,,,4,2,1,,,,,,6,2,2,,1,3,1,,1,2,2,2,,5,2,,2,,,1,2,1,,,,,,1,,,,,4,,,,,,,1,,,3,3,,2,,,,1,,1,,3,1,1,,,,,,,3,,2,,1,2,2,2,,,,,,2,,4,1,,2,,,,,5,4,,2,
ONTOB5B6FXB,70404 Surnaya Rural Municipality,70404,,,,,,,,,,,,,,,,,,,,,,,,,,,,,,,,,1,,,,,,,,,,,,,,,,,,,1,,1,,,,,,,,,,,,,,,,,,,,,,,,,,,,,,,,,,,,,,1,,,,,,,,,,,,,,,,,,,,,,,,,,,,,,,,,,,,,,
cbWHy3GuGSx,50401 Kali Gandaki Rural Municipality,50401,,,,,,,,,,,,,1,,,,,,,,,,,,,,,,,,,,,,,,,,,,,1,,,,,,,,,,,,,,,,,,,,,,,,,1,6,2,,,,,,,,,,1,,,,,1,,,,,,,,4,1,1,,,1,,,,,,,,,,,,,,,,,,,,,,,,,,,,,,,1,,
zotSDVN3Zuv,30501 Dupcheshwor Rural Municipality,30501,,1,,,,1,,,,,,3,,,,,,,,,,,,,,1,,,,,,2,,,,,,,,,,,,,,1,2,,,2,2,,,1,,1,,,,,1,2,,,,,,,,,,,,,,,,,,,,,,,,,,,,,,2,,1,,,1,,,,,,,,,,,1,2,,,,,,,,,,,,,,,2,,,,,,
RJCTklSgeBt,60408 Hima Rural Municipality,60408,,,,,,,,,,,,,,,,,,,,,,,,,,,,,,,,,1,,,,,,,,,,,,,,,,,,,,,,,,,,,,,,,,,,,,,,,,,,,,,,,,,,,,,,,,,,,,,,,,,,,,,,,,,,,,,,,,,,,,,,,,,,,,,,,,,
GtSNdnR53Be,30502 Tadi Rural Municipality,30502,,1,,,,,1,,,,,,,,,,,,,,,,,,,,,,,,,1,3,,,,,,,,,,,,,,,,,2,,2,,1,,,1,,,,,,,2,,,1,,,,,,1,,,,,,,,,,,2,,,,,,4,,,,,,,,,,,,,,,,,,,1,,,,1,,,,,,,1,2,,1,,,1,,,,
HXvoe91QCtL,50901 Banganga Municipality,50901,,,,,,,,,,,,,,,,,,2,,,,,,,,,,,,,,,,1,,,,,,,1,,,,,,,,,,,,,,,,,,,,,,,,,,,,,,,,,,,,,,,,,,,,,,,,,,,,,,,,,,,,,,,,,,,,,,,,,,,,,,,,,,,,,1,,,,
DX8NaqVcuB9,31301 Rapti Municipality,31301,,,,,2,,,,,,,,,,1,,,,,,,,,1,,2,,,,5,1,,1,,,1,,,,,,1,,,,,,,,,,,,,,,,,,,,1,,,,,,,,2,,1,,,,,,,,,,,1,,,,,,,,,,,,,,,,,,,,,,,,,,,,,,,,,,2,,,,,,,,,1,,,,2
LDhcTMEQwFc,10108 Sirijanga Rural Municipality,10108,,,,,,,,,,,,,2,,,,,1,,,,,,,,,,,,,,,,,1,,,,,,1,,,,,,1,,,1,,,,,,,,,,,,1,,,,,1,,,1,,,1,1,,,,,,,,,,,,,,,,,,,,,,,1,,,,,,,,,,,,,,,,,,,,,,,,,,,,,,,,,
VwwGw8hqdUJ,11212 Gramthan Rural Municipality,11212,,,,,,,,,,,,,,,,,,,,,,,,,,,,,,,,,,,,,,,,,,,,,1,,,,,,,,,,,,,,,,,,,,,,,,,,,,,,,,,,,,,,,,,,,,,,,,,,,,,,,,,,,,,,,,,,,,,,,,,,,,,,,,,,,,,
luYHLAcmJxy,20707 Pheta Rural Municipality,20707,,,,,,,,,,,,,,,,,,,,,,1,,,,,,,,,,1,,,,,,,,,,,,,,,,,,,1,,,,,,,,,,,,,,,,,,,,,,,,,,,,,,,,,,,,,,,,,,,,,,,,,,,,,,,,,,,,,,,,,1,,,,,,,,,,,,,1,
VBe1utpoMY6,61008 Panchapuri Municipality,61008,,,,,,,,,,,,5,,,,6,2,,,,,,1,,,,,,,1,,13,,9,,,8,,,,34,2,1,,,1,1,,,,2,,,1,,3,1,4,,3,4,,,,,,3,1,,,,,,12,,1,,,,,,3,1,,,,,,5,,,14,,,,,11,2,,,,,12,3,,,,3,,,,,,5,,,,3,,,1,1,1,,,,,,1,
oeCd9kH0yob,30610 Chandragiri Municipality,30610,,,,,,,,,,,,,,,16,,,,,,,,,,,,,,,,,,,1,,,,,,,1,,,,,1,,,,,,1,,1,,1,,,,,,,,,,,,1,,,,,,,,,,,,,,,,,,,,,,,,,,,,,,,,,,,,,,,,,,,,,,1,,,,,,,,,,,,,,,,
QzjoCwWDGN4,51208 Badhaiyatal Rural Municipality,51208,,,,,,,,,,,,,,,,,,,,,,,,,,1,,,,,,,,,,2,,,,,,,,,,,,,,,,,,1,,,,,,,,,,,,,,,,,,,,,,,,,,,,,,,,,,,,,,,,,,,,,,,,,,,,,,,,,,,,,,,,,,,,,,,,,,,,
aIGwPXtsX4s,30407 Jwalamukhi Rural Municipality,30407,,1,,,,,,,,,,,2,,1,,1,,,,,,2,,,,,,,2,2,2,1,,,,,,,,,2,,2,3,,3,,,,2,2,,1,,1,,,,2,,,,,,,2,,,,,2,5,,,1,,,,1,,,,1,,2,,,,2,,2,,1,,5,1,,,,,,2,,,,,,2,1,,,1,1,,1,,,,,1,1,,2,,4,1,,,1
SeAeUI4mRO1,31006 Khandadevi Rural Municipality,31006,,1,,,,,,,,,,,,,,1,,2,,,,,,,,,,,,,,,,,,,3,,,,4,,,,,1,,,,,,1,,,,,,,,,1,,1,,,,,,1,,,,,1,,,,,,,,,1,,,,,,,,,1,,,,1,,,,,,,,,,,,3,,,,,,,,,,,,,,,,,,1,,,,
jMeH7np95YE,10408 Manebhanjyang Rural Municipality,10408,,,,1,,,,,,,,,,,,,,1,,,,,,,,,,,1,,,2,,,,,,,,,2,,,,,,,,,,,,,,,1,,,,,1,,,,,,,,,,,,,1,,1,,,,,,1,,,,,,19,,,,1,,,,,,,20,,,,,,,,,,,,,,,,,,,1,,,1,,,,,1,,,,
bTTewrxrkF3,30104 Baiteshwor Rural Municipality,30104,,,,1,,,,,,,,,1,,,,,,,,,1,,,,,,,,,,2,,,,,2,1,,,3,,,,4,1,,,,,1,,,,,,3,,,,,,,,,,,,,,,,,1,,,,,,,,,,,,,,,,,,,,,,,5,,,,,,1,,,,,,,,,,,1,,1,1,,,,4,,,,,,,,,
uR77y1RFLcN,70307 Shailyashikhar Municipality,70307,,,,,,,,,,,,,,,,1,,,,,1,,,,,,,,,,,,,,,,,,,,,,,,,,,,,,,,,,,,,,,,,,,,,,,,,,,,,,,,,,,,,,,,,,,,,,,,,,,,,,,,,,,4,,,,,,,,,,,,,,,,,1,,,,,,,,,
lvgQNGCBZLM,70705 Chaurpati Rural Municipality,70705,,,,,,,,,,,,1,,,,,,,,,,,,,,,,,,,,,,1,,,,,,,1,,,,,,,,,,1,,,,,,,,,,,,,,,,,,,,,,,,,,,,,,,,,,,,,,,,,,,,,,,,,,,,,,,,,,,,,,,,,,,,,,,,,,,,,,,
NkmeHh5GPgn,40204 Nashon Rural Municipality,40204,,,,,,1,,,,,,,,,,,,,,,,,,,,,,,,,,,,,,,,,,,,,,,,,,,,,,,,1,,,,,,,,,,,,,,,,,,,,,,,,,,,,,,,,,,,,,,,,,,,,,,,,,,,,,,,,,,,,,,,,,,,,,,,,,,,,
MeDEuAp5vBM,30606 Tarakeshwor Municipality,30606,,,,,,,,,,,,,,,8,,1,,,,,,,,,,,,,,,,,,,,1,,,,1,,,,,1,,,,,,,,,,,,,,,,,,,,,,1,,,,,,,,,,,,,,,,,,,,,,1,,,,,,,,,,,,,,,,,,,,,,,,,,,,,,,,,,,,,,,,
EtDSLuNpLgD,20308 Hansapur Municipality,20308,,,,,,,,,,,,,,,,,,,,,,,,,,,,,,,,,,,,,,,,,,,,,,,,,,,,,,,,,,,,,,,,,,,,,,,,,,,,,,,,,,,,,,,,,,,,,,3,,,,,,,,,,,,,,,,,,,,,,,,,,,,,,,,,,,,
gZbwskTTWq8,10204 Chichila Rural Municipality,10204,,1,,,,,,,,,,,,,21,,,,,,,,,,,,,,,,,,,,,,,,,,,,,,,,,,,,,,,,,,,,,1,,,,,,,1,,,,,,,,,,,,,,,,,1,,,,,,,,,,,,,,,,,,,,,,,,1,,,,,,1,,,,,,,,,,,,,,,,
iDN6TSaZZFU,60908 Kalimati Rural Municipality,60908,,,,,,,,,,,,,,,,,,,,,,,,,,,,,,,,,,,,,,,,,,,,,,,,,,,,,,,,,,,,1,,,,,,,,,,,,,,,,,,,,,,,,,,,,,,,,,,,,,,,,,,,,,,,,,,,,,,,,,,,,,,,,,9,,,,,
JJrKf4wS7Ve,51101 Rapti Sonari Rural Municipality,51101,,,,,,,,,,,,,,,,6,,,,,,,,,,,,,,,,7,,9,,,12,,,,21,,,,,15,,,,,,,,,,2,,,,,22,,,,,,11,,,,,,,,,,,,,,,,,,,,,,1,,,,,,,1,38,,,,,,16,3,,,,,,,,,,,,,,,,,,,5,,,,,,,
pPbkIIGKxTf,50815 Sammarimai Rural Municipality,50815,,,,,,,,,,,,,,,,,,,,,,,,,,,,,,,,,,,,,,,,,,,,,,,,,,,,,,,,,,,,,,,,,,,,,,,,,,,,,,,,,,,,,,,,,,,,,,,,,,,,,,,2,,,,,,,,,,,,,,,,,,,,,,,,,,,
bxspQdWJbyA,60505 Naraharinath Rural Municipality,60505,,,,,,,,,,,,,,,,,,,,,,,,,,,,,,,,,,,,,,,,,1,1,,,,1,,,,,,,,,,,,,,,,,,,,,,,,,,,,1,,,,,,,,,,,,,,,,,,,,,,,,,,,,,,,,,,,,,,,,,,,,,,,,,,,,1,,,,
cMWLZfK0O4z,505 ARGHAKHANCHI,505,,,,5,,,,2,,,,3,2,,,2,6,5,1,,,6,1,,,1,,,1,1,,2,,,,,,,,,3,2,1,,9,2,1,,,4,4,,,1,4,,1,2,4,3,1,2,15,,,,,2,13,,,,,2,,,2,,,2,,,3,2,,1,,,1,,,1,,8,,2,2,,,,,,,,1,1,,6,,,,1,2,5,,7,,1,,,2,,1,8,,12,6,,,1
bYsQAubQrYU,31303 Ichchha Kamana Rural Municipality,31303,,1,,,,,,,,,,,,1,,1,,,,,,,1,,,,,,,,,2,,,,,1,,,,2,1,,,1,,,,,,,,,,,,,,,1,1,,,,,,1,,,,,,,1,,,,,,,1,,,,,,,,,,,,,,,,,,,,,,,1,,,,,,,,,,1,,,,,,,,,,,,,,,,
OF6Ct06Stc6,11405 Limchungbung Rural Municipality,11405,,2,,,,,,,,,,,,,,,,,,,,,,1,,,,,,,,1,,,,,,,,,,,,,,,,,,,1,,,1,,,,,,,,,,,,,,,,,,1,,,,,,,,,,,,,,,,,,,,,,,,,,,,,,,1,,,,,,,,,1,1,1,,,,,,,,,1,,,,,,,
uyvw1s0w1rY,70204 Talkot Rural Municipality,70204,,,,,,,,,,,,,,,,,,,,,,,,,,,,,,,,,,,,,2,,,,2,,,,,,,,,,1,,,,,,,,,,,,,,,,,,,,,,,,,,,,,,,,,,,,,,,,,,,,,,,,,,,,,,,,,,,,,,,,,,,,,,,,,,,,,,,
ZULmwVN4Zfv,109 PANCHTHAR,109,,5,,2,,,1,,,1,,1,1,,,,5,1,1,,,,4,,,1,,,4,1,,1,3,,,,2,,,,5,3,1,1,6,3,3,,,4,2,3,,1,2,1,3,,,4,2,6,1,,1,2,,,3,,,,1,1,,,,,1,2,2,,5,8,,,,,1,4,,1,,5,,7,,,,,1,,1,,1,,1,3,1,1,,,,6,1,,3,2,2,,1,1,,4,,5,3,,1,1
TmF0dOJwkow,31210 Bagmati Rural Municipality,31210,,,,,,,,,1,,,,,,,,,,,,,,,,,,,,,,,,,1,,,,,,,1,1,,,,,,,,,,,,,,,,,,1,,,,,,,,,,,,,,,,,,,,,,2,,1,,,,,,,,,,,,,,,,,,,,,,,,,,,,,,,1,,,,,,,,,1,,,,,,
G4tF7L9A53i,50503 Bhumikasthan Municipality,50503,,,,,,,,,,,,,,,,,,,,,,,,,,,,,,,,,,,,,,,,,,,,,,,,,,,,,,,1,,,,,,,,,,,,,1,,,,,,,,,,,,,,,,1,,,,,,,,,,,,,,,,,,,,,,,,,,,,,,,,,,,,,,,,,,,,,,
xRo2s6fO8RZ,30509 Likhu Rural Municipality,30509,,,,,,1,,,,,,,,,,,,,,,,2,,,,,,,,,,,,,,,,,,,,,,,,1,,,,,,,,,,,,,,,,,,,,,,,,,,,,,,,,,,,,,,1,,,,,1,,,,,,,,,,,,,,,,,,,,,,,,,,,,,,,,,,,,,,,,,
c8DlVHakEnq,30106 Tamakoshi Rural Municipality,30106,,,,,,,,,,,,,,,,1,1,,,,,,,,,,,,,,,,1,,,,1,,,,3,,,,,,,,,,,1,,2,,,,,,,,,,,,,,,,,,,1,,,,,,,,,,1,1,1,,,,,,,1,,,,,1,2,,,,,,,2,,,,2,1,,,,,,,,,,,,,,,,,,,1,
A4PA29cyQWN,70408 Melauli Municipality,70408,,1,,,,,,,,,,,,,,,,,,,,,,,,,,,,,,2,,7,,,7,,,,17,,,,,,,,,,,,,,,,,,,,,,,,,,,,,,,,,2,,,,,,,,,,1,,,,,,,,,,,2,,,,,,,,,,,,,,,,,,,,,,,1,,,,,,,,,,,,
MO5gPhUVx1t,40703 Myagde Rural Municipality,40703,,,,,,,,1,,,,,1,,,,,,,,,,,,,,,,,,,,,,,,,,,,,1,,,,,,,,,,,,,,,,,,1,,,,,,,,,,,,,,,,,,,,,,,,,,,,,,,,,,,,,,,,,,,,,,,,,1,,,,,,,,,,,,,,,1,,,,,,
NJRFRHdhKXf,70901 Krishnapur Municipality,70901,,,,,,,,,,,,,,,,,,,,,,,,,,,,,,,,,,,,,,,,,,,,,,,,,,,,,,,,,,,,,,,,,,,,,,,,,,,,,,,,,,,3,,,,,,,,,,,,,,,,,,,,,,,,,,,,,,,,,,,,,,,,,,,,,,,
GvgqqErqwFP,4 Gandaki Province,4,,281,51,37,19,240,26,39,5,34,6,224,133,76,55,106,107,205,83,17,65,67,200,11,12,58,25,3,247,73,3,209,166,143,29,4,179,24,3,36,619,238,140,116,105,213,149,9,5,123,190,149,7,192,251,119,135,151,188,220,186,169,132,11,1,35,181,71,185,15,46,41,174,190,9,46,4,16,7,43,142,54,170,191,10,98,12,3,42,118,34,262,17,197,91,244,189,29,19,14,40,16,228,36,57,15,4,193,182,18,27,14,32,147,26,90,1,78,15,8,151,21,85,203,4,249,89,10,80,27
dQphAmskjKr,20212 Sakhuwa Nankarkatti Rural Municipality,20212,,,,,,,,,,,,,,,,,,,,,,,,,,,,,,,,,,,,,,,,,,,,,1,,,,,,,,,,,,,,,,,,,,,,,,,,,,,,,,,,,,,,,,,,,,,,,,,,,,,,,,,,,,,,,,,,,,,,,,,,,,,,,,,,,,,
kRYymWsSu69,70802 Chure Rural Municipality,70802,,,,,,,,,,,,,,,,,,,,,,,,,,,,,,,,,,,,,,,,,2,,,,,,,,,,,,,,,,,,,,,1,,,,,,,,,,,,2,,,,,,,,,,,,,,,,,,1,,,,,,,,,,,,,,,,,,,,,,,,,,,,,,,,,9,,,,,
xGO56QuFIYs,10608 Hatuwagadhi Rural Municipality,10608,,,,,,,,,,,,,,,,,1,,,,,,1,,,,,,1,,,1,,,,,1,,,,1,1,,,,,1,,,1,1,,,,1,,,,1,,,,,,,,,,,,,,,,,,,,,1,,,,1,,,,,,,,1,,,,,3,,,,,,,,,,,,1,,,,,,,2,,,,,,,,1,,,,,,
MPVGGKIA6G4,70306 Marma Rural Municipality,70306,,,,,,,,,,,,,,,,,,,,1,,,,,,,,,,,,,,1,,,,,,,1,,,,,,,,,,,,,,,,,1,,,,,,,,,,,,,,,,,,,,,,,,,,,,,,,,,,,,,,,,,,,,,,,,,,1,,,,,,,,,,,,,,,,,,,,,,
G3hlaNbqWlq,31207 Bhimphedi Rural Municipality,31207,,,,,,,,,,,,,,,,1,1,,,,,,,,,,,,,,,,1,,,,,,,,,,,,,,,,,,1,,,1,,,,,,,1,,3,,,,,,1,,,,1,,,,,,,,,,,,,,,,,,,,,,,,,,,,,,1,,,,,1,,,,,,,,,,,,,,,,1,,,,,,
uYoqkSry0gN,41106 Nisikhola Rural Municipality,41106,,,,,,,,,,,,2,,,,1,,1,,,,,,,,1,,,1,,,2,,,,,,,,,,1,,,,4,,,,,1,1,,,,,,2,,1,3,,,,,,,,,,,,,,,,,,,,,,,,,,,,,,,,,3,,,1,,,,,,1,,,,,1,3,,,,,1,,,,,,,2,,,,,4,1,,,1
pQ9sfTqDPzf,30507 Tarakeshwor Rural Municipality,30507,,,,,,,,,,,,,,,,,,,,,,,,,,,,,,,,,,,,,,,,,,,,,,,,,,,,,,,,,,,,,,,,,,,,,,,,,,,,,,,,,,,,,,,,,,,,,,,,,,,,,,,,,,,,,,,,,,,,,,,,,,,,,,,1,,,
IDp6QAC1Prv,11010 Rong Rural Municipality,11010,,,,,,,,,,,,,,,,,,,1,,,,,,,,,,,,,1,,,,,,,,,,,,,,,,,,,,,,1,,,,,,,,,,,,,,,,,,,,,,,,,,,,,,,,,,,,,,,,,,,,,,,,,,,,,,,,,,,,,,,,,,,,,,,,1,,,,
PAcfAwNtnry,10506 Sakela Rural Municipality,10506,,,,,,,,,,,,,,,,,1,1,,,,,,,,,,,,,,1,,,,,,,,,,,,,,,,,,1,,1,,,,,,,,1,,1,,,,,1,,,,,,1,,,,,,,,,,,,,,,,,,,,,,,,,,,,,,,,,,,,1,,,,1,,,,,,,,,,,1,,1,,,,
EPL0DIwxK38,11106 Kamal Rural Municipality,11106,,,,,,,,,,,,,,,,,,,,,,,,,,,,,,,,,,,,,,,,,,,,1,,,,,,,,,,,,,,,,,,,,,,,,,,,,,,,,,,,,,,,,,,,,,,,,,,,,,,,,,,,,,,,,,,,,,,,,,,,,,,,,,,,,,,
IowlrcJuWwg,50806 Suddhodhan Rural Municipality,50806,,,,,,,,,,,,,,,,1,,,,1,,,,,,,,,,,,,,,,,,,,,,,,,,,,,,1,,,,,,,,,,,,,,,,,,,,,,,1,,,,,,,,,,,,,,,,,,,,,,,,,,,,,,,,,,,,,,,,,,,,,,,,,,,,,,,,,
Aqx5bnogLPJ,50404 Musikot Municipality,50404,,2,,,,,,,,,,,,,,,,,,,,,,,,1,,,,,,2,2,,,,,,,,,,1,,,1,1,,,,,,,2,,3,,,,,,,1,,,,2,,,,,,,,,,,,,,1,,,4,,,,,,,,,,,,1,,,,,,,,,,,,,1,,,,,,1,,,,,,1,,1,1,,,,,,
sW7CMn96Vbt,51203 Thakurbaba Municipality,51203,,,,,,,,,,,,,,,,,,,,43,,,,,,,,,1,1,,,,,,,,,,,,,,,,,,,,,,,,,,,,,,,,,,,,,,,,,,,,,,,,,,,,,,,,,,,,,,,,,,,,,,,,,,,,,,,,,,,,,,,,,,,,,,,,,,,,
Vaz2akuQgf5,70905 Dodharachadani  Municipality,70905,,,,,,,,,,,,,,,,5,,,,,1,,,,,,,,,,,,,2,,,5,,,,10,,,,8,7,,,,,,,,,,,,5,,,4,,,,,,,,,,,,,3,,,,,,,,2,,,2,,,,,,,13,,,2,,,,,,,,,,,,,,,,,,,,,,,,,,,,,,,,,,,
FluZyDqgK8D,30203 Panchpokhari Thangpal Rural Municipality,30203,,2,,,,,,,,,,11,,,,27,,,,,,,,,,,,,,2,,1,,2,,,,,,,7,,5,1,1,4,,,,,3,,,1,,1,,20,,2,2,1,,,,,5,,,1,,,3,5,,,,,,,,,,5,,,,,1,,,1,,,,4,1,,,,,,,,,,,,1,,,,,,,,,,,,,1,,1,,,,,1,
jyzaWGbY6vG,50205 Madi Rural Municipality,50205,,3,,,,1,,,,,,3,,,,,,,,,,,2,,,,,,1,,3,2,,1,,,1,,,,3,,,,,,,,,,2,,,3,,,,,,3,5,,,,,,,1,,,,,,1,,,,,,,,,3,,,,1,,1,,,,,,2,,,,,,,,3,,,,,,,,,,1,1,,2,,,,,,,,,,,,,,
ORfqiWQXI4y,30803 Godawari Municipality,30803,,,,,,,,,,1,,,,,,1,1,,,,,,,,,,,,,,,2,,,,,2,,,,3,1,,,2,,,,,,1,1,,1,,,,,,1,,1,,,,1,1,,,,,,,1,,,,,,,,,,,,1,,,,,,,,1,,,,,,,,,,,1,,,,,,,,1,,,1,,,,,1,,,,,,,,10,
JH8RPnwv8kB,308 LALITPUR,308,,,,,,,,,,1,,,4,,,2,4,3,,,,,,,,,,,,2,,2,1,,1,,3,,,,5,4,,,4,4,1,,,,1,3,,2,,2,,2,1,1,,3,,,,2,2,4,,,,2,,1,,,,,,,2,,,1,,1,,,1,1,,4,,2,,1,,1,,1,,,1,1,1,,,,,,1,,1,2,,1,,,,,7,,,1,,2,,,10,
F5xI4hl77mT,508 RUPANDEHI,508,,268,38,,6,407,1,,13,1,,301,2,141,27,112,,2,,46,29,139,,35,,46,,,224,183,3,273,199,62,1,,153,46,,7,351,2,167,124,,,,,11,1,268,19,3,228,220,,7,120,223,173,118,,110,,15,,,8,118,,11,30,2,131,26,,,,,,2,3,7,110,12,,3,,,66,133,197,2,1,52,,364,5,,,29,10,2,,32,,2,293,,22,18,,,,36,,5,,24,,2,,10,,,,,,37,
kZSDETMIlBs,31002 Gokulganga Rural Municipality,31002,,1,,2,1,,,,,1,,,4,,,,6,1,,,,,1,,,,,,,,,1,,,,,1,,,,6,,,2,1,3,1,,,1,,4,,5,,,1,,1,,,1,2,,,,1,4,2,,,,,5,,,,1,,,1,,1,,,1,,,,,,1,,2,,2,1,,,,1,,2,,,,,,2,,,,,1,,,,,1,,2,,1,,,,,,,
xh6T1nEbcgU,10406 Champadevi Rural Municipality,10406,,1,,,,,,,,,,3,,,,,1,,,,,,1,,,,,,1,,,,2,,,,,,,,12,,,,,,,,,,,1,,1,,,,,,,1,,,,,,2,,3,,,,,12,,,,,,,,,2,1,,,,,,,,,,,,1,,,,,,,,,,,,2,1,,,,,4,,,,,,,,,,,,,,,,
iqLM1XBMxyu,405 KASKI,405,,83,5,,2,27,,23,,16,,7,40,10,,8,30,67,23,,16,4,63,,,15,6,,71,,3,3,53,13,7,,11,5,1,27,54,46,26,44,9,3,68,4,3,44,15,66,,38,62,,54,23,22,9,3,52,21,,1,6,4,7,36,4,11,17,70,19,,14,1,,4,15,24,,53,56,,37,12,,3,45,2,33,2,94,6,127,7,,14,1,2,11,4,,8,5,1,60,53,2,9,,6,43,9,2,,11,1,3,22,1,,84,3,42,23,,6,10
wIOJ0eVF34c,40802 Bulingtar Rural Municipality,40802,,,,1,,,,,,1,,1,,3,,1,,,,,,,,,1,,,,1,,,,,1,,,1,,,1,5,,,,,2,,,,,1,,,,,,,,1,3,,,,,,,2,,1,,1,1,,2,,,,,,,,,,,,,,,,,1,1,,,1,,1,,,,,,1,,,,,,,,,,,,,,,1,,,,,,,,,,,,
h6i4S2EZfnc,60302 Kharpunath Rural Municipality,60302,,,,,,,,,,,,1,,,,,,,,,,,,,,,,,,,,,,,,,1,,,,1,,,,,,,,,,,,,,,,,,,,1,,,,,,,,,,,,,,,,,,,,,,,,,,,,,,,,,,,,1,,,,,,,,,,,,,,,,,,,,,,,,,,,,,,,,,
LrZTejRas1h,20415 Jaleshwor Municipality,20415,,,,,,10,,,,,,,,,,,,,,,,,,,,,,,5,,,,,,,,,8,,,11,31,,,,,,,,,,,,,,,,,,,,33,,,,,,,,,,,,6,,,,,,5,28,,,,,,,,,,,,,,,,,5,,,,,,,,,,6,,,,,,,,30,,,,,,,,,,,,,,
X4ptvPQX4oH,20318 Mukhiyapatti Musaharmiya Rural Municipality,20318,,,,,,,,,,,,,,,,,,,,,,,,,,,,,,,,,,,,,,,,,,,,,,,,,,,,,,,,,,1,,,,,,,,,,,,,,,,,,2,,,,2,,,,,,,,,,,,1,,,,,,,,,,,,,,,,,,,,,,,,,,,,,,,,,,,,,,
MidYQV1Jxnv,70909 Beldandi Rural Municipality,70909,,,,,,,,,,,,,,,,,,,,,,,,,,,,,,,,8,,,,,2,,,,2,,,,,,,,,,,,,,,,,2,,,,,,,,,,,,,,,,,,,,,,,,,,,,,,,,,,,,,,,9,,,,,,8,,,,,,,,,,,,,,,,,,,,,,,,,,,
WZx3wCWLlU2,20211 Laxmipur Patari Rural Municipality,20211,,,,,,,,,,,,,,,,,,,,,,,,,,,,,,,,,,,,,,,,,,,,,,,,82,,,,,,,,,,,,,,,,,,,,,,,,,,,,,,,,,,,,,,,,,,,,,,,,,,,,,,,,,,,,,,,,,,,,,,,,,,,,,,,,,,
gannbFbizVo,310 RAMECHHAP,310,,9,,2,1,5,,,,1,,,8,1,,4,8,7,1,,,1,1,,,,,,5,,,6,2,1,,,6,,,,17,2,7,3,3,9,7,,,1,2,11,,10,3,1,4,2,1,3,7,3,3,,,1,3,6,11,,,,1,10,,,,1,,,2,1,4,1,,2,1,,,1,,3,,11,,5,4,,,,1,,2,1,2,,,8,6,,,,,2,1,4,,,1,,4,,1,2,,1,11,,1,
ZxJiWxbQnck,51008 Rapti Rural Municipality,51008,,,,,,,,,,,,,,,,,,,,,,,,,,,,1,,,,,,28,,,,,,,53,,,,,,,,,,,,,,,,,,,,,,,,,,,,,,,,,,,,,,,,,,,,,,,,,,,2,,,,,,,,,,,5,,,,,,,,,,,,,,,25,,,,,,,,,,,,
REJz6rWHGxN,10609 Aamchowk Rural Municipality,10609,,1,,,,,,,,,1,,1,,,1,,1,,,,,,,,,,,1,,,,,,,,,,,,,3,,,,,,,,1,,,,,,3,,,,,,,1,,,,,1,,,,,,,,,,,,,,,,,,,,,,,,,,2,,,,,,,,,1,,,,,,,,,,,1,,,,,,,,,,,,,1,,,
Jder3u2LeBr,20401 Bardibas Municipality,20401,,,,,,,,,,,,,,,,,2,,,,,,,,,,,,,,,,,,,,,,,,,,,,,,,,,,,,,,,,,,,,,,,,,,,,,,,,,,,,,,,,,,,,,,,,,,,,,,,,,,,,,,,,,,,,,,,,,,,,,,,,,,,,,,,,,
PjkAYw0M8s9,61005 Bheriganga Municipality,61005,,,,,,,,,,,,,,,,,,,,,,,,,,,,,,,,,,,,,1,,,,1,,,,,,,,,,1,,,,,,,,,,,,,,,,,,,,,,,,,,,,,,,,,,,,,,,,,,,,,,,,,,,,,,,,,,,,,,,,,,,,,,,,,,,,,,,
piWZ5DyW8lE,30408 Siddhalek Rural Municipality,30408,,,,,,,,,,,,,,,,,,,,,1,,,,,,,,,,,,,2,,,1,,,,10,,1,,,1,,,,,,,,,,1,,,,2,,,,,,,1,,,,,,,5,,,,,,,,,,,,,,,1,,,1,,,,,,2,,,,,,,,,,,,,,,,,,,,,,,,,,,,,,,,
NSLL7YIXBJH,704 BAITADI,704,,1,,,,1,,,,1,,2,,,,,,,,,,,,,,,,,2,,,6,1,8,,,13,1,,,28,,,,,,,,,,,1,,2,3,,,2,,2,3,1,,,,,2,1,,,,,,4,,,,,,,,2,1,1,1,,,,,,,2,,2,2,,1,1,,,,,1,,,,,4,,,,,,4,,,1,2,1,,2,,1,3,,,,,2,
JOFQcGku0Bj,50203 Paribartan Rural Municipality,50203,,,,,,,,,,,,,,,,5,,,,,,,,,,,,,1,,,,,,,1,2,,,,4,,,,1,,,,,,,,,1,1,,,1,,,3,,1,,,,,,4,,,,,2,,,,,,,,,,1,,,,,,,,,,,,,,,,,,,,,,,,1,,,,,,,,,,,,,,,1,,,,,,,
BnMyon9qUaj,10306 Necha Salyan Rural Municipality,10306,,,,,,,,,,,,,,,,2,,,,,,,,,,1,,,1,,,5,1,1,,,1,,,1,3,,,,,,,,,,,1,,,,,,,,,,,,,,,,,,,1,,1,,,,,,,,,,,1,,,,,,1,,,,,,,,1,,,,,1,1,,,,,,,,,,,,,,,,,,,,1,,,,,,
RGfG4rzHv7x,50610 Nisdi Rural Municipality,50610,,,,,,,,,,,,,2,,,,,1,,,,,,,,,,,2,1,,,1,1,,,,,,,1,,,,,,,,,,1,,,,,,,,,,,,,,,,,,,,,,,,,,,,,,,,,,,,,,,,,,,1,,,,,,,2,,,,,,,,,,,,,,,,,,,,,,,1,,,,,,
MaArAXGzq0b,30405 Netrawati Rural Municipality,30405,,1,,,,1,,,,,,4,,,,,,,,,,,1,,,,,,,,,,,,,,,,,,,,3,,,,,,,1,3,,,5,,,,,,,,,,,,,,,,,,,,,,,,,,,,,,,,,,,,,,,,,,3,,,,,,,2,,1,,,,,,,,,,,,,,,,1,,,,,,,,,
bdOniUUPLUd,11406 Tapli Rural Municipality,11406,,,,,,,,,,,,,,,,,,,,,,,,,,,,,,,,,,,,,,,,,,,,,,,,,,,,,,,,,,,,,,,,,,,,,,,,,,,,,,,,,,,1,,,,,,,,,,,,,,,,,1,,,,,,,,,,,,,,,,,,,,,1,,,,,,,,,
BfVFDcrQ4c9,41001 Modi Rural Municipality,41001,,,,,,,,,,,,1,3,,,2,,,,,,,,,,,,,1,,,1,,,,,,2,,,1,1,,,,,,,,1,,,,1,,,1,,,,1,1,,,,,,,,,,,1,1,,,,,,,,,1,,,,,,,,,,,,,,2,,,,,,,,,,,1,2,,,,,,1,,,,,,,,1,1,,1,,,,
yPHX34J5S5u,30703 Madhyapur Thimi Municipality,30703,,,,,,1,,,,,,1,,,,,,,,,,,,,1,,,,,,,,,,,,,,,1,,,,,,1,,,,,,,,,,,,,,,,,,,,,,,,,,,,,1,,,,,,,,,,,,,,,,,,,,,,,,,,,,2,,,,,,1,,,,,,,,,,,,,,,,,1,,,,
zqnuKR0JAhJ,70309 Lekam Rural Municipality,70309,,,,,,,,,,,,,,,,,,,,,,,,,,,,,,,,,,,,,4,,,,4,,,,,,,,,,,,,,,,,,,,,,,,,,,,,,,,,,16,,,,,,,,,,,,,,,,,,,,,,,,,,,,,,,,,,,,,,,,,,,,,,,,,,,,,,,
XG7X38Ke2bh,10302 Mahakulung Rural Municipality,10302,,5,,,,4,,,,2,,3,,1,1,1,,,,,,1,,,,,,1,,2,1,,4,1,,,2,,,,5,,,1,1,5,3,,,5,1,5,,3,1,1,,7,3,1,6,,1,,,,3,,3,,1,,6,2,,,,,,1,,,,5,,9,,,,5,1,4,,4,,1,3,,,,,,2,,,,,,1,1,,,,1,,,,,,,4,,1,2,,2,1,,3,1
PPGIT7pWlmR,10605 Arun Rural Municipality,10605,,,,,1,,,,,,,,,,,1,,,,,,,,,,,,,,,,,,,,,,,,,,,,,,,,,,,,,,,,,,,,,1,,,,,,,,,,,,,,,,,,,,1,,,,,,,,,,,,,,,,,,,,,,,,,,,,,,,,,,,,,,,,2,,,,,,,,,
cMni1fmiBhC,50702 Sunawal Municipality,50702,,,,,,,,,,,,,,,,,,,,,,,,,,,,,1,,,,,,,,,,,,,3,,,,,,,,,,,,,,,,,,,,,,,,1,,,,,,,,,,,,,,,,,,9,,,,,,,,,,,,,,,,,,,,,5,,,,,4,,,,,,,,,,,,,,,,2,,,,
