organisationunitid,organisationunitname,organisationunitcode,,OPD-Morbidity-Other Diseases & Injuries-Snake Bite-Poisonous Mangsir 2081,OPD-Morbidity-Other Diseases & Injuries-Snake Bite-Poisonous Ashwin 2080,OPD-Morbidity-Other Diseases & Injuries-Snake Bite-Poisonous Asar 2078,OPD-Morbidity-Other Diseases & Injuries-Snake Bite-Poisonous Magh 2073,11.12 - Number of cases of snake bites Ashwin 2081,OPD-Morbidity-Other Diseases & Injuries-Snake Bite-Poisonous Kartik 2075,11.12 - Number of cases of snake bites Falgun 2075,OPD-Morbidity-Other Diseases & Injuries-Snake Bite-Poisonous Chaitra 2078,OPD-Morbidity-Other Diseases & Injuries-Snake Bite-Poisonous Bhadra 2076,11.12 - Number of cases of snake bites Magh 2074,OPD-Morbidity-Other Diseases & Injuries-Snake Bite-Poisonous Baishak 2081,OPD-Morbidity-Other Diseases & Injuries-Snake Bite-Poisonous Mangsir 2072,OPD-Morbidity-Other Diseases & Injuries-Snake Bite-Poisonous Ashwin 2076,OPD-Morbidity-Other Diseases & Injuries-Snake Bite-Poisonous Magh 2080,11.12 - Number of cases of snake bites Shrawan 2076,11.12 - Number of cases of snake bites Poush 2078,OPD-Morbidity-Other Diseases & Injuries-Snake Bite-Poisonous Mangsir 2079,OPD-Morbidity-Other Diseases & Injuries-Snake Bite-Poisonous Baishak 2073,11.12 - Number of cases of snake bites Kartik 2079,11.12 - Number of cases of snake bites Ashwin 2077,11.12 - Number of cases of snake bites Shrawan 2073,11.12 - Number of cases of snake bites Falgun 2077,OPD-Morbidity-Other Diseases & Injuries-Snake Bite-Poisonous Ashwin 2078,OPD-Morbidity-Other Diseases & Injuries-Snake Bite-Poisonous Shrawan 2082 - Asar 2083,11.12 - Number of cases of snake bites Baishak 2078,OPD-Morbidity-Other Diseases & Injuries-Snake Bite-Poisonous Falgun 2073,11.12 - Number of cases of snake bites Baishak 2082,OPD-Morbidity-Other Diseases & Injuries-Snake Bite-Poisonous Asar 2081,11.12 - Number of cases of snake bites Kartik 2072,11.12 - Number of cases of snake bites Ashwin 2075,OPD-Morbidity-Other Diseases & Injuries-Snake Bite-Poisonous Ashwin 2075,OPD-Morbidity-Other Diseases & Injuries-Snake Bite-Poisonous Magh 2072,11.12 - Number of cases of snake bites Falgun 2078,OPD-Morbidity-Other Diseases & Injuries-Snake Bite-Poisonous Chaitra 2079,11.12 - Number of cases of snake bites Shrawan 2082 - Asar 2083,OPD-Morbidity-Other Diseases & Injuries-Snake Bite-Poisonous Jestha 2081,11.12 - Number of cases of snake bites Chaitra 2078,11.12 - Number of cases of snake bites Kartik 2080,11.12 - Number of cases of snake bites Kartik 2073,11.12 - Number of cases of snake bites Asar 2072,OPD-Morbidity-Other Diseases & Injuries-Snake Bite-Poisonous Ashwin 2074,11.12 - Number of cases of snake bites Kartik 2076,OPD-Morbidity-Other Diseases & Injuries-Snake Bite-Poisonous Jestha 2079,OPD-Morbidity-Other Diseases & Injuries-Snake Bite-Poisonous Kartik 2074,OPD-Morbidity-Other Diseases & Injuries-Snake Bite-Poisonous Ashwin 2077,11.12 - Number of cases of snake bites Magh 2080,OPD-Morbidity-Other Diseases & Injuries-Snake Bite-Poisonous Bhadra 2079,OPD-Morbidity-Other Diseases & Injuries-Snake Bite-Poisonous Ashwin 2082,11.12 - Number of cases of snake bites Asar 2082,11.12 - Number of cases of snake bites Mangsir 2072,11.12 - Number of cases of snake bites Mangsir 2076,11.12 - Number of cases of snake bites Mangsir 2081,11.12 - Number of cases of snake bites Magh 2078,11.12 - Number of cases of snake bites Bhadra 2079,OPD-Morbidity-Other Diseases & Injuries-Snake Bite-Poisonous Baishak 2079,11.12 - Number of cases of snake bites Asar 2075,11.12 - Number of cases of snake bites Poush 2075,OPD-Morbidity-Other Diseases & Injuries-Snake Bite-Poisonous Magh 2075,11.12 - Number of cases of snake bites Shrawan 2082,11.12 - Number of cases of snake bites Ashwin 2079,OPD-Morbidity-Other Diseases & Injuries-Snake Bite-Poisonous Baishak 2080,OPD-Morbidity-Other Diseases & Injuries-Snake Bite-Poisonous Shrawan 2074,11.12 - Number of cases of snake bites Jestha 2072,11.12 - Number of cases of snake bites Ashwin 2080,OPD-Morbidity-Other Diseases & Injuries-Snake Bite-Poisonous Chaitra 2081,OPD-Morbidity-Other Diseases & Injuries-Snake Bite-Poisonous Ashwin 2073,11.12 - Number of cases of snake bites Asar 2080,OPD-Morbidity-Other Diseases & Injuries-Snake Bite-Poisonous Mangsir 2074,OPD-Morbidity-Other Diseases & Injuries-Snake Bite-Poisonous Mangsir 2078,OPD-Morbidity-Other Diseases & Injuries-Snake Bite-Poisonous Shrawan 2078,11.12 - Number of cases of snake bites Shrawan 2077,OPD-Morbidity-Other Diseases & Injuries-Snake Bite-Poisonous Magh 2076,11.12 - Number of cases of snake bites Chaitra 2074,OPD-Morbidity-Other Diseases & Injuries-Snake Bite-Poisonous Asar 2079,11.12 - Number of cases of snake bites Falgun 2072,11.12 - Number of cases of snake bites Falgun 2074,OPD-Morbidity-Other Diseases & Injuries-Snake Bite-Poisonous Chaitra 2077,11.12 - Number of cases of snake bites Kartik 2081,11.12 - Number of cases of snake bites Shrawan 2075,11.12 - Number of cases of snake bites Poush 2074,11.12 - Number of cases of snake bites Poush 2079,11.12 - Number of cases of snake bites Bhadra 2075,OPD-Morbidity-Other Diseases & Injuries-Snake Bite-Poisonous Baishak 2076,OPD-Morbidity-Other Diseases & Injuries-Snake Bite-Poisonous Mangsir 2082,11.12 - Number of cases of snake bites Chaitra 2080,OPD-Morbidity-Other Diseases & Injuries-Snake Bite-Poisonous Falgun 2077,11.12 - Number of cases of snake bites Ashwin 2078,OPD-Morbidity-Other Diseases & Injuries-Snake Bite-Poisonous Baishak 2077,11.12 - Number of cases of snake bites Chaitra 2075,11.12 - Number of cases of snake bites Ashwin 2082,OPD-Morbidity-Other Diseases & Injuries-Snake Bite-Poisonous Poush 2073,OPD-Morbidity-Other Diseases & Injuries-Snake Bite-Poisonous Mangsir 2075,OPD-Morbidity-Other Diseases & Injuries-Snake Bite-Poisonous Jestha 2075,11.12 - Number of cases of snake bites Jestha 2073,11.12 - Number of cases of snake bites Chaitra 2079,11.12 - Number of cases of snake bites Bhadra 2072,OPD-Morbidity-Other Diseases & Injuries-Snake Bite-Poisonous Baishak 2075,11.12 - Number of cases of snake bites Chaitra 2076,11.12 - Number of cases of snake bites Bhadra 2074,11.12 - Number of cases of snake bites Bhadra 2080,OPD-Morbidity-Other Diseases & Injuries-Snake Bite-Poisonous Poush 2077,11.12 - Number of cases of snake bites Bhadra 2076,OPD-Morbidity-Other Diseases & Injuries-Snake Bite-Poisonous Shrawan 2072,11.12 - Number of cases of snake bites Mangsir 2080,11.12 - Number of cases of snake bites Jestha 2076,OPD-Morbidity-Other Diseases & Injuries-Snake Bite-Poisonous Poush 2076,11.12 - Number of cases of snake bites Falgun 2080,OPD-Morbidity-Other Diseases & Injuries-Snake Bite-Poisonous Jestha 2074,OPD-Morbidity-Other Diseases & Injuries-Snake Bite-Poisonous Baishak 2074,11.12 - Number of cases of snake bites Bhadra 2073,11.12 - Number of cases of snake bites Chaitra 2072,OPD-Morbidity-Other Diseases & Injuries-Snake Bite-Poisonous Shrawan 2073,OPD-Morbidity-Other Diseases & Injuries-Snake Bite-Poisonous Shrawan 2076,OPD-Morbidity-Other Diseases & Injuries-Snake Bite-Poisonous Baishak 2082,OPD-Morbidity-Other Diseases & Injuries-Snake Bite-Poisonous Magh 2079,11.12 - Number of cases of snake bites Jestha 2080,11.12 - Number of cases of snake bites Poush 2072,11.12 - Number of cases of snake bites Bhadra 2081,OPD-Morbidity-Other Diseases & Injuries-Snake Bite-Poisonous Magh 2074,OPD-Morbidity-Other Diseases & Injuries-Snake Bite-Poisonous Baishak 2078,11.12 - Number of cases of snake bites Bhadra 2077,OPD-Morbidity-Other Diseases & Injuries-Snake Bite-Poisonous Shrawan 2080,OPD-Morbidity-Other Diseases & Injuries-Snake Bite-Poisonous Mangsir 2076,OPD-Morbidity-Other Diseases & Injuries-Snake Bite-Poisonous Jestha 2072,OPD-Morbidity-Other Diseases & Injuries-Snake Bite-Poisonous Magh 2078,11.12 - Number of cases of snake bites Chaitra 2081,11.12 - Number of cases of snake bites Mangsir 2077,OPD-Morbidity-Other Diseases & Injuries-Snake Bite-Poisonous Chaitra 2073,11.12 - Number of cases of snake bites Kartik 2078,OPD-Morbidity-Other Diseases & Injuries-Snake Bite-Poisonous Asar 2076,OPD-Morbidity-Other Diseases & Injuries-Snake Bite-Poisonous Baishak 2072,11.12 - Number of cases of snake bites Baishak 2076,11.12 - Number of cases of snake bites Shrawan 2074,11.12 - Number of cases of snake bites Falgun 2076,OPD-Morbidity-Other Diseases & Injuries-Snake Bite-Poisonous Shrawan 2082,OPD-Morbidity-Other Diseases & Injuries-Snake Bite-Poisonous Falgun 2072,11.12 - Number of cases of snake bites Baishak 2079,11.12 - Number of cases of snake bites Bhadra 2078,11.12 - Number of cases of snake bites Asar 2074,OPD-Morbidity-Other Diseases & Injuries-Snake Bite-Poisonous Jestha 2076,11.12 - Number of cases of snake bites Mangsir 2078,11.12 - Number of cases of snake bites Jestha 2081,11.12 - Number of cases of snake bites Kartik 2082,OPD-Morbidity-Other Diseases & Injuries-Snake Bite-Poisonous Kartik 2080,OPD-Morbidity-Other Diseases & Injuries-Snake Bite-Poisonous Bhadra 2074,OPD-Morbidity-Other Diseases & Injuries-Snake Bite-Poisonous Bhadra 2081,OPD-Morbidity-Other Diseases & Injuries-Snake Bite-Poisonous Falgun 2081,OPD-Morbidity-Other Diseases & Injuries-Snake Bite-Poisonous Asar 2082,OPD-Morbidity-Other Diseases & Injuries-Snake Bite-Poisonous Magh 2077,11.12 - Number of cases of snake bites Magh 2075,11.12 - Number of cases of snake bites Bhadra 2082,11.12 - Number of cases of snake bites Asar 2081,OPD-Morbidity-Other Diseases & Injuries-Snake Bite-Poisonous Shrawan 2081,11.12 - Number of cases of snake bites Magh 2079,11.12 - Number of cases of snake bites Ashwin 2074,OPD-Morbidity-Other Diseases & Injuries-Snake Bite-Poisonous Asar 2075,11.12 - Number of cases of snake bites Kartik 2074,OPD-Morbidity-Other Diseases & Injuries-Snake Bite-Poisonous Jestha 2078,OPD-Morbidity-Other Diseases & Injuries-Snake Bite-Poisonous Poush 2075,OPD-Morbidity-Other Diseases & Injuries-Snake Bite-Poisonous Asar 2073,OPD-Morbidity-Other Diseases & Injuries-Snake Bite-Poisonous Poush 2081,11.12 - Number of cases of snake bites Jestha 2077,11.12 - Number of cases of snake bites Baishak 2077,11.12 - Number of cases of snake bites Magh 2072,11.12 - Number of cases of snake bites Poush 2073,OPD-Morbidity-Other Diseases & Injuries-Snake Bite-Poisonous Jestha 2082,OPD-Morbidity-Other Diseases & Injuries-Snake Bite-Poisonous Mangsir 2080,OPD-Morbidity-Other Diseases & Injuries-Snake Bite-Poisonous Asar 2077,OPD-Morbidity-Other Diseases & Injuries-Snake Bite-Poisonous Jestha 2073,OPD-Morbidity-Other Diseases & Injuries-Snake Bite-Poisonous Shrawan 2077,11.12 - Number of cases of snake bites Falgun 2073,11.12 - Number of cases of snake bites Magh 2081,11.12 - Number of cases of snake bites Magh 2076,11.12 - Number of cases of snake bites Poush 2077,11.12 - Number of cases of snake bites Shrawan 2078,11.12 - Number of cases of snake bites Kartik 2075,11.12 - Number of cases of snake bites Falgun 2079,11.12 - Number of cases of snake bites Shrawan 2079,11.12 - Number of cases of snake bites Asar 2079,11.12 - Number of cases of snake bites Chaitra 2077,11.12 - Number of cases of snake bites Magh 2073,OPD-Morbidity-Other Diseases & Injuries-Snake Bite-Poisonous Bhadra 2082,11.12 - Number of cases of snake bites Mangsir 2073,11.12 - Number of cases of snake bites Ashwin 2072,OPD-Morbidity-Other Diseases & Injuries-Snake Bite-Poisonous Kartik 2077,OPD-Morbidity-Other Diseases & Injuries-Snake Bite-Poisonous Poush 2080,OPD-Morbidity-Other Diseases & Injuries-Snake Bite-Poisonous Ashwin 2079,11.12 - Number of cases of snake bites Baishak 2073,11.12 - Number of cases of snake bites Magh 2077,11.12 - Number of cases of snake bites Mangsir 2075,11.12 - Number of cases of snake bites Asar 2078,OPD-Morbidity-Other Diseases & Injuries-Snake Bite-Poisonous Asar 2074,11.12 - Number of cases of snake bites Jestha 2078,11.12 - Number of cases of snake bites Mangsir 2079,OPD-Morbidity-Other Diseases & Injuries-Snake Bite-Poisonous Jestha 2080,OPD-Morbidity-Other Diseases & Injuries-Snake Bite-Poisonous Poush 2078,OPD-Morbidity-Other Diseases & Injuries-Snake Bite-Poisonous Asar 2072,OPD-Morbidity-Other Diseases & Injuries-Snake Bite-Poisonous Ashwin 2081,11.12 - Number of cases of snake bites Shrawan 2081,OPD-Morbidity-Other Diseases & Injuries-Snake Bite-Poisonous Falgun 2076,11.12 - Number of cases of snake bites Chaitra 2073,11.12 - Number of cases of snake bites Poush 2076,11.12 - Number of cases of snake bites Asar 2076,OPD-Morbidity-Other Diseases & Injuries-Snake Bite-Poisonous Falgun 2079,11.12 - Number of cases of snake bites Baishak 2072,OPD-Morbidity-Other Diseases & Injuries-Snake Bite-Poisonous Shrawan 2079,OPD-Morbidity-Other Diseases & Injuries-Snake Bite-Poisonous Bhadra 2073,OPD-Morbidity-Other Diseases & Injuries-Snake Bite-Poisonous Magh 2081,11.12 - Number of cases of snake bites Baishak 2074,OPD-Morbidity-Other Diseases & Injuries-Snake Bite-Poisonous Kartik 2076,11.12 - Number of cases of snake bites Shrawan 2072,11.12 - Number of cases of snake bites Asar 2077,11.12 - Number of cases of snake bites Shrawan 2080,OPD-Morbidity-Other Diseases & Injuries-Snake Bite-Poisonous Bhadra 2077,OPD-Morbidity-Other Diseases & Injuries-Snake Bite-Poisonous Bhadra 2080,11.12 - Number of cases of snake bites Poush 2080,OPD-Morbidity-Other Diseases & Injuries-Snake Bite-Poisonous Ashwin 2072,OPD-Morbidity-Other Diseases & Injuries-Snake Bite-Poisonous Mangsir 2073,11.12 - Number of cases of snake bites Jestha 2082,OPD-Morbidity-Other Diseases & Injuries-Snake Bite-Poisonous Poush 2072,11.12 - Number of cases of snake bites Jestha 2079,OPD-Morbidity-Other Diseases & Injuries-Snake Bite-Poisonous Chaitra 2072,11.12 - Number of cases of snake bites Jestha 2074,OPD-Morbidity-Other Diseases & Injuries-Snake Bite-Poisonous Falgun 2080,OPD-Morbidity-Other Diseases & Injuries-Snake Bite-Poisonous Kartik 2078,11.12 - Number of cases of snake bites Asar 2073,OPD-Morbidity-Other Diseases & Injuries-Snake Bite-Poisonous Poush 2079,11.12 - Number of cases of snake bites Poush 2081,OPD-Morbidity-Other Diseases & Injuries-Snake Bite-Poisonous Jestha 2077,OPD-Morbidity-Other Diseases & Injuries-Snake Bite-Poisonous Chaitra 2075,OPD-Morbidity-Other Diseases & Injuries-Snake Bite-Poisonous Chaitra 2080,11.12 - Number of cases of snake bites Mangsir 2082,OPD-Morbidity-Other Diseases & Injuries-Snake Bite-Poisonous Poush 2074,OPD-Morbidity-Other Diseases & Injuries-Snake Bite-Poisonous Falgun 2078,OPD-Morbidity-Other Diseases & Injuries-Snake Bite-Poisonous Chaitra 2076,OPD-Morbidity-Other Diseases & Injuries-Snake Bite-Poisonous Kartik 2079,11.12 - Number of cases of snake bites Kartik 2077,11.12 - Number of cases of snake bites Jestha 2075,OPD-Morbidity-Other Diseases & Injuries-Snake Bite-Poisonous Bhadra 2072,OPD-Morbidity-Other Diseases & Injuries-Snake Bite-Poisonous Kartik 2072,11.12 - Number of cases of snake bites Baishak 2075,OPD-Morbidity-Other Diseases & Injuries-Snake Bite-Poisonous Falgun 2074,OPD-Morbidity-Other Diseases & Injuries-Snake Bite-Poisonous Kartik 2073,11.12 - Number of cases of snake bites Ashwin 2073,OPD-Morbidity-Other Diseases & Injuries-Snake Bite-Poisonous Asar 2080,OPD-Morbidity-Other Diseases & Injuries-Snake Bite-Poisonous Kartik 2082,11.12 - Number of cases of snake bites Mangsir 2074,OPD-Morbidity-Other Diseases & Injuries-Snake Bite-Poisonous Bhadra 2078,OPD-Morbidity-Other Diseases & Injuries-Snake Bite-Poisonous Kartik 2081,OPD-Morbidity-Other Diseases & Injuries-Snake Bite-Poisonous Bhadra 2075,OPD-Morbidity-Other Diseases & Injuries-Snake Bite-Poisonous Shrawan 2075,OPD-Morbidity-Other Diseases & Injuries-Snake Bite-Poisonous Falgun 2075,OPD-Morbidity-Other Diseases & Injuries-Snake Bite-Poisonous Chaitra 2074,11.12 - Number of cases of snake bites Baishak 2080,11.12 - Number of cases of snake bites Ashwin 2076,11.12 - Number of cases of snake bites Falgun 2081,OPD-Morbidity-Other Diseases & Injuries-Snake Bite-Poisonous Mangsir 2077,11.12 - Number of cases of snake bites Baishak 2081
YubZ3SsXpMk,10905 Falgunanda Rural Municipality,10905,,,,,,,,,,,,,,,,6,,,,1,2,2,,,1,1,,,,,3,,,,,3,,,,1,2,,1,1,,,,,,,,1,,,,,3,1,,,,,,,,,,,,,,1,,,,,,,,3,1,,2,,,,,,,1,,,,,1,,1,,1,3,,,3,,,,,,,,,1,,,,,,,1,,,4,,,,,,1,,,,,,3,,,,,2,2,,,,1,,,1,,,,,2,1,,,3,,2,1,,,,,1,,,,,,,,,,,,3,2,,1,,,,1,,,,,,,,,2,,1,,,,,,1,,,,,,2,,,,,,1,1,,,,,,,,,1,,1,,,,,,,1,,,,,,,1,,,,,,,3,,,,,,,,,,,2,,,
UYA23UmgomU,30802 Lalitpur Metropolitan City,30802,,,,,,,,,,,,,,,,,,,,,,1,,,,,,,,,,,,,,1,,,,,,,,,,,,,,,,,,,,,,,,,,,,,,,,,,,,,,,,,,,,,,,,,,1,,,,,,,,,2,,1,,,,,,,,,,,,,,,,,,,,,,,,,,,,,,,,,,,,,,,,,,,,,,,,,,,,,,,,,,,,,,,,,,,,,,,,,2,,,,,,,,,,,,,,,3,,,,,,,,,,,,,,,,,,,,,,,,,,,,,,,,,1,,,,,,,,,,,,,,,1,,,,,,,1,,,,,,,,,,,,,,,,,,,
wXQf5ocsOhG,20804 Paterwa Sugauli Rural Municipality,20804,,,,,,,,,,,,,,,,,,,,,,,,,,,,,,,,,,,,,,,,,,,,,,,,,,,,,,,,,,,,,1,,,,,,,,,,,,,,,,,,,,,,,,,,,,,,,,,,,,,,,,,,,,,,,,,,,,,,,,,,,,,,,,,,,,,,,,,,,,,,,,,,,,,,,,,,,,,,,,,,,,,,,,,,,,,,,,,,,,,,,,,,,,,,,,,,,,,,,,,,,,,,,,,,,,,,,,,,,,,,,,,,,,,,,,,,,,,,,,,,,,,,,,,,,,,,,,,,,,,,
cRyJg8XWXOc,30511 Shivapuri Rural Municipality,30511,,,,,,1,,,,,,,,,,,,,,,,,,,,,,1,,,1,,,,,3,,,,,,,,,,,,,,2,,,,,1,,,,,1,,,,,4,,,1,,,,1,,,,,,,,,,,,,,,,1,,,,,,,,,3,,,3,1,,1,,,,,,,,,,,,,,,,,,,1,,,,,,,,,,,,1,,,,,,1,,,,,,,,,,,,2,1,,,,,,,,,,,,,,,,,,,,,,,2,,,1,,,,,,,,,,,,,1,,,,,,,,,,,,,,,1,,,,,,1,,,,,,,,,,,,,,,,,,,,,,,,,,,,,,,,1,1,,,,,,,,,,1,,,
xBDvxlFhSZC,11213 Budhiganga Rural Municipality,11213,,,,,,,,,,,,,,,,,,,,,,,,,,,,,,,,,,,,1,,,,,,,,,,,,,,,,,,,,,,,,,,,,,,,,,,,,,,,,,,,,,,,,,,,,,,,1,,,,,,,,,,,,,,,,,,,,,,,,,,,,,,,,,,,,,,,,,,,,,,,,,,,,,,,,,,,,,,,,,,,,,,,,,,,,,,,,,,,,,,,,,,,,,,,,,,,,,,,,,,,,,,,,,,,,,,,,,,,,,,,,,,,,,,,,,,,,,,,,,,,,,,,,,,,,,,,,,,,,,,,,
A8EZqSGm5PY,11306 Itahari Sub-Metropolitan City,11306,,2,,1,,163,,,,,,,,,,,,3,,89,,,,,76,,,,,,,,,,,462,,,,,,,,,,,,,,197,,,54,,,,,,,147,,,,,,2,,,,,,,,,,,,,129,,,13,,,3,,,,,,,,,,,,,,,,1,,,,,,,,,,,,,,,,,1,203,,,,,,,,54,,,,,,,,,32,,,,,,,,87,,,45,2,21,,,174,,37,,,,,1,,,,,,,,,,,,,,7,,,,,,,,,,32,,2,,,,,,,1,,1,43,,,,27,274,,,,,,,,,,,,,,,,1,,2,,,1,,,,,,,,20,,,,54,,,,3,,,,,,,,,,9,,,9,,,,,,,28,,
XJBL0CSQyqH,60801 Aathabisakot Municipality,60801,,,,,,1,,,,,,,,,,,,,,,2,,,,,,,,1,,,,,,,5,,,,,1,,,1,,2,,,,,,,,,,,,,,,,,,,2,,,,,,,,,,,,,,,,,,,,,,,,,,2,,,,,,,,,,1,,,,,,,,,,,,,,,,,,1,,,,,,,,,,,,,,,2,,,,,,,,,,,,,,,,,,3,1,,,,,,,,,,,,,,,,,,,,,,,,,,,,,,,,,,,,,,1,,,,,,,,,,,,,,,,,,,,,1,,,,,,,,,,1,,,,,,,,,,,,,,,,,,,,,,,,,,,,,,,,,,,,,
IWfloqDjBht,20801 Thori Rural Municipality,20801,,,,,,13,,,,1,,,,,,2,,,,1,,,,,,1,,9,,,1,,,,,1,,,,,2,1,1,,,,,,,17,,1,,,1,,1,,,,2,,,,,2,1,1,,,,,,,,,,,4,9,,,3,,,,,,,,1,,,,,,,,,,,,4,,,,,1,,,1,,,2,3,,,,11,,,,1,,,,9,,,,,,,1,,,,,,,,,,,,,4,,4,,,,,3,,1,1,,,,,,,,,,3,,1,,,,,,,1,,,1,,,,,,4,,,,,,,1,,1,,,,1,3,11,,,,,,,,1,,,1,,1,1,,,,1,,12,,1,,,1,,,,,,,,,,,,1,,,,,,,,1,,,,,1,,1,,,,,4,,
N6qQtnkpek0,50410 Gulmi Durbar Rural Municipality,50410,,,,,,,,,,,,,,,,,,,,,,,,,,,,,,,,,,,,1,,,,,,,,,,,,,,1,,,,,,,,,,1,,,,,,,,,,,,,,,,,,,,,,,,,,,,,,,,,,,,,,,,,,,,,,,,,,,,,,,,,,,,,,1,,,,,,,,,,,,,,,,,,,,,,,,,,,,,,,,,,,,,,,,,,,,,,,,,,,,,,,,,1,,,,,,,,,,,,,,,1,,,,,,,,,,,,,,,,,,,1,,,,,,,,,1,,,,,,,,,,,,,,,,,,,,,,,,,,,,,,,,,,,,,
hehIZAJVZtd,70207 Chhabis Pathibhara Rural Municipality,70207,,,,,,,,,,,,,,,,,,,,,,,,,,,,,,1,,,,,,,,,,,,,,,,,,,,,1,,,,,,,,,,,,,,,,,,,,,,,,,,,,,1,,,,,,,,,,,,,,,,,1,,,,,,,,,,,,,,,,,,,,,,,,,,,,,,,,,,,,,,,,,,,,,,,,,,,,,,,,,,,,,,,,,,,,,,,,1,,,,,,,1,,,,1,,,,,,,,,,,,,,,,,,,,,,,,,,,,,,,,,1,,,,,,,,,,,,,,,,,,,,,,,,,,,,,,,,,,,,,,,,,,,,,,
fZ3LDhJyCuw,30902 Bhumlu Rural Municipality,30902,,,,,,1,,,,,,,,,,,,,,1,,,,,1,,,,,,,,,,,1,,,,,1,,,,,,,,,,,,2,,1,,,,,,,,,,5,,,2,,,,,,,,,,,,,,,1,,,,,,,,,,,,,,11,,,,1,,,,,,,,,,,,,,,,,,1,,,,,,,,,,,1,1,,,,,,,1,1,1,,,,,,,,,,,,1,1,,,,,,,,,,1,,,,,,,,,,,,,,,,1,,,,1,,,,,,,,,,,,,,,,,1,,,,2,,,1,,,,,,,1,,,,,,,,,,,,,,,1,1,,,,,,,,1,,,,,,,,2,,,,,,,,,,,,,1
UOfRfLoQcDc,41004 Phalebas Municipality,41004,,,,,,,,,,,,,,,,,,,,,,3,,,,,,1,,,2,2,,,,,,,,,,,1,,,,,,,1,,,,,1,,,,,,,,,,,,,,,,,1,,,,,,,,3,,,,,,,,3,,,,,,,,,2,,,,,,2,,,3,,,,,4,,,,,,1,,1,,,2,,,,,,,,,1,,,,,,,,,,2,,,,,,,,1,,,,,,,,,,,,,,,,,,,,,,,,,,,,,,4,,,,,,3,,,,,,,,,1,,,,,,1,,,1,3,,1,,,,,,2,,4,2,,,,,,,1,,,,,1,,,,,,,,,,,,,,,,,,2,,,,,,,3,,,,2,,,
QtO7FHYoYFL,11401 Belaka Municipality,11401,,2,4,5,,54,,,,1,,1,,,,20,,,,30,,2,5,3,8,5,,12,3,,,,,2,,60,1,11,10,,,,13,3,,,,10,3,30,,1,6,,48,,7,,,24,38,,,,27,,,32,,3,5,32,,,3,,,,22,,,2,,,,11,,21,3,,18,,,,1,4,,,3,,33,,17,,6,19,,,,,,,,,,,25,,38,,1,30,5,,,,11,,,17,2,,,,2,3,,7,17,,3,6,22,13,1,,6,,2,,,,30,4,,,,,2,,,,20,8,,,1,1,7,,4,,,1,,35,,6,27,27,5,,,,,,,10,,,,20,,18,2,5,,,8,60,,,2,19,,,4,,,,,,35,24,5,5,,,,15,,22,,1,,1,,,6,,,,5,,,,2,,10,,,5,,,,2,2,,5,6,,,,,5,22,1,,7
eVhFBYrBC9Y,30206 Indrawoti Rural Municipality,30206,,,,,,2,,,,,,,,,,1,,,,,,,,,,,,,,,,,,,,8,,,,,,,1,,,,,,,1,,,,,,,1,,,1,,,,,,,,,,,,2,,,,,,,,1,,,,,,,,3,,,4,,,,,,,,,,3,,1,,,,,,,,1,,,,,,,,1,,,,,,,,,,,,,,,,,,,,1,,,,,,,,1,,,,,3,,,,,,,,,,,,,,,,,1,,2,,,,,1,,,,1,,,,,,,,,,,,1,,,,,,,,5,,,,,,,,,,,,,1,2,,2,,,,,,,,,,,,,1,,,,,,,,,1,,,,,,,,,,,,,,,,,,,,,
dcsJaeSXHa6,10103 Meringden Rural Municipality,10103,,,1,,,,,,,,,,1,,,,,,,,,,,,1,,,,,,,,,,,1,,,,,,,,,,,,,,,1,,,,1,,2,,,,,,,2,1,,,,,,1,,,,,,,,1,,,,,,,,,,,,,,,,1,,,,,,,,,,,1,,,,,,,,,,,,,,,,,2,,1,,,,,,,,,1,,,,,,1,1,,,,,,,,,,,1,1,,,2,,,,,,,1,,,,,,,,,,,,,1,,,,,,,1,,2,,,,,,,1,,,,,,,,,,,,1,,2,,,,,,,2,2,,,,,,,,,,3,,,,,,,,,,,,,,,,,,,,,1,,,,,,,,,,,,,,
uxG1PtRsuGp,50906 Maharajganj Municipality,50906,,,,,,,,,,,,,,,,,,,,,,4,,,,,,,,,,,,,,,,,,,,,,,,,,,,,,,,,,,,,,,,,,,,,,,,,,,,,,,,,,,,,,,,,,,,,,,,,1,,,,,,,,,,,,,,,,4,,,,,,,,,,,,,,,,1,,,,,,,,,,,,,,,,,,,,,,,,,,,,3,,,,,,,,,,,,,,,1,,,,,,,,,,,,,,,,,,,,,,,,,,,,,,,,,,,,,,,,,,,,,,,,,,,,,,,,,,,,,,,,,,,,,,,,,,,2,,,,,,,,,,,,,,
MEJFzydYnSx,20703 Jitpur Simara Sub-Metropolitan City,20703,,,,,,,,,,,,,,,,,,,,,,,,,,,,,,,,,,,,,,,,,,,,,,,,,,,,,,,,,,,,,,,,,,,,,,,,,,,,,,,,,,,,,,,,,,,,,,,,,,,,,,,,,,,,,,,,,,,,,,,,,,,,,,,,,,,,,,,,,,,,3,,,,,,,,,,,,,,,,,,,,,,,,,,,,,,,,,,,,,,,,,,,,,,,,,,,,,,,,,,,,,,,,,,,,,,,,,,,,,,,,,,,,,,,,,,,,,,,,,,,,,,,,,,,,,,,,,,,,,,,
hkYy0OSJtes,30503 Suryagadhi Rural Municipality,30503,,,,,,1,,,,,,,,,,,,,,,1,,,,1,,,,,,,,,,,1,,,,,1,,,,,1,,,1,,,,,,1,,,,,,,,,,,,,,,,,,,,,,,,,1,,,,,,,,,,,1,,,,,,,,,,,,2,,,,,,,,,,,,,,,,,,,,,,,,,,,,2,,,,,,,,,,,,,,,,,,,,,,2,,,,,,,,,,,,,,,,,,,,,,,,,,,,,,,1,,,,,,,,,,,,,,,,1,,,,2,,,,,,,,,,,,,,,,,,,,,,,,,,,,,,,,,,,,,,2,,,1,,,,,,,,,,,,,,
n22NGxaQxai,11112 Birtamod Municipality,11112,,,,,,,,,,,,,,,,,,,,,,,,,1,,,,,,,,,,1,1,,,,,,,1,,,,,,,,,,,,,,,,,,,,,,,,,,,,,,,,,,,,,,,,,,,,,,,,,,,,,1,,,,,1,,,,,,,,,,,,,,,,,,,,,,,,,,,,,,,,,,,,,,,,,,,,,,,,,,,1,,,,,,,,,,,,,,,,,,,,,,,,,,,,1,,,1,,,,,,,,,,,,,,,,,,,,,,,,,,,,1,,,,,,,,,,,,,,,,,,,,,,,,,,,,,,,,,,,,,,,,,,,,,,,,
DLyaDAF00hm,204 MAHOTTARI,204,,2,1,10,,3,,,,,,,,,,,,5,,11,,2,,,12,,,6,,,,,,1,,29,1,,7,1,3,,,,,,,,,,,,3,,27,,33,,,15,1,,,1,8,,1,1,,,,5,,,,,,,,,,2,8,,,2,,,2,,,,,,32,,,,,,3,,,,2,,,,,,2,,1,,5,,2,,8,,,4,,,1,,,,,,6,22,,,,7,,,6,,,8,3,,2,,5,,,,,9,4,2,,,,,,,,,10,2,,,6,,5,4,5,,,,,5,5,,,10,,,5,,,,,1,1,,,10,,,18,2,,,,2,,,,6,,22,,,,,,1,8,1,4,1,,,,6,,,,,,,32,,,7,,,5,,,,,,30,,,,,1,1,1,,,,,4,,,,8,,,,4
RYcEcFRtMjF,70403 Puchaundi Municipality,70403,,,,,,,,,,,,,,,,,,,,1,,,,,,,,,,,,,,,,,,,1,,,,,,,,,,,1,,1,,,,,,,,,,,,,,,,,,,,1,,,1,,,,1,,,,,,,,,1,,,,,,,,,2,,,,,,,,,,,,,,,,,,,,,,,,,,,,,,,,,,,,,,,,,,,,,,,,,,,,,,,,,,,,,,,,,,,,,,,,,,,,,,,,,,1,1,,,,,,,,,,,,,,,,,,,,1,,,,,,,,,,,,,,,,,,,,,,,,,,,,,,,,,,,,,,,,,,,,,,,,,,,,,,,,,,,
vjL1uSC10Jh,701 BAJURA,701,,,2,,,3,,,,1,,,,,,11,,,,,5,3,1,,1,1,,,,,1,,,,,17,,1,1,,,,7,,,,,,,2,,,,6,3,,,,,10,2,,,,7,,,,,,,2,,,,,,,,1,,,1,,,,,1,,,4,,,,1,,,,,1,3,,2,5,,1,,,1,,5,,,4,,,,,11,,,2,,,,6,,1,,,,,,2,,,,1,6,1,,1,2,1,,,,,,,,2,4,,,2,,,,,,,,,,,,,,,1,,,,,1,,,,,,,,,1,,,,,,,,,,,,,,,3,,,,4,,2,,,,,,5,2,5,1,,,1,,2,,,,1,,,1,,,,,,,,,,,2,1,,,,,,,,1,,1,,,,,,,1,,,5
j6f5ROpUwXM,20712 Simraungadh Municipality,20712,,,,,,,,,,,,,,,,,2,,,,,,,,,,,,,,,,,,,,,19,,,,,,2,,,,,,,,,,,,,,,,,,,,,,,,,,,,,,,2,,,,,,,,,,,,,23,,,,,,,,,,,,,,,,,,,,,,,,,,,,,,,,,,,,,,,,,,,,,,,,,,,,,,7,,,,,,,,,,,,,,,,,,,,,,,,,,,,,,,,,,,,,,32,,,,,,,,,,,,,,,,,,,,,,,,,,,,,,,,,,,,,,,,,,16,,,,,,,,,,,,,,,,,,,,,,,,,,,,,,,,,,,,,
fvN7GZvNAOB,6 Karnali Province,6,,,3,7,,70,,6,,4,2,,1,,,37,2,2,1,6,32,35,,,41,3,,3,12,8,13,1,,3,,173,2,4,10,5,21,10,2,3,,4,,5,9,33,1,1,1,6,51,,26,3,,73,31,1,4,13,22,,2,44,2,1,1,38,,9,3,1,13,1,11,23,11,,34,1,3,8,,17,1,2,40,1,,3,16,,39,5,4,29,64,1,26,10,,31,1,,3,,47,2,3,5,1,,11,,118,,1,75,8,,6,,1,2,,13,5,4,10,49,9,16,1,7,36,14,6,5,18,10,,3,32,,2,,,43,55,24,1,17,8,3,5,,8,,14,11,,1,3,,6,5,1,4,,,1,39,6,1,58,25,3,,13,3,8,,,12,5,,3,26,5,14,2,8,,4,26,63,,3,1,34,,7,9,13,,92,,28,29,77,23,28,,2,1,21,,8,,6,,3,35,,,2,,,7,,,1,1,8,10,8,5,5,3,,16,7,,2,3,1,1,1,5,2,3,9,1,,15
CNFRaFUfLjo,111 JHAPA,111,,,11,174,,50,,8,1,,,1,3,,,,14,6,,227,121,,20,2,4,71,,8,4,4,,,,33,3,72,2,71,114,,,,3,9,,8,3,42,,87,3,2,14,8,346,10,162,,,53,267,18,,,100,,,153,,,10,168,,,9,3,6,1,33,2,,18,,,,12,,198,,,,,,,,67,3,,2,,151,2,2,,41,,,9,,,,3,,,,5,128,3,74,,3,135,8,,,1,10,38,,110,1,,,,2,3,,85,106,,,61,37,9,4,,6,1,7,,,1,53,11,19,,8,,3,,,,3,2,3,,5,27,27,,5,,5,2,14,166,,43,302,195,39,,1,,3,3,14,25,,9,,1331,,115,78,4,,,2,96,,,4,1,,,34,,,,1,3,27,209,7,12,15,,,56,,118,,,1,3,,,3,,,,9,,1,,10,103,,,,,6,,,7,,,8,1,,,8,,82,2,1,2,13
YCPqJYFT5dV,50808 Tilottama Municipality,50808,,,,,,,,,,,,,,,,,,,,,,,,,,,,,,,,,,,,17,,,3,,,,,,,,,,,,,,,,,,,,,,,,,,,,,,,,,,,,1,,,,,,,,,,,,,,,,,,,,,,,,,,,,,,,,,,,,,,,,,,,,,,,,,,,,,,,,,,,,,,,,,,,,,,,,,,,,,16,,,,,,,,,,,,,,,,,,,,,,,,,,,,1,1,,,,,,,,,,,,,,,,,,,,,,,,,,,,,,,,,,,,,,,,,,,,,,,,,,,,1,,,,,,,,,,,,,,,,,,,,,,,,,,
Q9Tez14GQoi,70208 Durgathali Rural Municipality,70208,,,,,,,,,,,,,,,,,,,,,,1,,,,,,,,,,,,,,,,,,,,,,,,,,,,,,,,,,,,,,,,,,,,,,,,,,,,,,,,,,,,,,,,,,,,,,,,,,,,,,,1,,,,,,,,,,,,,,,,,,,,,,,,,,,,,,,,,,,,,,1,,,,,,,,,,,,,,,,,,,,,,,,,,,,,,,,,,,,,1,,,,,,,,,,,,,,,,,,,,,,,,,,,,,,,,,,,,,,,,,,,,,,,,1,,,1,,,,,,,,,,,,,,,,,,,,,,,,,,,,,,,,
LuBkxJ50bKr,50102 Sisne Rural Municipality,50102,,,,,,,,,,,,,,,,,,,,,1,,,,1,,,3,,,,,,,,7,,,,,,,,,,,2,,,3,,,,,,,,,,3,,,,,,,,1,,,,,,,,,,,,,,,,,,,,2,,,1,,,,1,,,,,,,,,,,,,,,,1,,,,3,,1,,,,,1,,,,,,,,,,,,,,,,,3,,,,,1,,,,,2,,,2,,1,,,,,,,,,1,,,,5,,,,,,,,,,,,,6,,,,,,,,,,,,,,1,,,,,,3,,,,,,,,,,,,,2,,1,,,,,5,,,,,,,,,,1,,,,,,,,,,,,,,,,,1,,,,,,,,,,,,1
Fh294RrB7an,208 PARSA,208,,1,4,,,21,,1,3,1,,,,,,2,,1,,1,5,,,17,,1,,14,3,5,1,,2,31,1,8,3,91,7,,2,5,1,4,,3,,,,26,,1,3,,2,,2,1,,7,10,,,5,13,2,1,2,,2,,,,,1,,,,13,10,,,3,,,1,,235,,9,1,,,,3,5,4,,,2,15,,9,5,4,,,2,,,1,,,2,3,,,,25,,,2,1,,5,,10,,,89,,,,1,,,,,13,1,,38,5,,,1,17,,9,,,,15,3,1,13,1,,,,1,,2,,4,,5,3,1,,,,1,,,1,,5,2,1,,,,,4,,,3,1,,,1,1,1,5,,,1,7,11,,,,,,,1,1,,,1,6,3,18,1,,,1,,15,,69,,,1,6,3,,,1,9,1,,,1,,1,,1,2,4,,,,1,,,,2,10,,1,,,4,,5,,
LgUWza3LscP,11107 Damak Municipality,11107,,,8,4,,,,8,,,,,3,,,,8,1,,105,111,,17,,1,47,,,,3,,,,25,,1,,58,86,,,,2,7,,7,,9,,,3,2,,6,134,7,,,,1,109,2,,,75,,,129,,,5,147,,,8,3,6,,,,,15,,,,,,126,,,,,,,,33,3,,2,,98,,2,,26,,,,,,,3,,,,,90,3,,,2,111,6,,,,,30,,87,1,,,,2,1,,70,79,,,36,,,,,,1,,,,,,,12,,,,1,,,,3,2,3,,1,26,27,,3,,,2,6,99,,30,103,161,17,,,,3,3,14,5,,4,,141,,90,34,2,,,,,,,4,1,,,6,,,,,3,27,173,5,5,14,,,1,,87,,,,2,,,,,,,,,,,,94,,,,,6,,,5,,,3,,,,8,,53,2,1,2,
jUedBFxq6SW,40111 Gandaki Rural Municipality,40111,,,,,,1,,,,,,,,,,1,,,,,,2,,,,,,,1,,2,,,,,4,,,,,1,,,,,,,,,,,,,,,,,,,,,,,1,,,,1,,,,,,,,,,,,,,,,,,,,2,,,1,,,,1,,,,1,2,1,,2,,,1,,,,,,1,,1,,,1,,1,,,2,1,,,,,,,,,,1,,,,,,,1,1,,1,1,,,1,,,,,2,2,1,,1,,,,,,,3,,,,,,,,,,,,,,,,1,1,,,,,2,,,,,,,,,1,,,,,,4,,,,1,,1,,,,,,1,,2,,,,,,,,,,,,,,,,,,,,,,,,,1,,,,,,5,,,,,,,,,,,3,,,
FDd4YEgMIPm,20808 Bahudarmai Municipality,20808,,,,,,,,,,,,,,,,,,,,,,,,,,,,,,,,,,,,,,,,,,,,,,,,,,,,,,,,,,,,,,,,,,,,,,,,,,,,,,,,,,,,,,,,,,,,,,,,,,,,,,,,,,,,,,,,,,,,,,,,,,,,,,,,,,,,,,,,,,,2,,,,,,,,,,,,,,,,,,,,,,,,,,,,,,,,,,,,,,,3,,,,,,,,,,,,,,,,,,,,,,,,,,,,,,,,,,,,,,,,,,,,,,,,,,,,,,,,,,,,,,,,,,,,,,,2,,,,,,,,,,
uHEl9oRZm8L,102 SANKHUWASABHA,102,,7,,2,1,12,,,,,,7,2,,2,5,,1,,4,14,15,,1,10,4,,5,6,1,9,,,,,35,5,2,6,3,8,,2,1,,1,2,,1,15,2,1,14,,10,,10,,,13,10,,6,10,11,4,,6,,,1,7,,2,,,,,4,5,,6,9,,,6,,14,,1,8,1,,1,7,19,9,2,1,4,5,,8,1,,4,,5,2,,8,2,4,,3,,9,,24,,,14,2,,2,,5,,,4,,,2,11,,6,,2,13,9,2,,16,3,,,10,,6,,,11,19,1,,5,,3,2,,,5,6,2,,1,4,,1,1,3,,3,,,10,2,1,5,16,,2,2,,4,1,,3,3,,,10,,7,1,,,,,12,,1,,6,,5,,1,3,10,,7,11,17,5,3,,,,10,,7,,6,4,,6,,5,,1,5,,,,,3,4,3,1,,4,,1,4,1,1,,2,1,1,,,,27,5,,,11
ltqnFCQEb86,20317 Nagarain Municipality,20317,,,,,,,,,,,,,,,,,,,,,,,,,,,,,,,,,,,,,,,,,,,,,,,,,,,,,,,,,,,,,,,,,,,,,,,,,,,,,,,,,,,,,,,,,,,,,,,,,,,,,,,,,,,,,,,,,,,,,,,,,,,,,,,,,,,,,,,,,,,,,,,,,,,,,,,,,,,,,,,,,,,,,,,,,,,,,,,,,,,,,,,,,,,,,,,,,,,,,,,,,,,,,,,,,,,,,1,,,,,,,,,,,,,,,,,,,,,,,,,,,,,,,,,,,,,,,,,,,,,,
iwHZRehENDP,70702 Ramaroshan Rural Municipality,70702,,,,,,,,,,,,,,,,,,,,,,1,,,,,,,,,,,,,,,,,,,,,,,,,,,,,,,,,,,,,,,,,,,,,,,,,,,,,,,,,,,,,,,,,,,,,,,,,,,,,,,,,,,,,,,,,1,,,,,,,,,,,,,,,,,,,,,,,,,,,,,,,,,,,,,,,,,,,,,,,,,,,,,,,,,,,,,,,,,,,,,,,,,1,,,,,,,,,,,,,,,,,,,,,,,,,,,,,,,,,,,,,,,,,,,1,,,,,,,,,,,,,,,,,,,,,,,,,,,,,,,,
ubowqxaF44P,11201 Miklajung Rural Municipality,11201,,,,,,,,,,,,,,,,,,,,,,,,,,,,,,,,,,,,,,,,,,,,,,,,,,,,,,,,,,,,,,,,,,,,,,,,,,,,,,,,,,,,,,,,,,,,,,,,,,,,,,,,,,,,,,,,,,,,,,,,,,,,,,,,,,,,,,,,,,,,,,,,,,,,,,,,,,1,,,,,,,,,,,,,,,,,,,,,,,,,,,,,,,,,,,,,,,,,,,,,,1,,,,,,,,,,,,,,,,,,,,,,,,,,,,,,,,,,,,,,,,,,,,,,,,,,,,,,,,,,,
WWTyL8WoLTK,40403 Dhawalagiri Rural Municipality,40403,,,,,,1,,,,2,,,,,,1,,,,,1,4,,1,,,,,,,1,,,,,5,,,,,,,,,,,,,,1,,,,1,1,,,,,2,,,,,,,,2,,,,,,,,,,,,2,,,1,,,,,3,,,3,,,,,,1,,,3,1,,2,,,1,,,,,2,,,,,,,,5,,,1,,,,1,,,,1,,,,,,,,,1,1,,,,,,1,,,,,,,,1,,1,,,,,,,,,,,,,,,,,,,,,,,3,3,,,,,,,,,,,,,,1,,,,,,1,,,,1,,,,,,,,1,3,1,,,,,,,,,,,,,1,,,,,,,,,,,,,,,,,,,,,,,,,,,,,,,,
YOLKVYyNcpT,70210 Bitthadchir Rural Municipality,70210,,,,,,,,,,,,,,1,,,,,1,,,1,,2,,,,,,,,,,,,,,,2,,,,,,,,,,,,,,,,,,,,,,,,,,,,,1,,,,,,,,,,,,,,,,,,5,,2,,,,,,,,,,,,,,,,,,,,,,,1,,,,,,,,,,,,,,,,,,,,,,,1,,,,,,,,1,,,,,,,,,,,1,,,,,,,,,,,,,,,,,,,,,,,1,,,,,,,,,,,,,1,,,,,,,,,,,,,,,,,,,,,,,,,,,,,,,1,,,,1,,,,,,,,,,,,,,,,,,,,,,,,,,,,,,,,1,,,
HXgxCcAIbhS,60901 Darma Rural Municipality,60901,,,,1,,,,,,,,,,,,,,,,,,2,,,2,,,,,,,,,,,2,,,,,,,1,,,,,,,,,,,,1,,,,,2,,,,,,,,,,,,,,,,,,,,,,,1,,,,,,,,,,,,,,,,,,,,,,,,,,,,1,,,,,,,,1,,,,,,,,,,,,,,,,,2,,,,,,,,,,,,,,,,,,,,,,,,,,,,,,,,,,,,,,,,,,,,,,,,,,,,,,,,1,,,,,,,,,,,,,,,,1,,,,,,1,,,,,,,,,,,,,,,,,,,,,,,,,,,,,,,,,,,,,,,,,,,,,
YrCAQvqFSFi,60701 Barekot Rural Municipality,60701,,,,,,3,,,,,,,,,,1,,,,,,1,,,,,,,,,,,,,,,,,,,,,,,,,,,,,,,,,,,,,,,,,,,1,,,,,1,,,,,,,,,,,,,,,,,,,,,,,,,,,,,,,1,,,,,,,,,,,,1,,,,,,2,,,,,,,,,,,,,,,,,,,,,,,1,,,,,,,,,,,,,,,,,,,,,,,,,,,,,,,,,,,,,5,,,,,,,,,,,,,,,,,,,,,,,,,,,,,,,,,,,,,,,,,,,,,,,,,,,,,,,,,,,,,,,,,,,,,,,,,,,,,,,,
ptQeZdRtd7j,40606 Sundarbazar Municipality,40606,,,,,,2,,,,,,,,,,5,,,,,2,1,,2,6,,,1,,4,4,,3,,,40,,,,1,7,,,,,,,,,7,,1,3,,4,,2,,,7,5,,,,24,,,2,,1,2,2,,1,1,,,,7,4,,,4,,,,,10,,,20,,,1,1,,7,,,4,5,,2,3,,4,,,,,2,5,,,,,4,4,9,,,4,1,,,,,1,,8,,,1,2,,,,3,9,2,,1,,3,,,3,,,,,10,5,,,1,1,,,,,,4,4,3,,,,,,,,,,,4,,,3,3,,,3,,11,,,,1,,,,,2,,,,,1,6,,,,8,,1,,,,3,,8,,3,,,,5,,3,4,5,,2,,1,16,,,,,,,,,,,,3,,1,,,,1,1,3,2,7,,1,1,,1,11,1,,,1
OtX1R7s6xXo,70708 Kamal Bazar Municipality,70708,,,,,,2,,,,,,1,,,,,,,,,,,,,,,,,,,,,,,,,,,,,,,,,,,,,,,,,,,,,1,,,,,,1,,,,,,,,,,,,,,,,,,,,,,,,,,,,,,,,,,,,,,,,,,,,,,,,,,,,,,,,,,,,,,,,,,,,,,,1,,,,,,1,,,,,,,,,,,,,,,,,1,,,,,,,,,,,,,,,,,,,,,,,,,,,,,,,,,,,,1,,,,,,,,,,,,,,,,,,,,,,,,,,,,,,,,,,,,,,,,,,,,,,,,,,,,,,,,,,,,,,,,,,1
nx5muIcTFJu,40805 Devchuli Municipality,40805,,,,,,8,,,1,,,,,,,3,,,,1,,3,,,1,,,1,1,,5,,,1,,10,1,1,2,,3,,,3,,,,,,9,,,,,,,,,,6,,,,10,2,,,16,,,,,,,,,,,7,4,,,2,14,,,,,,,,,,,5,,9,,,4,9,,,3,1,1,,,,,1,,,1,,,2,,,,,,7,,2,,,,,,1,,14,4,,1,,,,3,,,14,,1,,,,3,,,4,11,,,1,,,,,2,,,,,,,,,,,1,1,,,,,,,2,,,,,3,,,,1,,,,,,,,,1,,12,,,,4,,5,,,1,1,,7,,15,,3,1,,,7,,16,,,,,6,,1,,,,,,1,,,,,5,,,,,1,4,,,,,,3,,,1,,,,2
RALVkjcxCmw,41102 Kathekhola Rural Municipality,41102,,,,,,,,,,,,,,1,,2,,,,,2,1,,,,,,,,,2,,,,,1,,,,,1,,2,,,,,,,1,,,,,,,1,,,1,,,,,1,,,,,,,1,,,,,,,,1,,,3,,,,,,,,,,,,,,1,,,,1,,1,,,,,,,,1,,1,,,,1,,2,,,2,,,,,,,,,,,1,,,,,,2,1,,1,1,,,,,,,,,,2,,,1,,,,,,,1,,,,,,,,,,,,,,2,,2,2,,,,1,2,,,,,,,1,,,,,,,,1,,,,2,,,,,,,,1,4,2,,,,,,,,1,,,,,1,,,,,,,,,,,,,,,,,,,,,,,,,,,,,1,,,
JklR3e6RGTr,50608 Tinau Rural Municipality,50608,,,,,,,,,,,,,,,,,,,,,,,,,,,,,,,,,,,,1,,,,,,,,,,,,,,1,,,,,,,,,,,,,,,,,,,,,,1,,,,,,,,,,,,,,,,,,,,,,,,,,,,,,,,,,,,,,,,,,,,,,,,,,,,,,,,,,,,,,,,,,,,1,,,,,,,,,,,,1,1,,,,,,,,,,,,,,,,,,1,,,,,1,,4,,,,,,,,,,,,,,,1,,,,,,,,,,,,,,,,,,,,,,,,,,,,,,,,,,,,,,,,,,,,,,,,,,,,,,,,,,,,,,,,,,
qlfB0yF9ruz,51005 Babai Rural Municipality,51005,,,,,,,,,,,,,,,,,,,,,,,,,,,,,,,,,,,,,,,,,,,,,,,,,,,,,,,,,,,,,,,,,1,,,,,,,,,,,,,,,,,,,,,,,,,,,,,,,,,,,,,,,,,,,,,,,,,,,,,,,,,,,,,,,,,,,,,,,,,,,,,,,,,,,,,,,,,,,,,,,,,,,,,,,,,,,,,,,,,,,,,,,,,,,,,,,,,,,,,,,,,,,,,,,,,,,,,,,,,,,,,,,,,,,,,,,,,,,,,,,,,,,,,,,,,,,,,,,,,,
Cf6GIV8FAqx,11110 Jhapa Rural Municipality,11110,,,,,,,,,,,,,,,,,,,,,,,,,,,,,,1,,,,,,,,,,,,,,,,,,,,,,,,,,,,,,,,,,,,,,,,,,,,,,,,,,,,,,,,,,,,,,,,,,,,,,,,,,,,,,,,,,,,,,,,,,,,,,,,,,,,,,,,,,,,,,,,,,,,,,,,,,,,,,,,,,,,,,,,,,,,,,,,,,,,,,,,,,,,,,,,,,,,,,,,,,,,,,,,,,,,,,,,,,,,,,,,,,,,,,,,,,,,,,,,,,,,,,,,,,,,,,,,,,,,,
SmI574YhzLn,10208 Chainapur Municipality,10208,,,,,,1,,,,,,,,,,,,,,,2,2,,,1,,,,1,1,,,,,,3,,1,,1,1,,,,,,,,,4,,,,,5,,1,,,,1,,2,,3,,,1,,,,,,,,,,,,,,6,1,,,1,,4,,,1,,,,1,,,,,,1,,2,,,,,,1,,2,,1,,,,,,2,,,2,,,,,,,,,,,,6,,,,,1,1,,,7,,,,,,2,,,2,6,1,,,,1,,,,,,,,,,,,,,,,,,3,,,,,,,1,,2,,,,,,,1,,,,,,,,1,,,,1,,,,,,,,1,1,2,1,1,,,,,,1,,2,,,2,,,,,,,,,,,2,,,,,,1,1,,,,,,,,,,,,,,
FrZNY9SBOmG,40604 Madhya Nepal Municipality,40604,,,,,,,,,,,1,,,,,2,,,,,,,,,1,1,,,1,,4,,,,,1,,,,1,,,2,,,,,,1,2,,,,,,,,,,,,,,,,,,,,,,,,,,,,,,,,,8,,,,,1,,,1,,,,1,1,,1,,1,,,4,,,2,,,,,,,,,,,,,1,1,,,,,,,1,,,2,,,,1,,,,,2,,,,1,,,,,,,,,,1,,,,,,,,,,,,,,,,,,,,,,,2,,,1,1,,,,,,,,,,,,,,,,,,,,,,,,7,,,,,,,,,1,2,,,,,,,,,,,,,,,,,,,,,,,,,,,,1,,,,,,,2,,,,,,,3,,,
iXFygpFSP55,10904 Phidim Municipality,10904,,,,,,,,,,,,1,,,,,,,,,,1,,,,1,,,,,,,,,,,,,,,,,,,,,,,,,,,,,,,,,,,,,,,,,,,,,,,,,,,,,,,,,,,,,,,,,,,,,,,4,,,,1,,1,,,,,,,,,,,,,,,,,,1,1,,,,,,,,,,,,,,,,,,2,,,,,,,,,,,,,,,,,,,,,,,,,,,,,,,,,,,,1,,,,,,,,,1,,,,,,,,,,,,,,,1,,,,,,,,,,,,,,,,1,,,,,,,,,,,,,,,,,,,,,,,,,,,,,,,,,,,,,,,,,,,2
lA8K5GXCO76,20809 Pokhariya Municipality,20809,,1,4,,,8,,,,,,,,,,,,1,,,5,,,,,,,4,3,,,,,,1,7,2,,3,,,3,,,,3,,,,8,,,3,,1,,,,,7,6,,,5,13,,,1,,,,,,,1,,,,9,,,,,,,1,,,,,,,,,3,5,,,,,4,,5,,1,,,1,,,,,,,,,,,14,,,2,,,5,,1,,,2,,,,,,,,,,,,,4,,,,13,,5,,,,15,,1,11,,,,,,,,,,,2,,,,,,1,,,,,2,,1,,,,,,,,2,1,,,,,,5,,,,4,,,,,,,,,,,,,,2,16,1,,,,,3,,,,,,,1,,,,,1,,,,,,,,,,,,,,,,,,9,,,,,4,,1,,
QBHBAOyZhcm,10804 Myanglung Municipality,10804,,,,,,,,,,1,,,,,,,,,,,15,16,,,,,,,,,,,,,,1,,,,,,3,,,,15,,,,,,,,,,,,,,1,1,,,,,,,,,,,,,,,,,,,,,,,,,,,,,,,,,,,,,,,1,,,1,,,1,,,,,,,,,,,,,,,,,,,,,,,,1,,,,,,,,,,,1,,,,,1,,,,,,,,,,4,,1,,,,,,,,,,,,,,,,,,,,,1,,,,,,,,,1,,,,,,,,,,,,,,,,1,,3,1,,,,,,1,,,,,,,,,,,,,1,1,,,,,,,,,,,,,,,,,,,,,,,,,,,,,,,,
hHrDGEWVf6J,30406 Nilkhantha Municipality,30406,,,,1,,1,,,,,,2,,,,2,,,,1,5,,,,40,,,5,36,,1,1,,,,41,48,,,1,1,1,1,,,4,,,7,12,,,,,,,1,,,3,,,,2,,3,,,,,1,3,,,,,15,,5,1,,,1,,18,,,2,,1,7,,1,,,,,,,8,1,,,,,,,,,,,,,,5,,1,,1,,,2,1,,,,3,,,,,,,7,,3,,,1,3,,,48,12,,,1,,12,,,1,39,,,4,1,1,1,,,3,1,,,,12,,,,1,,1,,,2,1,,,,,,,1,,,,,,,1,2,1,1,,,,,1,1,,,,,,,,,1,2,,,1,2,,,,,,16,,,,,,,1,,3,,,,18,,,,,,,,,,,,2,,12,,1,3,,,,,,,9,,2
CEE78o1Vs3o,70206 Jayaprithbi Municipality,70206,,1,,,,4,13,,,,,,,,,15,,,,,,,,,,,,1,,,1,,,,,5,,,,,2,,,,,,,,,,,,1,,9,,2,,,5,,,,,2,,,,,,,1,,,,,,,4,,,,9,,,,,5,,,,,,,,,3,,,7,9,,1,,,1,,,1,,2,,,,,,,,2,,,,,,,,,,,2,3,,,5,,,,,,,,,1,,,1,2,,,,,,6,,,,,,1,,,,,,,,,,,,,,4,,,,13,,10,5,,,,,1,,,,,,,,,1,,,,,,15,,,,13,,,10,2,,,,,,2,,2,,,,2,,1,,1,,,,,,,,,,,,,,,2,,,,,,,,,,,,,,,,,5,,,
A3882Q3TkHF,70701 Panchdebal Binayak Municipality,70701,,,,,,,,,,,,,,,,,,,,,,,,,,,,,,,,,,,,1,,,,150,,,,,,,,,,,,,,,,,,,,1,,,,,,,,1,,,,,,,,,,,,,,,,,,,,,,,,,,,,,,,,,,,,,,,,,,,,,,,,,,,2,,,,,,,,,,,,,,,,,,,,,,,,,,,,,,,,,,,,,1,,,,,,,,,,,,,,,,,,,,,,,1,,,,,,,,,,,,,,,,,,,,,,,,,,,,,,,,,,,,,,,,,,,,,,,,,,,,,,,,,,,,,,,,,,,,,,,,,,,,,,,,
Yf4pkqyyHwh,30801 Mahalaxmi Municipality,30801,,,,,,,,,,,,,,,,,,,,,,1,1,,,,,,,,,,,,,,,,,,,,,,,,,,,2,,,,,,,,,,,,,,,,,,,,,,,,,,,,,,,,,1,,,,,,,,,,,,,,,,,,,,,,,,,,,,,,1,,,,,,,,,,,,,,,,,,,,,,,,,,,,,,,,,,,,,,,,1,,,,,,,,,,,,,,,,,,,,,,,,,1,,,,,,,1,,,,1,,,,,,,,,,,,,,,,1,,,,,,,,1,,,,,1,,,,,,,,,,,,,,,,,,,,,,,,,,,,,,,,,,,,,,,,,
Uvmu9Da0suL,30103 Kalinchowk Rural Municipality,30103,,,,,,,,,,,,,,,,,,,,,,,,,,,,,,,,,,,,,,,,,1,,,,,,,,,,,,,,,,,,,,,,,,,,,,,,,,,,,,,,,,,,,,,,,,,,,,,,,,,,,,,,1,,,,,,,,,,,,,,,,,,,,,,,,,,,,,,,,,,,,,,,,,,,,,,,,,,1,,,,,,,,,,1,,,,,,,,,,,,,,,,,,,,,,1,,,,,,,,,,,,,,,1,,,,,,,,,,,,,1,,,,,,,,,,,1,,,,,,,,,,,,,,,,,,,,,,,,,,,,,,,,,,,
Jhlufw6stpU,41108 Galkot Municipality,41108,,,,,,7,,,,1,,,,,,3,3,,,,4,5,,,3,2,,1,,1,1,,,,,7,,,1,1,1,,4,,,,,,,1,,2,1,,9,,15,,,1,,,,1,1,,,6,,,3,15,,,1,1,,,1,5,,,2,,,,,4,,,3,,,,3,,4,,,1,6,,6,,,,,,,,2,1,,,,,,,7,,,15,,2,,,,,,,,,,6,,,,,9,,,,2,1,,,,,,,,2,7,,,,,,1,,,,9,3,,2,,,,,,1,,,,16,,,10,9,,1,2,,,,,,1,,,13,,9,,,,,1,6,,,,2,,,,,,,,5,19,3,,,,,,,,5,,,,,4,,,,,,,,,,,,3,,,1,,,6,,1,,,,,,,,,3,,,
m6AswZxJmfG,60204 Khatyad Rural Municipality,60204,,,,,,1,,,,,,,,,,,,,,,,,,,1,,,,,,,,,,,1,,,,,,,,,,,,,,,,,,,,,,,,1,,,,,,,,,,,,,,,,,,,,,,,,,,,,,,,,,,,1,,,,1,,,,,,,,,,,,,,,,,,,,1,,,,,,,,,,,,,,,,,1,,,,,,,,,,,,,,,,,,,,,,,,,,,,,,,,,,,,,,,,,,,,,,,,,,,,,,,,,,,,,,,,,,,,1,,,,,,,,,,,,,,,,,,,,,,,,,,,,,,,,1,,,,,,,,,,,,,,,,,,,,,,,
kfXpzGLJqtq,61004 Gurbhakot Municipality,61004,,,,,,,,,,,,,,,,,,,,,,14,,,,,,,1,1,,,,,,1,,,,2,9,1,,,,,,1,,1,,,,,1,,,,,,2,,,4,,,,3,,,,,,,,,,,,,,,,,,,,,,,1,,,,5,,13,,,1,,,,,,,,,,,15,,1,,,,,,,,,,,,1,,,,,,,4,,2,,,,,,,,,,,,,,,,,,,1,,,1,,,,,,,,,,,,,,1,,,,,,,,,,1,,,,,3,,,2,2,,,,,,,,,1,,,,,,,,4,,2,,1,,5,,1,,,,,,,,,,,,,10,,,,,,,,,,,,,3,1,,,,,3,,,,,,,,,,,1,,
Wm3ndVlat85,30907 Temal Rural Municipality,30907,,,,,,,,,,,,,,,,5,,,,1,,4,,,,,,,,,1,,,,,4,,,,1,2,,1,,,,,,,,,1,,,1,,1,,,2,,,,1,2,,,,,,,3,,,,,,,,1,,,,,,,,4,,,1,,,,,,2,,,2,1,,,,,,,,,,3,,,,,,,,,,,3,,,,,,,,,,,,,,,,,,,,,,,,,,,,,,1,,,,1,,,,,,,,,,,,,,,,,,,,,,,,,,,,,3,,,,,,,2,,,,,,,,2,,,,1,,,,,,,,,1,,,,,,,,,,,,,,1,,,,,,,,,,,,,,,,,,,,,,,,,,,,,1,,,
p0LUiD491Qx,50210 Lungri Rural Municipality,50210,,,,,,,,,,,,,,,,,,,,,,,,,,,,,,,,,,,,,,,,,,,,,,,,,,,,,,,2,,1,,,,,,,,,,,,,,,,,,,,,,,1,,,,,,,,,,,,,,,,,1,,,,,,1,,,,,,,,,,,,,,,,2,,,,,,,,,,,,1,,,,,,,,1,,,,,,,,,,,,,,,,,1,,,,,,,,,,,,,,,,,,,,9,,,,,,,,,1,,,,,,,,,,,,,,,,,,,1,,,,,,,,,,,,,,,,,,,,,,,1,,,,,,,,,,,,,,,1,,,2,,,,,,,,,,,,,,
KBnzTHkoeM0,40702 Byas Municipality,40702,,,,1,,1,,,,,,1,,,,,,,,,9,10,3,1,2,3,,13,1,,,,,,,4,1,,,10,1,,3,,,,,,2,19,,1,,,,,,,,,17,,,2,1,,,1,,,7,21,,,,3,,1,,2,,,2,,,,,7,,,4,,,,5,,,,,1,,,3,,,,,,,,5,5,,,,,,,5,,2,20,,,1,,9,,,,,1,,,,,,,,,,,2,,,,1,,,,,,2,2,,1,,,1,,,,2,,2,,,,,,,,,,,7,,,1,1,1,,,1,,,,16,,,,1,,1,,,,,,14,,,,1,,1,,,,,,2,1,1,,,,,,8,,,,,,,4,,,,,,,,,,,3,1,,,1,,8,8,,,,,,2,,,,,3,,,1
kBRVmS9IKRE,610 SURKHET,610,,,,1,,11,,,,3,,,,,,2,,2,1,2,,16,,,8,,,1,4,8,1,,,,,51,1,,6,2,14,3,,,,,,1,3,18,,1,,,5,,3,,,16,3,,2,8,7,,1,17,2,,,1,,2,1,1,,1,3,5,2,,4,1,1,3,,1,,1,13,,,,5,,19,,,4,19,,3,,,1,,,3,,18,,2,,1,,5,,13,,,4,,,4,,,,,2,1,4,2,8,,2,1,,5,3,,,6,5,,,3,,,,,13,13,5,,5,,,,,4,,,,,,2,,,1,,,,,,3,2,,11,4,1,,2,,5,,,2,3,,,1,2,1,2,4,,1,3,11,,,,1,,4,2,2,,1,,8,1,17,,3,,2,,7,,,,3,,,17,,,,,,4,,,,,,2,4,5,,,,2,5,,2,1,,,,,2,,,1,,5
w8m5t0Lm8Cu,70807 Lamki Chuha Municipality,70807,,,,2,,,,,,,4,,,,,,,,,,,,,,,,,,,,,,,,,10,,,,,,,,,,,,1,,15,,,,,4,,,,,8,2,,,,,,,,,,,6,,,1,,,,,,,,,,,,,,,,2,,,,,,,,,,10,,,,,,,13,,,,,,,,,,,,4,,,,,,,,,,,,,,,,,,2,,,,,,,,,,,,,,,15,,,,,,,,,,3,,,,,,4,,3,,,,,,,,,3,,,,,,,,1,,,,2,,,,,,,,15,,,,,,,,,,,,,4,1,,7,,,,15,,,,,,,,,,,,,,,,,,,,,,,,,,,,,,,,,,,,,25,,
MzEDM95lVfr,60606 Chamunda Bindrasaini Municipality,60606,,,,,,,,,,,,,,,,,,,,,,,,,,,,,,,,,,,,,,,1,,,,,,,,,,,,,,,,,,,,,,,,,,,,,,,,,,,,,,,,,,,,,,,,,,,,,,,,,,,,,,,,,,,,,,,,,,,,,,,,,,,,,,,,,,,,,,,,9,,,,,,,,,,,,,,,,,,,,,,,,,,,,,,,,,,,,,,,,,,,,,,,,,,,,,,,,,,,,,,,,,,,,,,,,,,,,,,,,,,,,,,,,,,,,,,,,,,,,,,,,,,,,,,,,,,,,,,,,,,,,
V6hHd2VqP3S,30905 Dhulikhel Municipality,30905,,,,,,,,,,2,,,,,,,,,,,1,1,,,,,,,,,,,,,,2,,,,,,,,,,,,,,,,,,,,,,,,,,,,,,,,,,,,,,,,,,,,,,,1,,,,,1,,,1,,,,,,,,,,,,2,,,,,,,,,,,,,,,,,,,,,,,,,,,,,,,,,,,,,,,,,1,,,,,,,,,1,,,,,,,,,,,,,,13,,,,,,,,,,,1,,1,,,,,,,,,,,,,,,,,,,,,,,,,1,,,,,,,,,,,,,,,13,,,,,,,,,,,,,,,,,,,,,,,,,,,,,,,,,,,,,,,
ZaM840fa3qQ,50908 Yasodhara Rural Municipality,50908,,,,,,,,,,,,,,,,,,,,,,,,,,,,,,,,,,,,,,,,,,,,,,,,,,,,,,,,,,,,,,,,,,,,,,,,,,,,,,,,,,,,,,,,,,,,,,,,,,,,,,,,,,,,,,,,,,,,,,,,,,,,,,,,,,,,,,,,,,,,,,,,,,,,,,,,,,,,,,,,,,,,,,,,,,,,,,,,,,,,,,,,,,,,,1,,,,,,,,,,,,,,,,,,,,,,,,,,,,,,,,,,,,,,,,,,,,,,,,,,,,,,,,,,,,,,,,,,,,,,
xqkfomLrYDd,30506 Meghang Rural Municipality,30506,,,,,,1,,,,,,,,,,,,,,,,,,,,,,,,,1,,,,,1,,,,,,,,,,,,,,,,,,,,,,,,,,,2,,,,,,,,,,,,,,,,,,,,1,,,,,,,1,,,,,,,2,,,,1,,,,,,,,,,,,,,,,1,,,,,,,,,,,,,,,,,2,,,,,,,,,1,,,,,,,,,1,,,,,,,,,,,,,,,,,,,,,,,,,,,,1,,,,,1,,,,,,,,,,,,,,,1,,,,,,,,,,1,,1,1,,,,,,,,,,,1,,,,,,,,,,,,,,,,,,1,,,,,,,,,1,,,,,,,,
A2wIau57qEM,50909 Mayadevi Rural Municipality,50909,,,,,,,,,,,,,,,,,,,,,,3,,,,,,,,,,,,,,,,,,,7,,,,,,,,,,,,,,,,,,,,,,,1,,,,,,,,,,,,,,,,,,,,,,,,,,,,,,,,,5,,,,,,,,,,,,,,,,,,,,,,,,,1,,,,,,,,,,,,,,,,,,,,,,,,,,,,,,,,,,,,,,,,,,,,,,,,,,,,,,,,,,,,,,,3,,,,,,,,,,,,,,,,,,,,,,,,,,,2,,,,,,,,,,,,,,,3,,,,,,,,,,,,,,,,,,2,,,,,,,,,,,,,,
hPejcd2Mkhf,20602 Gujara Municipality,20602,,,,,,,,,,,,,,,,,,,,,,,,,,,,,,,,,,,,,,,,,,,,,,,,,,,,,,,,,,,,,,,,,,,,,,,,,,,,,,,,,,,,,,,,,,,,,,,,,,,,,,,,,,,,,,,,1,,,,,,,,,,,,,,,,,,,,,,,,,,,,,,,,,,,,,,,,,,,,,,,,,,,,,,,,,,,,,,,,,,,,,,,,,,,,,,,,,,,,,,,,,,,,,,,,,,,,,,,,,,,,,,,,,,,,,,,,,,,,,,,,,,,,,,,,,,,,,,,,,,,
EaAPclkdZck,40602 Marshyangdi Rural Municipality,40602,,,,,,,,,,,,,,,,1,,,,,1,,,,,,,,,,,,,,,2,1,,,,,,1,,,1,,,,1,,,,,1,,,,,1,,,,1,,,,,,,,3,,,,,,,,1,,,,,,,,,,,,,,,,,1,,,,,,,,,,,,,,1,,,,,,,,1,,,,,,,,,,,,,,,1,,,,,1,3,,,1,1,,,1,,,,,,,,,,,,,,,,,1,,,,,,,,,,,,1,,,1,,,,,,1,,,,,,,2,,,,,,,,,,,,,,,,,,1,,1,5,,,,,,,,,1,,1,,,7,,,,,,,,,,,,3,,,2,,,,,,,,,,,,,,1,,,
yIMq6Cqon1V,70106 Badimalika Municipality,70106,,,,,,,,,,,,,,,,,,,,,,,,,1,,,,,,,,,,,3,,,,,,,1,,,,,,,,,,,,3,,,,,2,1,,,,1,,,,,,,1,,,,,,,,,,,,,,,,,,,,,,,1,,,,,,,,,,,,,,1,,,,,,,,,,2,,,2,,,,,,,,,,,,1,,,,,2,1,,,,1,,,,,,,,,1,,,,,,,,,,,,,,,,,,1,,,,,,,,,,,,,,,,,,,,,,,,,,,,,,,,,1,,,,,,,,,1,,1,,,,,,,,,1,,,1,,,,,,,,,,,,,,,,,,,,1,,1,,,,,,,,,,
YmFSl06J6cs,203 DHANUSA,203,,,40,,,7,,,,,,,4,,,,,,,,,,,,9,,,,,2,,,,,,13,,,69,,,,,,,,,,2,1,4,,,,,,,,,,,,,,56,2,,,,,3,,,2,,,,,,1,,,3,,,,,,,2,2,,,,,,,,,,67,,,,45,,,8,,,,1,,,,,,,1,,,,50,,,,4,,,,,,,,,,,,,,,,,11,58,,1,,,,,,1,3,,,,,,,,,,,,,,28,,,,,,1,,3,3,,,,1,,,,,,,,,2,,,,,,,,,5,3,,,,,,,,,,,,,1,67,,50,5,,,1,,,1,,3,,,,,,2,,,,,,,,,,,,,,,,7,,,,,,,2,,,,,
txbxUOKFj4k,40906 Biruwa Rural Municipality,40906,,,,,,,,,,,,,,,,2,,,,,1,1,,,,,,,,,,,,,,,,2,,,,1,,,,,,,,1,,7,,,4,,1,,,,,,,,1,,,,,,,1,,,,,,,,,,,,,,,,2,,,,,,,,,,,,,2,,5,,,3,,,,,,,,,,,,,,,,1,,,,,,,,2,1,,,,,,,,,,,,,,,,,,,,,,,,,2,,,,,,,1,1,,,,,,,,,,,,2,1,,,1,,,,,,,,,,,1,1,,1,,,,,,2,,1,,2,,,,,,,,,,2,,,,,,,,1,,,,,,,,,,,,,,,,1,2,,,,,,,,,,,,,,,,,1,,,
RYci0bt6jLL,10806 Chhathar Rural Municipality,10806,,,,,,,,,,,,,,,,,,,,,,,,,,,,,,,,,,,,,1,,,,,,,,,,,,,,,,,,,,,,,,,,,,1,,,,,,,,,,,,,,,,,,,,,,,,,,,,,,,,,,,1,,,,1,,,,,,,,,,,,,,,,,,,,,,,,,,,,,,,,,,,1,1,,,1,,,,,,,,,,,,,,,,,,,,,,,,1,,,,,,,,,,,,,,,,,,,,,,,,,,,,,,,,,,,,,,,,,,,,,1,,,,,,,,1,,,,,,,,,,,,,,,,,,,1,,,,,,,,,,,,,,,,,,,,
Aw6XiZcTpyl,10602 Salpa Silichho Rural Municipality,10602,,,,,,,,,,,,,,1,,,,,,,,,,,,,,,,,2,,,,,8,2,,,,1,,1,,,,,,,2,,2,,,1,,,,,,,,,2,1,,,,,,1,2,,,,,,,1,1,,,,,,,,,,,,,,,,,,,,,3,,1,,,,,,,,,,,,,,,,,,,,,,,,,,,,,,,1,,,,,,1,,,2,,,,,,2,,,8,2,,,,,,,,,,,,,,,,,,,,,,,1,,,3,1,,,,,,,,,,,,,1,,,,,,,4,,,,2,,,3,,,,1,2,3,,,1,,,,2,,,,1,,,,,,,,,,,,,,,,,,,,,,,,,,,,,,,,1,,,
dG2LBoWixMr,70405 Dasharathchand Municipality,70405,,,,,,,,,,,,,,,,,,,,,,,,,,,,,,,,,,,,8,,,,,,,,,,,,,,,,,,,,,1,,,2,,,,1,,,,,,,,,,,,,,,,,,,,,,,,2,,,,,,,,,1,,,,,,,,,,,,,,,,,,,,,,,,,,,,,,,,,,,,,,,,,,,,,1,,,,,,,,,,5,,,,,,,,,,,,,,,,,,,,,,,,1,,,,,,,,,,,,,,,,,,,,,,,,,,,,,,,,,,,,1,,,,,,,,,,,,,,,,,,,,,1,,,,,,,,,,,,,,,,,,,,,,,,,,
x8G6UV6hIbe,60704 Chhedagad Municipality,60704,,,,,,,,,,,,,,,,,,,,,,1,,,,,,,,,,,,,,,,,,,,,,,,,,,,,,,,,,,,,,,,,1,,,,,,,,,1,,,,,,,,,,,,,,5,,1,,,,,,,,,,,,,,,,,,,,,,,,,,,,,,,1,,,,,,,,,,,,,,,1,,,,,,,,,,,,,1,,,,,,,,,,,,,,,,,1,,,,,,,,,,,,,,,,,,,,,,,,,,,,,,,,,,,,,,,,,,,,,,,,,,,,,,,,,,,,,,,,,,,,,,,,,,,,,,,,,,,,,,,,,,,,1,,,
xqSNZN2Y5M6,70502 Amargadhi Municipality,70502,,,,,,,,,,,,,,,,1,,,,,,7,,,,,,,,,9,,,,,12,,,,,,,,,,,,,,,,,,,,,8,,,,,,,6,,,3,,,,,,,,,,,,,6,8,,15,,,,,,,,,,,,2,,5,,,10,,,,,,,,,,,6,,,,,,,,,,,,,,1,,,,,,,1,,8,,,,,,6,,,,,,,,,,,,,,,,2,,1,,,,,,,,,,,,,,,,,,,,,,,,,,,3,,,,,,3,,,,,,,,,,,,,,,5,,,,,,5,,,,,,,,,,,,5,,,4,,,,,,12,8,,,,,2,,,1,,,3,,,,,,,,,,,,7,,1
kF2r78Cx9jX,40801 Gaidakot Municipality,40801,,,,,,,,,,,,,,,,,,,,,,,,9,,,,,,,,,,,,,,,,,,,,,,,,,,,,,,,,,,,,,,,,,1,,,1,,,,,,,,,,,1,,,,,,,,,14,,,,,,,,,,,,,,,,,,,,,,,,,,,,,,,,,,,,,,,,,,,1,,,,2,,,,3,,,,,,,,,,,,,,,,,,,,1,,,,,,,,,,,,,,,,,3,,,,,,,,,,,,,,,,1,,1,,,,,,,2,,,1,,,,,,,,,,,,,,,,,,,,1,,,,,,,,,,,,,,1,,,,,,,,,,,,,,,,,,,,,
h4TMwE2Cx5p,11102 Buddhashanti Rural Municipality,11102,,,,,,,,,,,,,,,,,,,,,,,,,,,,,,,,,,,,,,,,,,,,,,,,,,,,,,,,,,,,,,,,,,,,,,,,,,,,,,,,,,,,,,,,,,,,,,,,,,,,,,,,,,,,,,,,,,,,,,,,,,,,,,,,,,,,,,,,,,,,,,,,,,,,,,,,,,2,,,,,,,,,,,,,,,,,,,,,,,,,,,,,,,,,,,,,,,,,,,,,,2,,,,,,,,,,,,,,,,,,,,,,,,,,,,,,,,,,,,,,,,,,,,,,,,,,,,,,,,,,,
pm1YkHRJxZf,50204 Gangadev Rural Municipality,50204,,,,,,,,,,,,,,,,,,,,,,,,,,,,,,,,,,,,,,,,,,,,,,,,,,,,,,,,,,,,,,,,,,,,,,,,,,,,,,,,,,,,,,,,,,,,,,,,,,,,,,,,,,,,,,,1,,,,,,,,,,,,,,,,,,,,,,,,,,,,,,,,,,,,,,,,,,,,,,,,,,,,,,,,,,,,,,,,,,,,,,,,,,,,,,,,,,,,,,,,,,,,,,,,,1,,,,,,,,,,,,,,,,,,,,,,,,,,,,,,,,,,,,,,,,,,,,,,,,,,,
tIBNabgIuJG,60602 Mahabu Rural Municipality,60602,,,1,,,,,,,,,,,,,1,,,,,,,,,,,,,,,,,,,,,,,,,,,,,,,,,,,,,,,,,,,,,,,,,1,,,,,,,,,,,,,,,,,,,,,,,,,,,,,,,,,,,,1,,,,,,,,,,,,,,,,,,,,,,,,,,,,,,,,,,,,,,,,,,,,,,,,,,,,,,,,,,,,,,,,,,,,,,,,,,,,,,,,,,,,,,,,,,,,,,,,,,,2,,,,,,,,,,,,,,,,,,,,,,,,,,,,,,,,,,,,,,,,,,,,,,,,,,,,,,,,,,,
KpxC0mcU69H,70409 Patan Municipality,70409,,,,,,,,,,,,,,,,,,,,1,,,,,,,,,,,,,,,,2,,,1,,,,,,,,,,,,,,,,,,,,,,,,,,1,,,1,,,,,,,,,,,,3,,1,1,,,,,,,,,,,,,,,,,1,1,,,,,,,,,,,,,,,,,,3,,,,,,,,,,,,1,,,,,,,,2,,,,,1,,,,,,,,1,,,,,,,,,,,,,,,,,1,,,,,,,1,,,1,,,,,,,,,,,,,,,,,,,,,,,,,1,,,,,,,,,1,1,,,,,,,,,,,,,,,,,,,,,,,,,,,,,,,,,,,,,,,,,,,,,
UzTFKbl7g95,20104 Rupani Rural Municipality,20104,,,,,,,,,,,,,,,,,,,,,,,,,,,,,,,,,,,,,,,,,,,,,,,,,,,,,,,,,,,,,,,,,,,,,,,,,,,,,,,,,,,,,,,,,,,,,,,,,,,,,,,,,,,,,,,,,,,,,,,,,,,,,,,,,,7,,,,,,,,,,,,,,,,,,,,,,,,,,,,,,,,,,,,,,,,,,,,,,,,,,,,,,,,,,,,,,,,,,,,,,,,,,,,,,,,,,,,,,,,,,,,,,,,,,,,,,,,,,,,,,,,,,,,,,,,,,,,,,,,,
iDxjEAywhqD,31109 Hariharpurgaghi Rural Municipality,31109,,,,,,,,,,5,,,,,,,,,,,,,,,,,,,,12,,,,,,,,,,1,,,,,,,,,,,,,,,,,,,,,,,,,,,,,,,,,,,,,,,,,,,,,,,,,,,,,,,,,,,,,,,5,,,,,,,,,,,,,,,,,,,1,,,,,1,,,,,,,,,,,1,,,,,,,,,,,,,,,,,,,,,,,,,,,,,,,,,,,,,,,,,,,,,,,,,,,,,,,,,,,,,,,,,,,,,,,,,,,,,,,,,,,,,,,,,,,,,,,,,,,,,,,2,,,,,,,,,,,,,,,,,,
zLYAl5X1IrN,10906 Kummayak Rural Municipality,10906,,,,,,,,,,,,,,,,,,,,,,,,,,,,,,,,,,,,,,,,,,,,,,,,,,,,,,,,,1,,,,,,,,,,,,,,,,,,,,,,,1,,,,,,,,,,,,,,,,,,,,,,,,,,,,,,,,,,,,,,,,,,,,,,,,,,,,,,,,,,,,,,,,,,,,,,,,,,,,,,,,,,,,,,,,,,,,,,,,,,,,,,,,,,,,,,,,,,,,,,,,,,,,,,,,,,,,,,,,,,,,,,,,,,,,,,,,,,,,,,,,,,,,,,,,,,,,,,,,,,,
B7X957nA1lM,104 OKHALDHUNGA,104,,,,,,3,,1,,,,,,,,3,,,,1,4,2,,,2,,,2,,2,1,,,,,23,,,3,,1,1,,,,1,19,,2,4,,,,,1,,4,,,15,3,,,,2,,,2,,,,3,,,,,,,2,2,,,1,,,,,,,1,3,,,,,,7,,,4,5,,3,,,4,,21,1,1,6,,,,1,,1,,3,,,1,1,,,,,,,,,,,,,,,,4,3,,,1,2,1,,,,,,,2,3,,,3,,1,,,,,3,,,,,,,,,,,,,4,,,4,1,,,,1,1,,,,,,,4,,1,,,,,1,8,,,,,,,1,5,,1,,5,1,3,,2,,,,2,,2,,1,1,,,,,1,1,,1,,,,,,,,,,,,2,,,,,1,,1,1,,,,,,
ckHDueeccRO,40102 Ajirkot Rural Municipality,40102,,,,,,1,1,,,,,,,,,1,,,,,,1,,,,,,,,,1,,,,,1,,,,,2,,,,,,,,,1,,,,,1,,,,,,,,1,,1,,,2,,,,1,,,,,,,,,,,1,,,,,1,,,1,,,,,,2,,,3,,,,,,,,,,,,,,,,,1,,,,,,,,,,,,,1,,,,2,,,,,,,,,,,,,,,,,,,,,,1,,,,,,,2,,,,,,,,,,,,,,1,,2,4,,,,,1,,,,,,,1,,1,,,,,,,,,,,,1,,,,,,,2,2,,,,,,,,,,,,,1,,,,,,,,,,,,2,,,,,,,1,,,,,,,,,,,,,
LNLe1sdQtNV,51007 Lamahi Municipality,51007,,,,4,,,2,,1,1,,,,,,14,1,,,,,3,,,17,,,,,4,,,,2,,77,,7,,2,9,,7,1,,,,1,10,11,,3,,1,23,,8,,,26,6,,3,1,,,3,1,,,3,28,,,1,3,,,,3,,,2,,,,,5,,,36,,,,6,,12,,,17,,,1,,,4,,,2,,9,1,1,3,,,,,,,,,,,,,,,,5,2,,,15,,6,,3,5,6,1,1,,,,3,,,11,,,13,,,,7,,2,,,1,,1,,,,21,,4,1,2,2,,,,10,2,,1,23,,,1,,8,,,,1,,,8,1,5,,,,,,,,1,2,7,,,1,2,,1,1,,9,,,,,2,,21,,10,,4,,,10,,,,,,2,,,,,,,1,,,,1,8,,,,,,,,,,,,,,
fI2CEJPXuMR,11001 Mai Jogmai Rural Municipality,11001,,,,,,,,,,,,,,,,,,,,,,,,,,,,,,,,,,,,,,,,,,,,,,,,,,1,,,,,,,,,,,,,,,,,,,,,,,,,,,,,,,,,,,,,,,,,,,,,1,,,,,,,,,,,,,,,,,,,,,,,,,,,,,,,,,,,,,,,,,,,,,,,,,,,,,,1,,,,,,,,,,,,,,,,,,,,,,,,,,,,,1,,1,,,,,,,,,,,,,,,,,,,,,,,,1,1,,,,,,,,,,,,,,,,,,,,,,,,,,,,,,,,,,,,,,,,1,,,,,,,,,,,,,,
VppKq6IZeDb,31104 Golanjor Rural Municipality,31104,,,,,,,,,,1,,,,,,,,,,,,,,,,,,,,,,,,,,,,,2,,,,,,,,,,,1,,,,,,,,,,,,,,,,,,,,,,,,,,,,,,2,,,,,,,,,,,,,,,,,,,,,,1,1,,,,,,,,1,,,,,,,,,,,,,,,,,,,,,,,,,,,,,,,,,,,,,,1,,,,,,,,,2,,,,,1,,,,,,,,,,,,1,,,,,,,,,,,,,,,,,,,,,,,,,,,,,1,,,,1,,,,,,1,,,,,,,,,,,,,,,,,,,,,,,,,,,,,,,,,,,,,,1,,,,,,,
LwXIl5HeCi8,10805 Laligurans Municipality,10805,,,,,,,,,,,,,,,1,,,,,,,,,,1,,,,1,1,,,,,,1,,,,,,,,,,,1,,,2,,,,,,,1,,,,,,,1,3,,,,,,,,,,,,,,,,,,,,,,,1,,,,,,,,,1,,,3,4,,4,,,,,,,,,,,,,,,,,,,,,,,,,,,1,,,,1,,,,,1,,,,2,,,,,,1,,,1,1,,,,1,,,,,,,,,,,,,,,,,,,,,,1,,,,1,1,,,,,,,,,,,,,,,,,,,,,,1,,,,,,2,,2,,,,,,,,,,,,,,,,,,,,,,,,,,,,,,,1,,,,,,,,,,,,,,
Va2R0WOfjZK,40605 Besishahar Municipality,40605,,,,,,,,,1,,,,,,,1,,,,,,12,,,,3,,1,,3,3,,,,,1,,1,,,4,,,,,,,,,,,,,,,,10,,,1,,,,3,,,1,,,,,,,,,1,,,,10,,,8,,,,,,,,,,,,29,,4,,,12,1,,,,,,,,,,15,1,,,1,,,,,,,,,,,,,,,,,,,1,,,,,,5,,,,,,,,,,,,,1,,,4,,4,,,1,,,,,,,,,,,,,,,,3,,,,,,,3,4,,,,1,,,1,,,,,,1,,,,,,,,,,,,2,,8,,,,1,,,1,,,,,9,,,24,,,,,,,,,,,,9,,,2,,,3,,,,,,,,,,,1,,,
uLoM1lcKeYr,30412 Thakre Rural Municipality,30412,,,,,,1,,,,,,,,,,,,,,,1,2,,,1,,,,,,1,,,,,2,,,,,,,,,,,,,,2,,,,,,,1,,,,,,,1,,,,1,,,,,,,,,,1,,,,,,,,,,1,,,,,,,,,,,,,1,,,,,,,,,,3,,,,,,,,1,,,1,,,,,,,,,,,,1,,,,,,,,,1,,,,,,1,,,2,,,,1,,,,,,,1,,,,,,,,,,,,,,,,,,1,,1,,,,,,,,,,,,,,,,1,7,,,,,,,,,,,,,1,,,,,,,,,,,1,,,,,,,,,,,,,,1,,,,,,,,,,,,,,,,,,,3,,
iwHpr1wY3TV,51202 Barbardiya Municipality,51202,,,,,,,,,,,,,,,,,,,,,,,,,1,,,,,,,,,,,4,,,,,,,,,,,,,,2,,,,,,,,,,1,,,,,,,,,,,,,,,,,,,,,,,,,,,,,,,,,,,,,,,,,,,,,,,,,,,,,,,,,,,,,,,,,,,,,,,,,,,,,,,,,,,,3,,,,,1,,,,,,,,,,,,,,,,,,,,,,,,,,,,,,,,,,,,,,,,,,,,,,,,,,,,,,,,,,,,,,,,,,,,,,,,,,,,,,1,,,,,,,,,,,,,,,,,,,,1,,,,,,,,,,,,
WlsoyP8RB5A,30605 Tokha Municipality,30605,,,,,,,,,,,,,,,,,,,,,,,,,,,,,1,,,,,,,,,,,,,1,,,,,,,,1,,,,9,,,,,,,,,,,,,,,,,,,,,,,,,,,,,,,,,,,,,,,,,,,,,,,,,,,,,,,,,,,,,,,,,,,,,,,,6,,,,,,,,,,,,,,,,,,,,,,,,,,,1,,,1,,,,,,,1,,,,,,,,,,,,,,,,,,,,,,,,,,,,,,,,,,,,,,,,,,,,,,,,,,,,,,,,,,,,,,,,,,,,,,,,,,,,,,,,,,,,,,,,,,,,,,,,
voE6nkNZ68u,20116 Hanumannagar Kankalini Municipality,20116,,,,,,,,,,,,,,,,,,,,,,,,,,2,,,,5,,,,,,,,,,,3,,,,,,,,,,,,,,,,,,,,,,,3,,,,,,,,,,,,,,,,,,,,,,,,,,,,,2,10,,,6,,,6,,,,,,,,,,,,,,,,,,,,,,,,,,,,,,,,,3,,,,,,,,,,,,,,,,,,,,,,,6,,3,,,,,,,,,,,,,,,,,,,,,,7,,,,,,,,,,,2,,,2,,,,,,,,,,,,,,,,3,,7,,,,,,,,,,4,,,,,,,,,,,,,,,,,10,,,,,,,,,,,,,,,,,,,,
F5aE3rj2vJW,30901 Chauri Deurali Rural Municipality,30901,,,,1,,,,,,,,,,,,1,,,,,,1,,,,,,,,,,,,,,3,,,,2,1,,,,,,,,,,,,,,1,,1,,,2,,,,,,,1,8,,,,2,,,,,1,,,,,,2,,,,,1,,,,,,,,,3,,,,1,,,,,,,,,,,,,,,,1,,,,,,1,,,,,,,,,,,1,,,,,,,,,,1,,,,,,,,,,,,,,,,,,,,,,,,,,,1,,,,,5,,,,1,,,,,,,,,1,,,1,,,,,,,,,,,,,,,,,,,,1,,1,,,,,,,,1,,,,,2,,,,,,,,,,,,,,,1,,1,1,,,,,,,,,,,,,,
eTrK1SZ2dxk,40104 Dharche Rural Municipality,40104,,,,,,2,,,,,,,,,,1,,,,,,3,,,,1,,1,,1,,,,,,3,,,1,,3,,,,,,,,,2,,1,,,,,2,,,1,,,,,,,,4,,,,1,,,,,,,1,2,,,,,,,,1,,,,,,,,,,,,,,,,,,1,,,,,2,,3,,,,,,,,1,,,,,,,,,,,,,,,,,,1,,,,,,,,,,,,,2,3,,,,,,,,,,,,,,,,,,,,,,,,,,,,,,,,1,,,,,,,,,1,,,,1,,,,,,2,,,,,,,,,,,,,,,,,,,,,,,,,,,,,,,,,,,,,,,,,,,,,,,,,,,4,1,,,
OghqD7YRDP9,41003 Kushma Municipality,41003,,,,,,,,1,,,,,,,,2,,,,,,17,,,,,,1,,,9,,,,,1,,,,9,4,,,1,,,,,,,,,,,,,18,,,,10,,,,,,,,,,,11,,,,,,,,16,9,,11,,,,,1,,,,,,,15,,9,,,12,1,,14,,,,,,1,,9,,,,,,1,,,,,,,,,,,,,1,,,,10,,,,,,11,,,,,,,,,,,,1,,1,,12,,4,,,,,,1,,,,,1,,,,,,,,5,,3,1,,,,,14,,,,3,,,2,2,,,,,,,1,,5,,,,,,,,5,,6,2,4,,,,,,,,1,,11,,,15,,,,,,,,,,,8,8,,,,,,24,,,5,,,,2,,,,,,,
B9uYCJ6J5df,30704 Suryabinayak Municipality,30704,,,,,,,,,,,,,1,,,,,,,1,,,1,,,,,,,,,,,,,,,,,,,,,,,,,,,1,1,,,,,,,,,,,,,,1,,,1,,,,1,,,,,,,1,,,,,,,1,,,,,,,,,,,,,,,,,,,,1,,1,,,,,,,,,,,,,,,,,,,,,,,,,,,,,,,,,,,,,,,,,1,1,,,1,,,,,,,,,,,,,,,,,,,,,,,,,,,1,,,,,,,,,,1,,,,,,,,,,,,,,,,,,,,,,,1,,,,,,,,,,,,,,,,,,,,,,,,,,,,,,,,,,,,,,,,,,,,,,
HxZFAUdkmSq,60707 Nalagad Municipality,60707,,,,,,,,,,,,,,,,1,,,,,,,,,,,,,,,3,,,,,9,,,,,1,1,,1,,,,,,,,,,,,,1,,,5,,,,2,1,,,,,,1,,,,,,,,,2,,,,,,,,,,,2,,,,,,,,,1,,,1,5,,,,,,,4,,,,,,,,3,,,,,,2,,,,,1,,,,2,,,,,,,,,,,,,3,,,,,2,1,,,1,,1,,,,,,,,,,,,,,,,,,4,1,,,,,,,,,,,,,,,1,,2,,,,1,,,,,,,,2,,2,,,,5,2,,,,,,,,,1,,,,,,,,,,,,,,,,,,,,,,,,,,,,,,,,,,1,,,1
mhJDOp22gkO,60706 Bheri Municipality,60706,,,,1,,,,,,,,,,,,,2,,,,2,,,,,2,,,,,,,,3,,,,3,,,,,,,,,,,,,,,,5,3,,,,,,2,,,,,,,,,,,3,,,,,,,,,,,,,,,,,,,,,,,,,,,,2,,,,,,15,,,,,,,,,,,2,,4,,1,4,,,,,,1,,,,,8,,,,,1,2,,,3,4,,,2,,,,,,,7,,1,,,,1,,,,,,,,1,,,,,,,,,,,1,4,5,,,,,1,,,,,,,3,,2,,,,,,,,,,15,,,,,,,,,,,2,,,,,1,,2,,,,,,,,,,,,,,,,,,,,,,,,,,,,,,,,,,1,,,2
zce1OaOO6G0,10104 Maiwakhola Rural Municipality,10104,,,,,,1,,,,,,,,,,,,,,,,,,,,,,,,,,,,,,,,,,,,,,,,,,,,,,,,,,,1,,,,,,,,,,,,,,,2,,,,,,,,1,,,,,,,,,,,,,,,1,,,,,,,,1,,,,,,,,,,,,,,1,,3,,,,,,,,,,,2,,,,,,,,,,,,,,,,,,,,,,,1,,,,1,,,,,,,,,,,,,,1,,,,,,,,,,,,,,,,,,,,,,,,,,,,,,,,,,,,,,,,,,,,,,,,,,,,,,,,,,,,,,,,,,,,,,,,,,2,,,,,,,,,,,,,,
ekqIpRijlJ5,61009 Chaukune Rural Municipality,61009,,,,,,,,,,,,,,,,,,,,,,,,,,,,,,,,,,,,,,,,,,,,,,,,,,,,,,,,,,,,,,,,,,,,,,,,,,,,,,,,,,,,,,,,,,,,,,,,,,,,,,,,,,,,,,,,,,,,,,,,,,,,,,,,,,2,,,,,,,,,,,,,,,,,,,,,,,,,,,,,,,,,,,,,,,,,,,,,,,,,,,,,,,,,,,,,,,,1,,,,,,,,,,,,,,,,,,,,,,,,,,,,,,,,,,,,,,,,,,,,,,,,,,,,,,,,,,,,,,,,,
qjjjZzVEyW6,60301 Chankheli Rural Municipality,60301,,,,,,,,,,,,,,,,,,,,,12,,,,1,,,,,,1,,,,,2,,,,,,,,,,,,,1,,,,,,,,,,,,,,,,,,,,,,,2,,,,,,,,,,,,,,,,3,,,1,,,,,,,,,,,,,,,,,,,,,,,,,,,,1,,,,,,,,,,,,,,,,,,,,,1,,,,,,,1,,,,,1,,,,,,,,,,,,,,,,,,,,,,,,2,,,,,,,,,,,,,,,,1,1,,,,,,,3,,,,,,,,,,,,,,,,,,,,,,,,,,,,,,,,,,,,,,5,,,,,,,,,,,,,,,,,,,,,
KdxSxjtMLdr,50406 Malika Rural Municipality,50406,,,2,1,,3,,,,,,,,,,3,,,,,1,,,,,1,,,1,,1,,,,,6,,,,,,,,,,1,,,,1,,,1,,,,,,,2,,,,,3,,,3,,,,1,,,,,,,,1,,,7,,,,,,1,,1,,,,,,1,,,,,,,,,,,,,,,,,,,,,,13,,1,3,,,,,,,,,,,,,,,,,2,,,,3,1,,,3,,1,,,2,4,2,,,,,,,,1,2,1,,,,,,,1,,,,,,1,,1,4,,,,,,,,,,,,2,,,,,,,,6,,,,,,,,,,,,,2,,1,,,,,2,,1,,,,,,,1,1,,,,,,,,,,,,,,,,,,,,,,,,,,,,,1
ucVF5gpZ8D1,40501 Madi Rural Municipality,40501,,,,2,,1,,,,,,,,,,,,,,,,,,1,,,,,1,,,,,,,4,1,,,1,2,,,,,,,1,,,,,,,1,,,,,2,,,,,2,,,2,1,,,2,,,,,,,,1,,,,,,,,2,,,1,,,,1,,1,,,1,1,,,,,,,,,,,,,,,,1,,1,,,1,,,,,,,1,,,,,1,,,,,1,,,,1,,,1,,,,,,1,2,,,,,,,,,,2,1,,,,,,,,,,,,2,,,,,,,,,,,,,,,,2,,2,,1,,,,1,,1,,,,,,,,,,,1,,,1,,,,,,,,,,,,,1,1,,,,,,,,,1,,,,,,,,,1,,,,1,,,,,,,
YqQbkwADI71,60506 Khandachakra Municipality,60506,,,,,,,,,,,,,,,,2,,,,,,2,,,1,,,,,,,,,,,1,,,,,1,,,,,,,,,,,,,,1,,,,,1,,,1,,,,,1,,,,1,,,,,,,,1,,,1,,,,,1,,1,,,,,,,,,,,1,,,,,,,,,,,,,,,,2,,1,,,1,,,,,,,,,,,,1,,1,,1,,,,1,,,,,,,,,,,,,,,,,,,,,2,1,,,,,,,,,,,,,,,1,,,,,,,,,,,,,,,,,2,,1,,,,,,,,,,,,,,,,1,,1,,,,,,,,,,,1,,,1,,,,,,,,,1,,,,,,,,,,,,,,,,,1,,,
zFmBHaRvkLd,30207 Choutara Sangachowkgadhi Municipality,30207,,,,,,,,,,,,,,,,1,,,,,1,,,,,1,,,,,1,1,,,,,,,,,,,,,,,,,,,,,,,2,,,,,,,,,,,,,,,,,3,,,,,,,,1,,,,,,,,,,,,,,,1,,3,,,,,,,,,6,,,,,1,,,1,,,,,,,,3,,,,,,,,,,,,,,,,,2,,6,,,,,,,,,,,,,,,,,,,,,,2,2,,,,,,,,,,,,3,,,,1,,,,,3,,,,1,,,,,,,,,,,,,,,,,,,,,,,1,2,1,,,,2,,,,1,,,,,1,,,,,,,,,,,,,,,,,,,,,,,,,,,,,,,,
xE2NOY84Rnl,50308 AIRAWATI RURAL MUNICIPALITY,50308,,,,,,,,,,,,,,,,,,,,,,,,,,,,,,,,,,,,,,,,,,,,,,,,,,,,,,,,,,,,,,,,,,,,,,,,,,,,,,,,,,,,,,,,,,,,,,,,,,,,,,,,,,,,,,,,,,,,,,,,,,,,,,,,,,,,,,,,,,,,,,,,,,,,,,,,,,,,,,,,,,,,,,,,,,,,,,,,,,,,,,,,,,,,,,,,,,,,,,,,,,,,,,,,,,,,2,,,,,,,,,,,,,,,,,,,,,,,,,,,,,,,,,,,,,,,,,,,,,,,
UDNIRW1i9Gk,30105 Jiri Municipality,30105,,,,,,,,,,,,,,,,2,,,,,,,,,,,,,,1,,,,,,2,,,,1,3,,,,,,,,,2,,,,,,,3,,,2,,,,1,1,,,1,,,,1,,,,,,,,3,,,1,,,,,,,4,,,,,,,2,,,2,,,1,,,3,,,,,,,,,,,,,,,,,,,,,,,,,,,3,2,2,,,,,,,,,,,,,,,,,,1,,,,,1,,,,,3,,,,,,,,,,,,,,,,,9,,,,,,,,,,,,1,,,,,,,,1,,,,3,,,,,,1,,2,4,1,,,,,,,,,,3,,,1,,,,,,,,,,,,3,,,,,,1,,,,,,,,,,1,,,,
wkfdoD1yW8p,20613 Rajpur Municipality,20613,,,,,,,,,,,,,,,,4,,,,,,,,,,,,,,,,,,,,,,,,,,,,,,,,,,,,,,,,,,,,,,,,,,,,,,,,9,,,,,,,,,,,,,,,,,,,,,,,,,,,,,,,,,,,,,,,,,,3,,,,,,,,20,,,,,,,,,,,,,,,,,,,,,,,,,,,,,,,,,,,,,,,,,,,,,,,,,8,,,,,,,,,,,,,,,,,,,,,,,,,,,,,,,,,1,,,,,,,,,,,19,,,,,,,,,,,,,,,,,,,,,,,,,,,,,,,,,,,,,,,,,,,,
uZHgBUrBFiw,50201 Sunchhahari Rural Municipality,50201,,,,,,2,,,,,,,,,,1,,,,,1,,,,,1,,,,,,,,,,2,,,,,,,,,,,,,,1,,,,,1,,1,,,,,,,,1,,1,,,,,1,,,,,,,,2,,,,,,1,,,,,,,,,,,,,,2,,,1,,,,,,,,,,,,,,1,,,,,1,,,,,,,,,,,,1,,,,,106,2,,,,,,,,,,,,2,3,1,,,,,,,,,2,,,,,,,,,,,,,1,,,1,,,,,,1,,,,,,,2,,,,,,,,1,,,,,,,,,,,,,1,1,,,,,,,,,,,,,1,,,,,,,,,,,,,,,,,,1,,,,49,,,,,,,,,,
XJcmAfNk3tE,10509 Jante Dhunga Rural Municipality,10509,,,,1,,,,,,,,,,,,,,,,,,1,,,,,,,,,,,,,,,,,,,,,,,,,,,,,,,,,,,,,,,,,,,,,,,,,,,,,,,,,1,,,,,,,,,2,,,,,,,,,1,,,2,,,,,,,,,,,1,,,,,,1,,1,,,,,,,,,,,,,,,,,,,,,,,,,,,,,,,,,,,,,,,,,,,,,,,,,,,,,,,,,,,,,,,,,,,,,,,,,1,,,,,,,,1,,,,,,,,,,,,,,,,,,,,,,,,,,,1,,,,,,,,,,,,,,,,,,,,,,,,,,,,,,,,
XLjQzv0rxIP,10206 Khandabari Municipality,10206,,7,,,1,,,,,,,7,,,2,,,1,,3,2,1,,1,7,,,2,5,,2,,,,,9,4,,,,3,,1,,,1,2,,1,4,,,7,,,,1,,,6,,,4,4,,4,,,,,,2,,2,,,,,3,,,,,,,5,,1,,1,1,,,1,,,1,2,,,1,,,,,1,,4,,,2,,1,,2,,,,10,,,,,,,,4,,,,,,1,4,,4,,,1,,1,,4,1,,,10,,4,,,1,6,,,,,,,,,5,,,,,4,,,,1,,3,,,,1,,,,,1,1,,,,,,,,,1,,,1,,,,,,,,,1,,2,,,3,,,,4,,,,,,,4,,,,,4,,,,5,,1,5,,,,,3,,1,,,3,,,1,,1,,,1,,,,,,,,,7
lw377s6XZd1,20501 Lalbandi Municipality,20501,,,3,,,92,,,,,,,5,,,,,,2,,,,,,,,,83,4,36,,,,,,,2,,35,,,,,,,,,,,146,13,,,,,,,,,,,,,126,74,,,,,,,,,,,10,,,52,,,,,,,33,,,,,,,,,83,,128,,,,187,,,5,16,,,,6,10,,30,,,2,,,,88,,,,,,7,,,,1,,,2,,,,,,,,,,1,85,,,,4,,146,,,,81,7,,,,,,,,,,,6,,,,,4,,,,,,,,,,,,,,,93,,,,47,,,,,,,,,,4,107,,43,,,,53,,,,46,,132,,,,7,5,4,,,,,1,100,,,,,28,,,,,,,,,,,5,,,,,,,,,,,,,,,,,,,35
QIsDAg98UTi,10604 Bhojpur Municipality,10604,,,,,,,,,,,,,,,,,,,,,1,2,,,15,,,1,1,,1,,,,,15,,,,,3,,,,,,,,,,,,,,,,,,,,,,,,,2,,,,,,,,,,,,,,2,,,1,,13,,,,,,,,,,,,4,,,,,,,,,,,,,,3,1,,,1,,,,,,,,,,,,2,,,,,,,2,,,,,,,,,,2,,,,1,,,,,1,,,,,,,,,,,,,,1,,1,,,,1,,,,,,,,,,,,4,,,,,,,,,,,,,,,,,,,1,,,,,1,,,6,1,,,,1,,,1,,,,5,,,,,,,,,13,,,,,,,,,,,,2,,2,,,,,,,,,,18,,
MBPs5x5ajKs,40608 Dudhapokhari Rural Municipality,40608,,,,,,1,,,,,,,,,,,,,,,2,1,,,,,,,,,,,,,,1,,,,,2,,,,,,,,,6,,,1,,,,3,,,1,1,,,,2,,,,,,,2,,,1,,,,1,,,,,,,,,,,,,,,,,,1,,,,,,1,,,,,,,,,,,,,,,,,,,,2,,,,,,,,,,,1,,,,,,2,,,,,,,,,,,,,5,,,2,,,,,,,,,,,,,,,,,,,,,,,,2,,,,,,,,,,,,,,1,,,,,,3,,,,,,,,,,,,,1,2,,,,,,,,,,,,,2,,,,,,,,,,,,,,,,,,1,,,,,,,,,,,1,,,
i6gMyoP9ReK,113 SUNSARI,113,,3,11,1,,163,,,,,,5,,,6,,,3,,89,,,,,76,,,,,,1,,,,,462,,,11,,,,,,,,6,,,197,,,55,,1,,,1,,147,,,,,11,2,,1,,,,,,,,,,,129,,,13,,,3,21,,,,,,,,,,,,,,2,10,,,,28,,,9,1,,,,,,,,,1,204,,,,1,,,,54,,,,,,,,,32,,,,,,,,87,11,,46,2,21,,,174,,38,,,,,1,,,,,,,,,28,,,,,7,,,,,,,,,,32,,2,,12,,,,,1,,1,43,,,,27,275,,,,,,,,,,,,1,,1,,8,12,2,,,1,,,1,9,,,,20,,,21,54,,,,3,,1,,,,,,,,9,,,9,,,,,,,28,,5
M3ObAyvipp5,40908 Chapakot Municipality,40908,,,,,,5,,,,,,,,,,,,,,7,,17,,,9,,,3,3,,4,,,,,27,1,,,,1,10,,,,,,4,3,2,,,,,17,,1,,,8,11,,,,,,3,6,,,,,,,,,,,2,6,,,5,3,,,,,,1,9,,,4,1,,3,,,6,5,,,,,3,,,,,8,1,,,3,,1,,3,,,,,,,,,,,,,,3,7,,3,,,,2,,,1,1,,,,,,,,8,12,,,20,,1,,,3,,6,,,,1,,,,,,,,,,,,12,1,,,3,,5,,,5,,,,,,,,,,,,6,,,,4,,,2,1,,1,,14,2,8,,,,,,5,,,,,,,3,,,5,1,,1,,,,,,11,,,2,,,8,,,,,,,,,,1,,,,1
Bc5MkPkp7b2,61007 Barahatal Rural Municipality,61007,,,,,,,,,,,,,,,,,,,1,,,,,,,,,,,5,,,,,,,,,,,,1,,,,,,,,,,,,,,,,,,,,,,2,,,1,,2,,,,,,,1,,,,,1,,,,,,,,,,,,,,,,,,,,1,,,,,1,,,2,,,,,,,,,,1,,,,,,2,,,,,,1,,,,,,1,,,2,,,,,,,,,,,,,,,,1,,,,,,,,,,,,,,,,,,,,,,,2,,,,,,,,,,1,,,,2,,,,,,,,,,,1,,,,,,,,,,1,,,,,,,,,,2,,,,,,,,,,,,,,,,,3,,,,1,,,2,,,,,,,,,,,
ICSVN3EZGcy,410 PARBAT,410,,,1,,,8,,1,,,,,,,,2,,,,,1,23,,,3,,,3,,,13,2,,1,,16,,,1,10,4,,1,6,,,,1,,2,,,,,2,,21,,,7,12,1,,2,2,,,5,,,1,16,,,1,,,,3,22,9,,13,,,1,,8,,,3,,,,15,,15,,,15,7,,17,,1,3,,,1,,16,,1,,1,,2,,5,,,6,,,,,,1,,1,1,,,10,,,,1,3,14,2,3,2,1,,,,,1,,,5,7,2,,14,,4,,,,,3,5,,,1,,1,,1,,,,,2,6,,8,5,,,3,,20,,,,3,,,3,3,2,,,,,1,9,,5,1,5,,1,,,,5,,10,3,11,2,,,,,4,,7,,11,,,18,,,1,,1,,,1,,,10,10,,,,,,27,1,,7,,,,5,,,1,3,,,
BywOwm8jUhf,703 DARCHULA,703,,,,2,,2,,,,,,,,,,1,,,,1,,1,,,1,,,,,,1,,,16,,8,,,,1,,,,,,,,,,,,,,,,,,,,1,2,,,,2,,,,,,,2,,,,,,,3,1,,,1,,,4,,,,,2,,,,,1,,,,,1,,,,,,,,,,1,,,,,,,,,,,1,,,,,1,1,,,,,,,,1,,1,1,,,,,,,,,,,,,5,,,,,,,,,,,1,,,,,,,,,,,,,,,,,1,,,,,,,,2,,,,2,,1,1,,,,,1,,,,1,,,,1,,,,1,,4,,,,,,1,,1,,,,,,,,1,,,,,,,1,,,,,,,,,,,,,2,,,,,3,,,,
oMeYnk0engn,10706 Sangurigadhi Rural Municipality,10706,,,,,,,,,,,,,,,,,,,,,1,1,,,,,5,,,3,,,,,,,,1,,,4,,,,,,,,,,1,,,,,,2,,,,,,,1,3,,,1,,,,2,,,,,,,,,,,1,,,,,,,,,,,,1,,4,,,1,,,,,,,,,,,4,,,,,,1,,,,,3,1,,,,,,,,,,,4,,,,,1,1,,,,,,,,,,,,,,,,3,1,,,,,,,,,,,,,,,5,,,,1,,,1,1,,,,,6,,,,,,,,,,,1,,,,2,,,,1,,1,1,,,1,,,1,1,,,,,,,,1,,2,,,1,,,,,,,,,,,,2,,,1,,,4,,,,,,1,,,,,,,,
ctacaAbr1hR,41002 Jaljala Rural Municipality,41002,,,,,,,,,,,,,,,,,,,,,,,,,1,,,,,,,,,,,1,,,,1,,,,,,,,1,,,,,,,1,,,,,,,,,,,,,,,,,1,,,,,,,,2,,,2,,,1,,,,,,,,,,,3,,,,,,,,,,,,,,2,,,,,,,,,,,,,,,,,,,,,,,,,,,,1,,,,,,,,,,,,,1,,,,,,,,,,,,,,,,,,,1,,,,,,1,,,,,,1,,,,,,,,,,,,,,,,,,,,,,,,,,,,,,,,,,,,,,,,,,,,,,,,,1,,,,,,1,,,,,,,,,,,,,,,,,,,,,
euU6fKR81MC,20202 Dhangadhimai Municipality,20202,,,,,,,,,,,,,,,,,,,,,,,,,,,,,,,,,,,,,,,,,,,,,,,,,,,,,,,,,1,,,,,,,,,,,,,,,,,,,,,,,,,,,,,,,,,,,,,,,,,,,,,,2,,,,,,,,,,,,,,,,,,,,,,,,,,,,,,,,,,,,,,,,,,,,,,,,,,,,,,,2,,,,,,,,,,,,,,,,,,,,,,,,,,,,,,,,,,,,,,,,,,,,,,,,,,,,,,,,,,,,,,,,,,4,,,,,,,,,,,,,,,,,,,,,,,,,,,,,,,,,,,
ddOI93zq9oN,40106 Bhimsen Rural Municipality,40106,,,,,,3,,,,,,,,,,1,,,,,,,,,,,,,,,,,,,,2,,,1,,1,,,,,,,,,,2,,,,,,,,,1,1,,,,2,,,,,,,,,,,,,,1,,,,,,,,,1,,,1,,,,,,1,,,,,,1,,,1,,,,,1,,,,,,,,1,,,,,,,,,,,,,,,,,,,,1,,1,,,,,,,,,,,,1,,,,,,,,,,1,,,,,,,,,,,,,,,,,,,,,,,,,,,,,1,,1,,,,,,,,,,,,,,,,,,,,2,,,,,,,,,,,,,1,,,,,,,,,,,,,,,,,,,,,,,,,,,,,,,,
kfrKchZfqGr,407 TANAHU,407,,,,1,1,19,,1,,1,,1,,1,,8,2,,,8,18,28,3,2,4,4,,19,3,10,10,3,,2,,50,1,8,2,18,11,,4,,1,1,1,,2,23,9,1,2,,8,,4,,,1,17,,,16,8,,,2,,,7,26,,,1,9,1,1,8,10,3,,9,2,,,,35,1,,6,,,,13,,13,,1,7,8,,9,,,,,,1,,17,11,,1,,,1,8,14,,2,29,,,4,,9,3,,15,,3,2,6,,,1,,9,1,,2,8,20,,,3,,1,,2,5,13,2,,1,1,1,1,,1,,9,2,7,7,,,1,,,,,,2,25,1,,10,28,1,3,2,9,11,2,,16,6,,,4,1,4,,,2,1,14,20,,,1,2,,8,4,2,,,,11,2,3,2,1,,,,12,,41,,2,,,18,,1,1,,,18,,1,1,2,7,2,,,2,,8,20,,,,1,,2,3,1,,,14,,,1
dOTm9tn1TvO,70707 Bannigadhi Jayagadh Rural Municipality,70707,,,,,,,,,,,1,,,,,,,,,,,1,,,,,,,,,,,,,,2,,,,,,,,,,,,,,,,,,,1,,,,,1,,,,,1,,,,,,,,,,,,,,1,,,,,,,,,,,,,,,,,,,,,,1,,,,,,,,,,1,,,,,,,,,1,,,,,,,,,,,,,,,,,,,,,,,,,,,,,,,,1,,,,,,,,,,,,1,,,,,,,,,,,,,,,,,,,,,,,,,,,,,,,,,,,,9,,,,,,,,,,,,,,,,,,,,,,,,,,,,,,,,,,,,,,,,,,,,,,,,,,,,,,,,,,,
QWWihVPHhq0,50207 Rolpa Municipality,50207,,,,2,,3,,,,,,,,,,3,,,,5,6,2,,,1,,,,,,,,,,,1,2,1,,1,,,1,1,,,,3,1,,,,,,11,,3,,,,6,,,,,,,3,,,3,7,,,4,,,,1,6,,,2,,,,,,,,1,,,,,1,,,,2,1,,3,,,1,,,,,,,,,,,4,,2,,,4,,,,,,,,,,,1,4,,,,,1,,,,2,,,,,,,2,,,,,,2,,3,1,,,,,,,,1,,,,,,,,,4,,,16,5,,,,,,,,1,,2,1,3,,1,,3,,,,,,1,,2,,,,,,,,,5,7,,,,,,1,,2,,,,,1,,,,,,,,,,,5,2,,,1,,,3,1,,,,,,5,,,,,,,
BdLcDbLQd88,101 TAPLEJUNG,101,,,1,1,,1,,2,,,,,1,,,3,,,,1,1,2,,,1,,,1,,2,2,1,,,3,5,1,,,1,,,3,,,,,4,,1,1,,,,5,,11,,,1,1,,1,7,3,,,1,,,4,3,,,1,,,,4,1,,1,1,,,,,1,1,,1,,,,17,3,4,1,,5,1,,4,,6,7,,,,7,6,,,3,,,1,1,4,,,1,2,,1,,,,3,2,,,,10,,,,,2,7,7,,2,2,,,,,1,,,1,2,,,8,1,,1,,,,2,2,,,,,1,14,2,,,,,5,,,1,1,1,3,1,1,6,,,,1,,,3,3,3,,,,,,1,,4,,11,,2,,,,7,3,4,3,3,1,,,,,,,,,10,,,3,,,,,,,,,,,1,4,1,,3,,,8,,,,1,,,,1,,1,1,,,5
nwHgeTvu876,40706 Ghiring Rural Municipality,40706,,,,,,,,,,,,,,,,,,,,2,1,,,1,,,,,,,1,1,,,,2,,,,1,,,,,,,,,,,,,,,,,,,,1,,,,,1,,,,,,,,,,,,,,,,,,,,,,,1,,,1,,,,,,,,1,3,,,,,,,,,,,1,,,,,,,,,,,,,,,,,,,,,,,,,,,,1,,,,,,,,,,,,,,,,,,,,,,,,1,,,,,,,,,,,,,,,,,,,,,,,,,,,,,,,,,,,,,,,,,,,1,,1,,,,,,,,,,,,,,,,,,,,,,1,,,,,,1,1,,,,,,,,,,,,,,,,,,,,,,
IuhDjmEnWme,60906 Chhatreshwori Rural Municipality,60906,,,,,,,,,,,,,,,,,,,,,,,,,,,,,,,,,,,,1,,,,,,,,,,,,,,,,,,,,,,,,1,,,,,,,,,,,,,,,,,,,,1,,,,,,,,,,,,,,,,,,,,2,,,,,,,,,,,,,,,,,,,1,,,,,,,,,,,,,,,,,,,,,,,,,,,,,,,,,,,,,,,,,,,,,,,,,,,,,,,,,,,,,,,,,,,,,,,,,,,,,,,,,,,,,,,,,,,,,,,1,,,,,,,,,,,,,,,,,,,,,,,,,,,,,,,,,,,,,,1,,,,,,,
lIXyvI5C64z,60107 Kaike Rural Municipality,60107,,,,,,,,,,,,,,,,1,,,,,1,,,,,,,,,,,,,,,,,,,,,,,,,1,,,,,,,,,,,,,,,,,,,,,,1,,,,,,,,,,,,,,,,,,,,,,,,,,,,,,,,,,,,,,,,,,,,,,1,,,,,,,,,,,,,,,,,,,,,,,,,,,,,,,,,,,,,,,,,,,,,,,,,,,,,,,,,,,,,,,,,,,,,,,,,,,,,,,,,,,,,,,,,,,,,,,,,,,,,,,,,,,,,,,,,,,,,,,,,,,,,,,,,,,,,,,,,,,,,,,,,
hGD6CIUUSxR,10202 Makalu Rural Municipality,10202,,,,2,,2,,,,,,,2,,,3,,,,,4,5,,,1,3,,2,,,4,,,,,5,,,,,,,,,,,,,,4,2,1,,,1,,5,,,5,3,,,2,2,,,1,,,,1,,,,,,,,2,,,2,,,,,4,,,,,,,3,,1,,,1,,,2,,,2,,,,,1,2,,,1,,1,,,,,,,,2,,,,,1,,,,1,,1,,,1,1,1,,,,,,,,,,,,2,,,,,,,,,,1,1,,,,,,1,1,,,,,2,1,,1,5,,,,,1,1,,1,2,,,2,,,,,,,,2,,1,,2,,,,1,,2,,3,2,4,,,,,,1,,1,,3,,,2,,,,,,,,,,,1,2,1,,1,,,,,,,,,1,,,,2,1,,,2
zkFZKX5RX1A,501 RUKUM EAST,501,,,,,,1,,,,,,,,,,,,,,,2,1,,,2,,,3,,,,,,,,9,,1,,,,,,,,,2,,,5,,,,,3,,,,,4,1,,,,,,,1,,,2,,,,,,,,1,,,,,,,,,2,,,1,,,,1,,,,,,,,1,,,,,,,,2,,,,3,,1,,,,,2,,,,,,1,,,,,,,,1,,,3,,,,1,1,,,,,2,,,3,1,1,,,,,,,,,1,1,,,5,,,,,,,,,3,,,,8,,,,,,,,,,,,1,,1,,,,,,4,,,,1,,,,,,,,,3,,1,,,,,5,,,,,,,,,,1,,,,,,,,,,,,,,,,,1,,,,,,,,,,,1,1
gmtpUDSMtzU,20609 Dewahi Gonahi Municipality,20609,,,,,,,,,,,,,,,,,,,,,,,,,,,,,,,,,,,,,,,,,,,,,,,,,,1,,,,,,,,,,,,,,,,,,,,,,,,,,,,,,,,,,,,,,,,,,,,,,,,,,,,,,,,,,,,,,,,,,,,,,,,,,,,,,,,,,,,,,,,,,,,,,,,,,,1,,,,,,,,,,,,,,,,,,,,,,,,,,,,,,,,,,,,,,,,,,,,,,,,,,,,,,,,,,,,,,,,,,,,,,,,,,,,,,,,,,,,,,,,,,,,,,,,,,,,,,,,,,,,,,
WfE2smSUNDt,504 GULMI,504,,,4,2,,10,,,,,1,,,,,10,,,,,21,3,,1,,1,,,1,,8,2,,,,19,,,4,,2,,5,,,3,,,,15,1,1,3,1,9,,9,1,,8,5,,,9,21,,,12,,,1,9,,1,5,1,,,8,14,,,15,,,,,16,1,,1,,,,8,,1,,,3,20,2,7,,,8,,,,,6,2,,3,,,1,,24,,1,7,,,,,,1,,5,,,3,1,5,,,2,19,3,2,1,9,3,1,,3,,1,,,7,11,15,,1,1,1,3,,24,1,6,4,,,,,,,1,,,,5,17,2,,13,12,,2,,1,1,,,,1,,,6,,14,3,,,,1,25,5,2,1,10,,1,,,,3,,2,8,7,1,,,,,4,,3,,3,,,405,,1,1,,,,,,,,5,9,,,4,,,1,3,,,3,,,3,,1,,,3,,2
Y3YfD13ZW2K,60401 Patarasi Rural Municipality,60401,,,,,,,,,,,,,,,,,,,,,,,,,,,,,,,,,,,,,,,,,,,,,,,,,,,,,,,,,,,,,,,,,,,,,,,,,,,,,,,,,,,,,,,,,,0,,,,,,,,,,,,,,,,,,,,,,,,,,,,,,,,,,,,,,,,,,,,,,,,,,,,,,,,,,,,,,,,,,,,,,,,,,,,,,,,,,,,,,,,,,,,,,,,,,,,,,,,,,,,,,,,,,,,,,,,,,,,,,,,,,,,,,,,,,,,,,,,,,,,,,,,,,,,,,,,,,,,,,,,,
ByByMJgyACH,70804 Gauriganga Municipality,70804,,,,1,,,,,,,,,,,,,,,,,,,,,3,,,,,,,,,,,3,,,,,,,,,,,,,,,,,,,,,,,,,,,,1,,,,,,,,,,,,,,,,,,,,,,,,,,,,,,,,,,,,,,,,,,,,,,,,,,,,,,,,,,,,,1,,,,,,,,,,,,,,,,,,,,,,,,,,,3,,,,,,,1,,,,,,,,,,,,,,,,,,,,,,,,3,,,,,,,,,1,,1,,,,,,,,,,,,,,,,,,,,,,,,,,,,,,,,,,,,,,,,,,,,,,,,,,,,,,,,,,,,,,,,,
hSS0Jqke0uZ,20814 Bindabasini Rural Municipality,20814,,,,,,,,,,,,,,,,,,,,,,,,,,,,1,,,,,,,,,,,,,,,,,,,,,,,,,,,,,,,,,,,,,,,,,,,,,,,,,,,,,,,,,,,,,,,,,,,,,,,,,,,,,,,,,,,,,,,,,,,,,,,,,,,,,,,,,,,,,,,,,,,,,,,,,,,,,,,,,,,,,,,,,,,,,,,,,,,,,,,,,,,,,,,,,,,,,,,,,,,,,,,,,,,,,,,,,,,,,,,,,,,,,,,,,,,,,,,,,,,,,,,,,,,,,,,,,,,,,,,
ui1c8rGwOps,20105 Shambhunath Municipality,20105,,,,,,,,,,,,,,,,,,,,,,,,,,,,,,,,,,,,,,,,,,,,,,,,,,,,,,,,,,,,,,,,,,,,,,,,,,,,,,,,,,,,,,,,,,,,,,,,,,,,,,,,,,,,,,,,,,,,,,,,,,1,,,,,,,,,,,,,,,,,,,,,,,,,,,,,,,,,,,,,,,,,,,,,,,,,,,,,,,,,,,,,,,,,,,,,,,,,,,,,,,,,,,,,,,,,,,,,,,,,,,,,,,,,,,,,,,,,,,,,,,,,,,,,,,,,,,,,,,,,
fAEaFZMuira,20616 Rajdevi Municipality,20616,,,,,,,,,,,,,,,,,,,,,,,,,,,,,,,,,,,,,,,,,,,,,,,,,,,,,,,,,,,,,8,,,,,,,,,,,,,,,,,,,,,,,,,,,,,,,,,,,,,,,,,,,,,,,,,,,,,,,,,,,,,,,,,,,,,,,,,,,,,,,,,,,,,,,,,,,,,,,,,,,,,,,,,,,,,,,,,,,,,,,4,,,,,,,,8,,,,,,,,,,,,,,,,,,,,,,,,,,,,,,,,,,,,,,,,,,,,,,,,,,,,,,,,,,,,,,,,,,,,,,,
aATZkONVmES,40607 Rainas Municipality,40607,,,,,,4,,,,,,2,,,,2,,,,,,2,1,,,1,,,,,,,,,,2,,,3,,3,,,,,,,,,3,,,,,2,,,,,,,,,,2,,,1,,,,1,,,,,,,1,2,,,3,,,,,2,,,,,,,,,,,,2,3,,1,,,1,,,,,1,,,,,,1,,,,1,1,,,,,,,,,,,,1,,,,1,5,1,,,,,,,,,,,,2,,,,,,1,,,,,,2,,,,,,,,,,,,3,,,,6,,,,,,,,,,,,,,1,,,,,4,1,,,,,,,,,,,,1,1,6,,,,,,,,1,,,,,,,,,,,,,,,,,,,,1,,,,,,,,1,,,,,,,,,2
fS16KZv8gF5,11302 Baraha Municipality,11302,,1,,,,,,,,,,,,,,,,,,,,,,,,,,,,,1,,,,,,,,,,,,,,,,,,,,,,1,,1,,,1,,,,,,,,,,1,,,,,,,,,,,,,,,,,,,,,,,,,,,,,,,,,2,,,,,,,,1,,,,,,,,,,,,,,,,,,,,,,,,,,,,,,,,,,,,,,,,,,,,,,,,,,,,,,,,,,,,,,,,,,,,,,,,,,,,,,,,,,,,,,,,,,,,,,,,,,,,,,,,,,,,,,,,,,,1,,,,,,,,,,,,,,,1,,,,,,,,,,,,,,,,,,,,
bKj54WFyVJ6,70709 Dhakari Rural Municipality,70709,,,,,,1,1,,,,,,,,,,,,,,,,,,,,,,,,,,,,,4,,,,,,,,,,,,,,,,,,,1,,,,,1,1,,,,1,,,,,,,,,,,,,,12,,,,,,,,,,,,,,,,,,,,,,,,,,,,,,,,,,,,,,,,1,,,,,,,,,,,,1,,,,,,,,,,,,,,,,,,,,,3,1,1,,,,,,,,,,,,,,,,,,,,,,1,1,,1,,,,,,,,,,,,,,,,,,,,,3,,,,1,,,,,,,,,,1,,,,,,,,,,,,,,,,,,,,,,,,,,,,,,,,,,,,,,,,,,,,,
QzI3Btz60Ne,305 NUWAKOT,305,,1,,,2,5,,1,,,,,,,,12,,,,,7,4,,,6,4,,1,1,,5,1,,,,15,1,,,1,2,3,1,1,,1,,,3,10,,1,1,1,6,,5,,,4,1,,2,,5,,,3,1,,2,6,,2,,3,,,2,7,,,5,,,,,3,,1,3,,,,9,,10,,,220,7,,10,,,1,,,2,,3,1,,5,,,1,1,3,,,10,1,,,1,,,,2,2,,,9,,1,,,8,9,1,,3,2,,,,,,,,5,7,,,8,2,,,,,,5,1,,,,,,,,,,,,9,,,6,6,,2,,2,6,,,,,,,3,1,2,,,,1,,3,,,,3,,,2,,,3,,10,9,2,1,,,,,,1,1,,4,,,5,,,,,,1,,,,,3,,,,4,,,2,1,2,1,1,,1,,,,,5,,,1
H7GTeyIlh47,11408 Udayapurgadhi Rural Municipality,11408,,,,1,,,,,,,,,,,,,,,,,,,,,,,,,,,,,,,,,,,,,1,,,,,,,,,,,,,1,,,,,,,,,,,,,,,,,,,,,,,,,,,,,,,,,,,,,,,,,,,,,,,,,,,,,,,,,,,,,,,,,,,,,,,,1,,,,,,,,,1,,,,,,,,,,,,,,,,,,,,,,,,,,,,,,,,,,,,,,,,,,,,,,,,,,,,,,,,,1,,,,,,,,,1,,,,,,,,,,,,,,,,,,,,,,,,,,,,,,,,,,,,,,,,,,,,,,,,,,,,,,,,,,
mmprlbjqz1Q,40108 Palungtar Municipality,40108,,,,1,,4,,,,,,,,,,6,,,,,2,1,1,,,,,,,,,,,1,,3,,,,,2,,2,,,,,,,1,,,,,,,1,,,1,,,,1,,,,1,,,,6,,1,,,,,,3,,,3,2,,,,,,,1,,,,,,,,,1,1,,4,,,13,,,1,,,,,,,,2,,1,,,3,,,,,,,,,,,2,1,,,,,,3,,,,,,,1,,,,,,,1,,,,5,,,,,2,,,,,,,,,,,,,1,,,,5,,,,,4,,,,,,,2,,2,,,,,3,2,,,,4,,1,,,,,,2,,1,2,,,,,,,,,3,,,2,,,,,,1,,,,,1,,,,,,,,,,5,,,,,,,,3,,,
HL9tr2v5Ekd,50902 Buddhabhumi Municipality,50902,,,,,,,,,,,,,,,,,,,,,,,,,,,,,,,,,,,,,,,,,4,,,,,,,,,,,,,,,,,,,,,,,,,,,,,,,,,,,,,,,,,,,,,,,,,,,,,,,,,,,1,,,,25,,1,,,,,,,,,,,,,,,,38,,,,,,,,,,,,,,,,,,,,,,,,1,,,,,,,,,,,,,,,,,,,,,,,,,,,,,,,,,,,,,,,,,,,,,,,,,,,,2,,,,,,,,,,,,,,25,,,38,,,,,,,,,,,,,,,,,,,,,,,,,,,,,,,,,,,,,,,,,,,,
O5p5idrXdiw,112 MORANG,112,,,12,2,,83,,6,3,3,,4,,,,1,5,5,1,10,9,60,4,4,35,31,,55,11,23,35,3,,4,1,305,11,9,41,15,12,1,6,5,,,,2,9,131,2,4,7,,10,48,55,2,,161,12,1,3,18,51,2,,8,,15,4,13,,9,6,,9,,52,75,3,2,26,,,39,,25,,11,35,,,,8,31,23,,16,33,15,,60,,28,22,,1,,,31,,,1,4,,11,,96,,,17,4,1,,,40,4,,8,2,,16,77,8,16,,49,20,46,3,31,75,21,5,1,7,,15,,2,79,92,15,1,33,1,22,1,,,,9,6,,5,2,2,19,,,2,3,2,2,27,11,3,59,25,5,7,8,19,1,,1,1,11,2,19,12,2,8,9,1,3,,7,105,,9,4,22,,10,7,,,11,,23,20,18,,4,1,1,,52,,19,,18,,1,15,,3,,,3,9,,3,8,,5,31,,,23,,,34,2,2,13,2,7,,2,,,8,18,2,,51
lPUHQ4gkcBT,20604 Katahariya Municipality,20604,,,5,,,,,,,,,,,,,,,,,,,,,,,,,,,,,,,,,2,,,7,,,,,,,,,,,2,,,,,,,3,,,2,,1,,1,15,,,4,,,,,,,,,,,,,,,,,,,,,,,,,,,,,,,,,,,,,,,,,,,,,,,,,,,,,,,9,,,,,,,,,,,,,,,,,,,,,,7,,,,,,,,,,,,,,,,,1,,,,,,,,,,,,,,,,,,,,,,,,,,,,,,,,,,,,,,,,,,,,,,,,,,,,9,,,,,,,,,,,,,,,1,,,,,,,,,,,,,,,,,4,,,,,,,,,1,,,,
svumZiVBh2P,60306 Adanchuli Rural Municipality,60306,,,,,,1,,1,,,,,,,,,,,,,,,,,,,,,,,,,,,,,,,,,,,,,,,,,,,,,,,,,,,,,,,,,,,,,,,,,,,,,,,,,,,,,,,,,,,,,,,,,,,,,1,,,,,,,,,,,,,,,,,,,,,,,,,,,,,,,,,,,,,,,,,,,,,,,,,,,,,,,,,,,,,,,,,,,,,,,,,,,,,,,,,,,,,,,,,,,,,,,,,,,,,,,,,,,,,,,,,1,,,,,,,,,,,,,,,,,,,,,,,,,,,,,,,,,,,,,,,,,,,,,
wYQGR7E6qQA,11009 Suryodaya Municipality,11009,,,,,,,,,,,,,,,,,,,,,,,,,,,,,2,,,,,,,1,,,,,,,,,,,,,,,,,,,,,,,,1,,,,,,,,,,,,,,,,,,,,,,,,,,,,,,,,,,,,,,,,,,,,,,,,,,,,,,,,,,,,,,,,,,,,,,,,,,,,,,,,,,,,,,,,,,,,,2,,,,,,,,,,,,,,,,,,,,,,,,,,,,,,,,,,,,,,,,,,,,,,,,,,,,,,,,,,,,,,,,,,,,,,,,,,,,,,,,,,,,,,,,,,,,1,,,,,,,,,,,,,,
rD5w89J2sXT,31305 Ratnanagar Municipality,31305,,,,,,,,,,,,,,,,,,,,,,,,,,,,,,,,,,,,,,,,,,,,,,,,,,,,,,,,,,,,,,,,,,,,,,,,,,,,,,,,,,,,,,,,,,,,,,,,,,,,,,,,,,2,,,,,,,,,,,,,,,,,,,,,,,,,,,,,,,,,,,,,,,,,,,,,,,,,,,,,3,,,,1,,,,3,,,,,,,,,,,,24,,,,,,,,,,,,,,,7,,,,,,,,,,,,1,,,,,,,,,,,,,,3,,,,,,,,,,,,,,,,,,,,,,,,,,,,,,,,,,,,,,,
EYigJ4rC8CX,20506 Ishworpur Municipality,20506,,,,,,,1,,,,,,,,,,,,,,,,,,,,,,,,,,,,,,,,,,,,,,,,,,,,,,,,,,,,,,,,,,,,,,,,,,,,,,,,,,,,,,,,,,,,,,1,,,,,,,,,,,,,,,,,,,,,,,,,,,,,,,,,,,,,,,,,,,,,,,,,,,,,,,,,,,,,,,,,,,,,,,,,,,,,,,,,,,,1,,,,,,,,,,,,,,1,,,,,,,,,,,,,,,,,,,,,,,,,,,,,,,,,,,,,,,,,,,,,,,,,,,,,,,,,,,,,,,,,,,,
gPpYofbTapc,30904 Banepa Municipality,30904,,,,,,1,,,,,,,,,,1,,,,,,,,,1,,,,,,,,,,,2,,,,,,,1,,,,,,,,,,,,1,,,,,,,,,,,,,,,,,1,,,,,,,,,,,,,,,,,,,1,,,,,,,,,3,3,,2,,,,,,,,2,,,,,,,,,,,,,,,,1,,,,,,,,,,,,,1,,,,1,,,,,,,5,,,,,,,,,,,,,,,,,,,,,,1,,,,,,,,,,,,,,,,,,,,,,,,,,,,,,,,,,,,,,,,,,,3,,,,1,,,,,,,,,,,,,,,,,,,1,,,,,,,,1,,,,,,,,,,,,
Shs8ljNaqsQ,10607 Ramprasad Rai Rural Municipality,10607,,,,,,,,,,,,,,,,,,,,,2,,,,,,,,,,,,,,,4,,,,,,,,,,,,,,,,,,,,,1,,,4,,,,,,,,3,,,,,,,,,,,,2,,,1,,,,,,,,,,,,,,,,,,,,,,,1,,,,,,,,,,,,,1,,,1,,,,,,,,,1,,,,,,,1,,,,,,,,,,,,,,,,,,,,,,,,,,,,,,,,,,,,,,,,,,1,,,,1,1,,,,,,,,,,,,,,,,,,,1,,,,,,,,,,2,,,,,1,,,,,,,,,,,,,,,,,,,1,1,,,,,,,1,,,,,,,,,,1,,,
ckctcLLSYW2,40404 Malika Rural Municipality,40404,,,,,,1,,,,,,,,,,5,,,,,3,3,,,,,,,1,,1,,,,,1,,,1,,,,,,,,,,,1,,,,,1,1,6,,,,,,,,,,,2,,,,,,1,,,,,,6,,,,,,,,1,,1,,,,,1,,2,,,,1,,5,,,9,,,,,,,,,,,2,,1,,,1,,,,,,,,,,,1,2,,,,1,1,3,,,,1,,,,,1,,,,3,,,2,,1,,,,,,,,,,,,,,,,,,2,,,1,1,,,,,3,,,,,,,,,1,,,,,,2,,,,7,,,,,,,,,3,,,,,,,,,3,,,,,,,,,,,,,,,,,,,,,,,,,,,,,,,,,,1,,,
jJmNryYp6Mc,602 MUGU,602,,,,,,1,,,,,,,1,,,,,,,,2,,,,1,,,,,,,,,,,3,,,,,,,,,,,,,,2,1,,,,,,6,,,2,1,,,,,,,2,,,,5,,,,,,,,,,,1,,,,,,,,,,,,1,,,,2,,1,,,,,,,,,,,,,,,,,,1,,,1,,,,,,,,,,,,,,1,,,3,,,,,,,,,,,,,1,,,,,6,,,,,,1,,,,,,3,,,,,,,2,,,,,,,,1,,,,,,,,,,,,,,,,,,,,1,,,,,,84,,,3,1,1,,,,,,,,,,,,,,,,,,,,,1,,,,,,,,,,,,,1,,1,,,,,,,,
Tj17nxdNb83,11004 Deumai Municipality,11004,,,,,,,,,,,,,,,,,,,,,,,,,1,,,,1,,,,,,,2,,,,,,,,,,,,,,,,,,,,,,,,2,,,,,,,,,,,,,,,,,,,,,,,,,,,,,,,,,,,,,,,,,,,,,,,,,,,1,,,,,,,,,,,,,,,,,,,,,,1,,,1,,,,1,,,,,,,,,,,,,1,,,,,,,,,,2,,,,,,,,,,,,,,,,,,,,,,,,,,,,,,1,,,,,,,,,,,,,,,,,,,,1,,,,,,,,,,,,,,,,,2,,,,,,,,,,,,,,,,,,,,,,,,,,,,,
VMWLWm22iz5,70103 Budhinanda Municipality,70103,,,,,,,,,,,,,,,,3,,,,,3,,,,,,,,,,1,,,,,,,1,1,,,,6,,,,,,,1,,,,6,,,,,,,1,,,,3,,,,,,,,,,,,,,,,,,,,,,,,,,,,,,,,,,,,,,,,,1,,,,,2,,,,,,,,4,,,,,,,6,,,,,,,,,,,,1,2,,,1,,,,,,,,,,,3,,,,,,,,,,,,,,,,,,,,,,,1,,,,,,,,,,,,,,,,,,,,,,,,1,,,,,,,,,,,,,1,1,,,,,,,,,,,,,,,,,,,,,,,,1,1,,,,,,,,,,,,,,,,,,,,
sme6gJAq9SK,60501 Palata Rural Municipality,60501,,,,,,1,,5,,,,,,,,,,,,,,,,,,,,,,,,,,,,,,,,,,,,,,,,,,,,,,,,,,,,,,,,,,,,,,,,,,,,,,,,,,,,,,,,1,,,,,,,,,,,,,1,,,,,,,,,,,,,,,,,,,,,,,,,,,,,,,,,,,,,,,,,,,,,,,,,,,,,,,,,,,,,,,,,,,,,,,,,,,,,,,,,,,,,,,,,,,,,,,,,,1,1,,,,,,,,,,,,,,,,,,,,,,,,,,,,,,,,,,,,,,,,,,,,,,,,,,,,,5,,,,,,
jIKgcfk3d4I,70606 K.I. Singh Rural Municipality,70606,,,,,,,,,,,,,,,,,,,,,,,,,,,,,,,,,,,,,,,,,,,,,,,,,,,,,,,,,,,,,,,,,,,,,,,,,,,,,,,,,,,,,,,,,,,,,,1,,,,,,,,,,,,,,,,,3,,,,,,,,1,,,,,,,,,,,,,,,,,,,,,,,,,,,,,,,,,,,,,,,,,,,,,,,,,,,,,,,,,,,,,,,,,,1,,,,,,,,,,,,,,,,,,,,,,,,,,,,,,,,,,,,,,,,,,,,,,,,,,,,,,1,,,,,,,,,,,,,,,,,,,,
bX87SmYR3TJ,202 SIRAHA,202,,,,3,,,6,1,,4,95,19,2,1,,55,4,,,10,22,10,8,3,1,16,,12,,,33,1,,7,,2,,5,4,71,,3,17,,,1,2,,,8,2,24,,,,,66,,,2,9,,4,,,1,,14,1,,7,5,,19,6,10,,,,44,,,81,,,15,,31,,13,,,,,,,,,18,11,11,,32,,11,20,,19,2,,,,,1,1,,8,7,12,84,,,,,,,17,9,,30,,,9,86,5,1,,29,51,57,,19,,,,,1,,,1,82,,5,3,,38,3,35,,,,,26,26,5,,3,,3,,3,,,1,,61,34,,19,82,8,,,,,1,3,2,,8,8,60,4,18,,,,,,3,,,2,,,,4,,,3,2,,67,13,,,8,,,12,7,40,,26,8,,,,,3,5,7,,,2,,,30,6,,,,,71,1,3,,8,4,,5,2,,,7,33,,,34
OZZKuAVf0aO,30304 Kalika Rural Municipality,30304,,1,1,,,1,,,,,,,,,,,,,,,1,,,,,,,,3,,,,,,3,,,,1,,,,,,,,,,,,,1,1,,,,1,,,,,,,,2,,,1,,,,,,,,,,,,,,4,1,,,,,,,,,,,,,3,,,,,1,,2,,,,,8,,,,,,,,1,1,,,,,,1,1,,,,,,,,,,,,,,,,,,,,,1,,,11,,,,,3,,1,,,,,,,,,,,,,,,,,,,,,1,,,,1,,,,,1,,,,,,,,,,,1,,,,,,,,2,,,,,,,,,,3,,1,,,,,,,,,8,,,4,,,,,,,,,,1,,,,,,,,1,,,,,,,,,,1,11,,
u6No0Isa7dv,40903 Aandhikhola Rural Municipality,40903,,,,,,,,,,,,,,,,1,,,,,3,,,,1,,,1,,,,,,,,1,,,,,1,,,,,3,,,,1,,,,,,,,,,1,,,,,,,,7,,,3,5,,,,,,,,2,,,4,1,,,,1,,1,,,,,,,1,,,2,1,,2,,,2,,,,,1,,,,,,,,,,,3,,,,,1,1,,,,,1,,,1,,1,,,,,,,,,,,,,,,,,13,,,,2,,,,3,,,,,,4,,5,,,,,3,,,,,,,,,,1,,,,,,,,2,,,,,,1,,,,3,,,,,,,,,4,,2,,,,,1,,,,,,,,,,3,,,,,,,,1,,,,,,,,,,,,,,1,,,15,3,,1,
PNKIxLhF36g,70806 Bardagoriya Rural Municipality,70806,,,,,,3,,,2,,,,,,,,,,,,,,,,1,,,,,,,,,,,13,,2,1,,1,,,,,,,,,,,,,,,,,,,10,,,,,1,,,,,,,,,,,,,,,,,,,,,,,,,,,,,,,,,,,,,,,,3,,,,,,,,,,,,,,,,,,,,,,,,,,,,,,,1,,,,,,,,3,1,,,,,,,,,1,,,,,,,,,,,,,,,,,,,,,,,,,,,,,,,,,,,,,,,,,,,,,,1,,,,,,,,,,,,,,,,,,,,,,,,,,,,,,,,,,,,,,,,,,,,,,,,,,,,,,,,,,,
JdeVl61mwFO,40710 Aanbu Khaireni Rural Municipality,40710,,,,,,12,,1,,1,,,,1,,1,,,,,4,3,,,,,,,1,,,,,,,,,,,,,,1,,,,,,,,,,,,1,,,,,,,,,,,,,,,,,,,,,,,,,1,,,,,,,,2,,,,,,,,,,,,,,,3,,,,,,,,1,,,,,,,,,,,2,,,,,,,,,,,,,,,,,,,,,,,,,,,,,,,1,,,,,,,,,,,,,,,,,,,,,,,1,,,2,,,,,,,1,,,,,,,,,,,,,12,,,,1,,,,,,,,,,,,,,,,,,,,,,,,,,,,,,,,,,,1,,,,,,,1,,,,,,,1,1,,,6,,,
ax9O5hQ8Z2n,31008 Sunapati Rural Municipality,31008,,,,,,,,,,,,,,,,,,,,,,,,,,,,,,,,,,,,1,,,,,,,,,,,,,,,,,,,,,,,,,1,,,,,,,,,,1,1,,,1,,,,,,,,,,,,,,,,,,,,,,,,,,,,,1,,,,,,,,,,,,,,,,,,1,,,,,,,,,,,,,,,,,,,,,,,,,,,,,,1,,,,,,,,,,,,,,,,,,,,,,,,1,,,,1,,,,,,,,,,1,,,,,,,,,,1,,,,,,,,,,,,1,,,,,,,,,,,,,,,,,,,,,,,,,,,,,,,,,,,,,,,,,,,,,,,
WqkOGpZoSuq,51103 Baijanath Rural Municipality,51103,,,,,,,,,,,,,,,,,,,,,,,,,,,,,,,,,,,,,,,,,,,,,,,,1,,,,,,,1,,,,,,3,,,,,,,,,,,,,,,,,,,,,,,,,,,,,,,,,,,,,,,,1,,,,,,,,,,,,,,,,,,,,,,,,,,,,,,,,,,,,,,,,,,,,,,,,,,,,,,,,,,,,,,,,,,,,,,,,,,,,,,,,,,,,,,,,,,,,,,,,,,,,,,,,,,,,,,,,,,,,,,,,,,,,,,,,,,,,,,,,,,,,,,,,,,,,,,,,,,,,,,
l1WW0c90HAQ,60303 Simkot Rural Municipality,60303,,,,,,1,,,,,,,,,,,,,,,,,,,,,,,,,,,,,,2,,,,,,,,,,,,,,,,,,,,,,,,2,,,,,,,,,,,,,,,,,,,,,,,,,,,,,,,,,,,,,,,,,,,,,,,,,,,,,,,,,,,1,,,3,,,,,,,,,,,,,,,,,,,,,,,,,1,,,,,,,,,,,,,,,,,,,,,,,,,,,,,,,,,,,,,,,,,,,,,,,1,,,,,1,,,,,,,,,,,1,,,,1,,,,,,,,,,,,,,,,,,,,,,,,,,,,,,,,,,,,,,,,,,,,,
zXbXMAjhNVZ,50701 Bardaghat Municipality,50701,,,,,,20,,,2,,,1,,,,,,,,8,7,,,8,2,13,,,,,10,,,,,32,,12,9,,,,,,,7,,1,,,,,7,,1,,,,,32,17,,,,12,,,30,,,7,12,,,,,,,,,,,14,,,5,,8,,,,,,,,15,,,,,17,,,,1,23,,,,,,,,,,,14,,,,8,24,2,,,,,1,,1,,,7,,,2,,10,9,,3,,,,,,,,,,,,,,,,,,,,3,,,,,,4,,,,3,,,,,13,,,,9,,,,,,,,,,,,,,,,1,,,1,,,,,,,,,,,,,,,30,7,,2,,,62,,11,,,,,3,,,,,,,,,,,1,,,,,,,,,,,2,,1,,,,,,,1,2
oIRLgE4GiPP,70401 Dilasaini Rural Municipality,70401,,,,,,,,,,,,,,,,,,,,,,,,,,,,,,,,,,,,,,,,,,,,,,,,,,,,,,,,,,,,,,,,,1,,,,,,,,,,,,,,,,,,,,,,,,,,,,,,,,,,,,,,,,,,,,,,,,,,,,,,,,,,,,,,,,,,,,,,,,,,,,,,,,,,,,,,,,,,,,,,,,,,,,,,,,,,,,,,,,,,,,,,,,,,,,,,,,,,,,,,,,,,,,,,,,,,,,,,,,,,,,,,,,,,,,,,,,,,,,,,,,,,,,,,,,,,,,,,,,,,
dTHSxyHHffK,30409 Benighat Rorang Rural Municipality,30409,,,,,,1,,,,,,,,,,,,,,,,2,,,8,1,,,,,,,,,,23,,,,1,,,,,,,,,2,,,,,1,2,,3,,,5,,,,1,2,,,2,,,,2,,,,,,,1,2,,,1,,3,,,1,1,,4,,,,,,1,,,,1,,1,,,,,,,,4,,,,,,1,,2,,,2,,,,,,,1,,,,,1,,3,,,2,,,,1,1,,,,,,,,10,7,1,,4,1,,,,,,3,2,,,,,,,1,,,,,2,,,1,,,,,,2,,,,,,,,,,,,,,,3,,1,1,,,,,,,1,,1,,1,1,,,,,2,,,,,,,2,,,3,,,3,,,,,,,,,,,,,1,,,,,,,,,2,1,,,
rsZaqJl5R0A,312 MAKWANPUR,312,,,2,2,,4,3,2,,2,,,,,,2,1,,,4,1,9,,1,5,3,,2,2,1,9,,,,,48,1,,2,1,11,,1,,,,,,1,9,,,1,,6,,17,,,14,58,,,4,8,,1,2,,,1,8,,,,,,,4,11,,,7,1,,1,,1,,2,9,1,,1,3,,3,,2,6,9,,4,3,,5,,,2,,2,1,4,,1,,1,1,14,,1,3,,,2,,1,1,,1,1,,2,13,,2,,1,3,8,,,7,5,,,,,,,,13,22,,,3,12,1,1,,2,,3,,,1,,,1,1,,1,,,2,4,5,17,8,3,,,1,,4,,,,,,,6,2,10,,,,3,,17,,7,,6,,,4,1,,1,,8,2,6,,1,,1,,5,1,3,,7,,,10,,,,1,,7,,,1,,2,5,1,,3,,,5,,1,,,1,2,1,,,,1,,,4
K5b2F4DDUrh,51104 Khajura Rural Municipality,51104,,,,,,,,,,,,,,,,,,,,1,,,,,,,,,,,,,,,,,,,,,,,,,,,,,,,,,,,,,,,,,,,,,,,,,,,,,,,,,,,,3,,,,,,,,,,,,,,,,,,,,,,,,,,,,,,,,,,,,,,,,,,,,,,,,,,,,,,,,,,,,,,,,,,,,,,,,,,,,,,,,,,,,,,,,,,,,,,,,,,,,,,,,,,,,,,,,,,,,,,,,,,,,,,,,,,,,,,,,,,,,,,,,,,,,,,,,,,,,,,,,,,,,,,,,,,,,,,,,,,,
hWwQdwjQikK,61002 Chingad Rural Municipality,61002,,,,1,,2,,,,,,,,,,2,,,,,,1,,,,,,,2,,,,,,,7,,,3,,2,,,,,,,,,3,,1,,,1,,1,,,2,,,2,,4,,,3,,,,,,,1,,,,2,2,,,1,,,,,,,1,,,,,,,,,,,4,,,,,,,,,,3,,,,,,,,6,,,4,,,,,,,,,,,1,5,,,,,1,1,,,2,2,,,2,,,,,2,9,4,,1,,,,,3,,,,,,1,,,,,,,,,2,1,,1,1,,,,,,,,,,,,1,,,,,,,1,6,,,,,,,1,,,,,1,1,3,,3,,,,2,,,,,,,4,,,,,,1,,,,,,1,,,,,,,2,,,1,,,,,,,,,,
gIhVZulvEsV,10102 Mikwakhola Rural Municipality,10102,,,,,,,,,,,,,,,,,,,,1,,,,,,,,,,,,,,,,,,,,,,,,,,,,,,,,,,,,,,,,,,,,,,,,,,,,,,,,,,,,,,,,,,,,,,,,,,,,,,,,1,,,,,,,,,,,,,,,,,,,,,,1,,,,,,,,,,,,,,,,,,,,,,,,,,,,,,,,,,,,,,,,,,,,,,,,,,,,,,,,,,,,,,,,,,,,,,,,,,,,,,,,,,,,,,,,,,,,,1,,,,,,,,,,,,,,,,,,,,,,,,,,,,,,,,,,,,,,,,,,,,
hnu4RFrMbXo,10403 Molung Rural Municipality,10403,,,,,,,,,,,,,,,,1,,,,,,,,,,,,,,,,,,,,,,,,,,,,,,,,,,1,,,,,,,,,,,,,,,,,,,,,,,,,,,,,,,,,,,,,,,,,,,,,,,,,,,,,,,,,,1,1,,,,,,,,,,,,,,,,,,,,,,,,,,,,,,,,,,,,,,,,,,,,,,,,,,,,,,,,,,,,,,,,,,,,,,,,,,,,1,,,,,,,,,,,,,,,,,,,,,,,,,,,,,,,,,,,,,,,1,1,,,,,,,,,,,,,,,,,,,,,,,,,,,,,,,,,,
N7UbKeswOXG,70805 Ghodaghodi Municipality,70805,,,,,,,,,,,,,,,,,,,,,,,,,,,,,,,,,,,,,,,,2,4,3,,,,,,,,,,,,,,,,,,,,3,,3,,,2,,,,,,,,,,,,,,,,,,,,,,,,,,,,,,3,,,7,,,,3,,,,,,,,3,,,,,,,,,,,,,3,,,6,,,,,,,,,,,,3,,,,,,7,,,,,,,,1,,3,,,,,,,,,,,,,,,,1,,,,,,,,,,,,,3,,,,,,,,3,,,,,4,,1,,,,,,,,,,,,3,,,,,,3,,,,,3,,,,,,,,,,,,,,,,,3,,,,2,2,,,,,,,,,,3,,,3,
LR6hCfJM3qN,20701 Nijagadh Municipality,20701,,4,3,,,50,,1,,2,2,3,,,,8,,,,,19,25,3,2,6,,,,6,13,14,1,,,,86,6,,16,21,10,,14,,,,3,,3,28,,,12,,,,18,,,,,1,2,,38,,2,,,,6,31,,,3,3,3,,,30,4,,24,,,11,,20,,4,28,1,,3,,,11,16,5,,31,,22,3,5,9,,1,6,,37,1,5,1,,,59,4,,,,27,,,,,,,,9,,,9,24,6,,3,,,20,1,,19,21,1,,,,7,,,37,42,5,,10,3,7,,,7,,28,19,1,2,,1,3,,2,,,2,4,37,9,4,,24,7,,1,4,13,,,,1,2,,,3,,,6,,6,7,54,,1,4,,,,,3,,2,2,15,27,,1,3,,1,,,,,,20,,1,42,,4,5,,1,,,,,,13,21,7,3,16,,1,19,,2,4,,,5,4,,,28,,,,14
d3rNnxwAscv,70211 Thalara Rural Municipality,70211,,,,,,,,,,,,,,,,,,,,,,,,,,,,,,,,,,,,1,,,,,,,,,,,,,,1,,,,,,,,,,1,,,,,,,1,,,,,,,,,,,,,,,,,,,,,,,,,,,,,,1,,,1,,,,,,,,,,,,,,,,,,,,,,1,,,,,,,,3,,,,,,,,,1,,,,,,,,,,,,,,,,,,,,,,,,1,,,,,,,,,,,,,,,,,,,,,,,,,,,,,,,,,,,,,,,,,,,,,,,,,,,1,,,,,,,,,,,,,,,,,,,,,,,,1,,,,,,,1,,,,,,,,,,,,,,
JBTkOU5m0Bu,702 BAJHANG,702,,1,,,,5,13,,,,,,,1,,17,,,1,,2,2,,2,,,,2,,1,1,,,,,11,,,2,,3,,,,,,,,,1,1,,1,,10,,2,,,6,,,,,6,,1,1,,,,2,,,,,,,5,5,,,10,,,5,,7,,,1,,,,,,7,,,9,13,1,3,,,1,,,1,,4,,,,,,1,,4,,,2,,,,,,,,7,3,,,6,,,,,2,,,1,1,,,1,3,,,,,4,7,,,,,,1,,,,1,,,,,,1,,,,4,,1,3,13,,13,6,,,,,2,,,,1,,,,,1,,,,,,17,,,,13,,,10,3,,,,,1,3,,2,,,,4,,1,,3,,,1,,,,,,,,,,,1,3,,,,,,2,,,,,,,,,,,7,,,1
wYKHZ0iyjfd,512 BARDIYA,512,,,2,,,1,,,,5,,1,,,,,,,,2,8,,,6,1,,,,,,3,,,,,4,,,,,,,1,,,,,1,,2,,,,,2,,21,,,1,,,4,,2,,,1,,,5,1,,,,,,,,41,,,31,,,,,12,,,,,,3,,43,,,,1,,,48,,,13,,,,,,,,,,,1,,,,,3,,,,,,,,1,,,7,21,,,,1,13,10,,,,3,,,,,1,,,,1,,,5,2,3,,,,,,,,,,,,,,,,,,6,,,2,1,,3,,2,,,,,,,,3,3,5,,,,,,,,5,,6,,,1,,,18,,,,1,,,2,,,,,2,,6,,,1,,,,,,,,,,2,3,19,,,11,,,,,1,,,,3,1,,,,,,,1
aM55chvJhun,40601 Dordi Rural Municipality,40601,,,,,,,,,,,,,,,,,,,,1,1,2,,,,,,,,,,,,,,1,,,,,,,,,,,,,,,,,,,,,,,,,,,,,,,,,,,,,,,,,,,,,,,,,,,,,,,1,,,,1,,1,,1,,1,,,,,,,,,,1,,1,,,,,,,,,,,,,,,,,,,,,,,,,,,2,,,1,,,,,,,,,,1,,,,,,1,,,,1,,,,,,,,,,,,,,,,,,,,,,,,,,,,,,,1,,,,,,,,,,,,,,,,,,,1,,,,,,,2,,,,,,,,,,,,,,,,1,,,,,,,,,,,,,,,,,,,,1,,,
i9OaLRO8kUl,11301 Dharan Sub-Metropolitan City,11301,,,,,,,,,,,,,,,,,,,,,,,,,,,,,,,,,,,,,,,,,,,,,,,,,,,,,,,,,,,,,,,,,,,,,,,,,,,,,,,,,,,,,,,,,,,,,,,,,,,,2,,,,,,,,,,,,,,,,,,,,,,,,,,,,,,,,,,,,,,,,,,,,,,,,,,,,,,,,,,,,,,,,,,,,,,,,,,,,,,,,,,,,,,,,,,,,,,,,,,,,,,,,,,,,,,,,,,,,,,,,,,,,,,,,,,,,,,,,,,,,,,,,,,,,,,,,,,,,,,,
vTlkJzpiQKs,50206 Tribeni Rural Municipality,50206,,,,,,,,,,,,,,,,,,,,,2,1,,,,,,,,,2,,,,,1,,,,1,,,,,,,,,,,,,,,1,,,,,1,1,,,,,,,,,,,3,,,,,,,,,,,,,,,,1,,,,,,,,,,,,1,1,,,,,,,,,,1,,,,,,,,2,,,4,,,,,,,,,,,,,,,,,1,,,,8,,,,1,,,,,,,,,,,,,,,,,,,,,,,,,,,,,1,,,,,,,,,,,,,,,,,,,,,,,,,,,,,,,,1,,,,,,,1,,,,,,,,,,,,,,,,,,,,,,,,,,,,,,,,,,,,,,,,,,,,
gtToi9UsdzQ,41110 Jaimuni Municipality,41110,,,,,,1,,,,,,,,,,1,,,,,1,4,,,2,1,,,,,3,,,,,5,,,,,,,1,,,,,2,,1,,,,,6,,,,,1,2,,,1,2,,,1,,,1,,,,,,,,1,2,,,1,,,,,,,,,,,,1,,2,,,3,2,,,,,5,,,,,1,1,,,,,,,,,,,1,,,,,,,,,,1,3,,,,,,1,,,1,,,,,,,,,4,,1,,1,,1,,,,,2,1,,,1,,,,,,,,,3,2,,,1,,,2,,2,,,,,,,,,4,,,,,1,3,,1,,,,1,,,,,,1,,1,,,,,,1,,,,4,,,4,,,2,,,,,,,,2,1,,,,,,,1,,1,,,,,,,,,,,
NuyG2c5LEVT,20618 Ishanath Municipality,20618,,,,,,,,,,,,,,,,,,,,,,,,,,,,,,,,,,,,,,,,,,,,,,,,,,,,,,,,,,,,,,,,,,,,,,,,,,,,,4,,,,,,,,,,,,,,,,,,,,,,,,,,,,,,,,,,,,,,,,,,,,,,,,,,,,,,,,,,,,,,,,,,,,,,,,,,,,,,,,,,,,,,,,,,,,,,,,,,,,,,,,,,,,,,,,,,,,,,,,,,,,,,,,,,,,,,,,,,,,,,,,,,,,,,,,,,,,,,,,,,,,,,4,,,,,,,,,,,,,,,,
F8qQLRVW1V6,31206 Hetauda Sub-Metropolitan City,31206,,,1,,,,3,,,,,,,,,,,,,,,,,,,,,1,,,,,,,,1,,,,,,,,,,,,,,,,,,,,,,,,,,,,,1,,,,,,,,,,,,,,,,,,,,,,,,,,,,,,,,,,,,1,,,,,,,,,,,,,,1,,,,,,,,,,,,,,,,,,,3,,,,,,,,,,,,,,,,,,1,,,,,,,,,,,,,,,,,,,,,,,,,3,,,,,,,,,,,,,,,,,,,,,,,1,,,,,,,,,,,,,,,,1,,,,,,,,,,,1,,,,,,,,,,,,,,,,,,,,,,,,,,,,,,,,
LnJ8MTOmgGa,105 KHOTANG,105,,,,3,,7,,1,,1,,,,1,,5,,,,1,9,24,,2,3,1,,,5,,3,,,,,15,,,1,2,9,1,1,,,3,,3,,10,,,,,5,,7,3,,11,1,,3,3,3,,6,4,,,,4,,,1,,1,,8,5,1,,5,,,,,6,,1,1,,,,14,,1,,3,11,8,,7,,1,,,3,2,1,5,,2,2,,,1,,12,,,5,1,,1,,,,,1,2,,1,6,,2,,,3,5,,,3,1,1,2,4,,1,,,2,12,2,,1,1,2,1,3,,,15,1,,,,,1,,,,3,,,3,4,2,4,4,,,1,,4,1,,,,,,10,4,3,15,,,3,,23,,,1,13,2,,,2,,3,,3,8,5,,,,,,5,,4,,26,,,25,,6,12,,,,1,,3,1,3,3,,,2,,2,6,1,,,,,1,,,,,3,9,,
Pc2z0fGNT4Y,30510 Panchakanya Rural Municipality,30510,,,,,2,2,,,,,,,,,,1,,,,,,,,,,,,,,,,,,,,,,,,,,,,1,,,,,,2,,1,,1,,,,,,,,,,,,,,,,,,,,,,,,,,1,,,,,,,,,,,,,,,,,,,,214,,,,,,,,,,,1,,,,,,,,,,,,,,,1,,,,,,,,,,,,,,,,,,,,,,,,,,,,,,,,,,,,,,,,,,,,,,,,,,,,,,1,,2,,1,,,,,,,,,,,,,,,,,,,,,,,,,,,,1,,1,,,,,,,,1,,,,,,,,,,,,,,,,,,,,,,,,,,,,,,,,,,,,,
d7E7YIncDUK,41007 Paiyu Rural Municipality,41007,,,,,,4,,,,,,,,,,,,,,,1,,,,,,,,,,1,,,,,6,,,1,,,,,,,,,,,,,,,,,,,,,3,2,,,1,1,,,,,,1,,,,,,,,1,,,,,,,,,1,,,1,,,,,,,,,,1,,,,,,,,,,,,,,,,,,3,,,2,,,,,,,,,,,,,,,,,,,,1,2,1,,,,,,,,1,7,,,,,,,,,,,,,,1,,,,,,,,,1,,,,,,,,,,,,,,,,,,,,,,,1,4,,,,,,,,,,,,,,,,,,,,3,,,,,,,,,,,,,,,,,,,,,,,,,,,,,,,,,,,,,,,
qNdDbnter5g,50103 Bhoome Rural Municipality,50103,,,,,,1,,,,,,,,,,,,,,,,1,,,,,,,,,,,,,,,,1,,,,,,,,,,,,,,,,,3,,,,,,,,,,,,,,,,2,,,,,,,,1,,,,,,,,,,,,,,,,,,,,,,,,,,,,,,,,1,,,,,,,,,,,,,,,,,1,,,,,,,,,,,,,,,1,,,,,,,,,,1,,,,,,,,,,,1,,,,,,,,,,,,3,,,,,,,,,,,,,,,,1,,,,,,,,1,,,,,,,,,,,,,,,,,,,,,,,,,,,,,,,,,,,,,,,,,,,,,,,,,,,,,,,,,,1,
tpsweQ66cIn,20716 Subarna Rural Municipality,20716,,,,,,,,,,,,,,,,,1,,,,,,,,,,,,,,,,,,,,,,,,,,,,,,,,,,,,,,,,,,,,,,,,,,,,,,,,,,,,,,,,,,,,,,,,,,,,,,,,,,,,,,,,,,,,,,,,,,,,,,,,,,,,,,,,,,,,,,,,,,,,,,,,,,,,,,,,,,,,,,,,,,,,,,,,,,,,,,,,,,,,,,,,,,,,,,,,,,,,,,,,,,,,,,,,,,,,,,,,,,,,,,,,,,,,,,,,,,,,,,,,,,,,,,,,,,,,,,,,,,
mQLICcbzzGj,10209 Madi Municipality,10209,,,,,,,,,,,,,,,,,,,,,,,,,,,,,,,,,,,,3,,,1,,,,,,,,,,,,,,,,,,,,,,,,,,,,,,,,,,,,,,,,,2,,,,,,,,2,,,1,,,,,,,,,2,,,1,,,,,1,,,,,,,,,1,,,,,,,,,,,,,,,,,,,,,,3,2,,,2,1,,,,,,,,1,1,,,,,,1,,,,,,,,,,,,,,,,,,,,,2,,,,,,,,,,,,1,,1,,,,,,,,,,,,1,,,,,,,1,,,,,,,1,,,,,,,,,,,,,,,,,,,,,,,,,,,,,,,,,,,,1,,,
bl3DkjJEtPX,70501 Nawadurga Rural Municipality,70501,,,,,,,,,,,,,,,,,,,,,,,,,,,,,,,,,,,,,,,,,,,,,,,,,,,,,,,,,,,,,,,,,,,,,,,,,,,,,,,,,,,,,,,,,,,,,,,,,,,,,,,,,,,,,,,,,,,,,,,,,,,,,,,,,,,,,,,,,,,,,,,,,,,,,,,,,,,,,,1,,,,,,,,,,,,,,,,,,,,,,,,,,,,,,,,,,,,,,,,,,,,,,,,,,,,,,,1,,,,,,,,,,,,,,,,,,,,,,,,,,,,,,,,,,,,,,,,,,,,,,
grMJpaDdSrD,114 UDAYAPUR,114,,4,4,6,,54,,4,,5,,1,,,,53,,,2,30,,14,5,3,10,5,,17,4,8,46,3,,4,,91,1,15,15,6,31,,13,3,,,,10,4,50,1,1,8,2,49,,17,,,39,40,,,6,30,,,108,,3,5,37,,3,3,,,,23,34,1,2,31,,,11,,26,3,20,21,,,3,9,4,30,,7,8,42,,48,,6,60,1,,3,,9,,1,2,5,,29,2,43,,1,46,6,,1,1,11,,,20,15,,26,16,3,3,,12,17,16,5,8,39,14,5,,7,,2,,,12,77,5,,7,,2,2,,2,,28,13,,1,3,1,8,1,4,,,1,,35,4,8,35,27,6,,,,15,,,11,7,,,21,,19,10,6,,8,8,68,1,2,3,92,1,2,4,,,1,,7,44,59,5,5,,,,19,,29,,26,,3,26,,6,,,,5,1,2,,2,2,40,2,,25,,,8,16,3,1,5,6,1,,,,5,33,1,,7
BkH14jmtBEy,11007 Chulachuli Rural Municipality,11007,,,,,,,,,,,,,,,,,,,,,,,,,,,,,,,,,,,,,,,,,,,,,,,,,,1,,,,,,,,,,,,,,,,,,,,,,,,,,,,,,,,,,,,,,,,,,,,,,,,,,,,,,,,,,,,,,,,,,,,,,,,,,,,,,,,,,,,,,,,,,,,,,,,,,,1,,,,1,,,,,,,,,,,,,,,,,,,,,,,,,,,,,,,,,,,,,,,,,,,,,,,,,,,,,,,,,,,,,,,,,,,,,,,,,,,,,,,,,,,,,,,,,,,,,,,,,,,,,,,,,,
v6VtFYe7zjn,11008 Mai Municipality,11008,,,,,,,,,,,,,,,,,,,,,,,,,,,,,,,,,,,,,,,,,,,,,,,,,,,,,,,,,,,,,,,,1,,,,1,,,,,,,,,,,,,,8,,,,,,,,,,,,,,,,,,,,,,,,,,,,,,,,,,,,,,,,,1,,1,,,,,,,,,,,,,,,,,,,,,,,,,,,,,,,,,,,,,,,,,,,,,,,,,,,,,,,,,,,,,,,,,,,,,,,,,,,,,,,,,,,,,,,,,1,,,,,,,,,,,,,,,,,,,,,,,,,,,,,,,,,,,,,,,,,,,,,
hv4fG8ZjTkx,30404 Tripurasundari Rural Municipality,30404,,,,,,8,,,,,,,,,,2,,,,,,2,,,2,1,,,,1,1,,,,,7,,,,,2,,,1,,,,,2,,,,,,,,2,,,,,,,2,2,,,,,,,,,,,,,,,,,,2,,,,,,,,2,,,,3,,,,,3,3,,3,,,1,,,,,1,,,,,,,,5,,,,4,,2,,,,,,,,1,4,,,,,,4,,,,1,,,,,,,,4,,,,3,,6,,,,,,,,,,,,1,,,,,,1,,,5,,,,,,,,,,,,,,2,,,,,,,4,,,1,,,,,1,,,,4,3,4,,,,,,3,,1,,2,,,1,,,,,,,,,,,,2,,,,,,5,,,1,,,,,,,,1,,,
J4SFzwHCwD7,30108 Shailung Rural Municipality,30108,,,,,,2,,,,,,,,,,1,,,,,2,,,,,,,,,,,,,,,1,,,1,,1,,,,,2,,,,1,,,,,2,,,,,1,,,,,2,,,1,,,,3,,,,,,,,,,,,,,,,,,,,,,,,,,,,,,,,,,,,,,,2,,,,,,,,1,,,1,,,,,,,,,,,,,,,,,,1,,,,,,,,,,,,,3,,,,,,,,,,,,,,1,,,,,,,,,,,,1,1,,,,,,1,,,,,,2,,1,,,,,,1,,,,,,,,,,,,,,2,1,,,,,1,,2,,,,,,,,,,,,,,,,1,,,,,,,,,,,,,,,,,,,,,
mEWltvmejLJ,31306 Khairahani Municipality,31306,,,,,,,,,,,,,,,,,,,,,,,,,,,,1,,,,,,,,1,,,,,,,,,,,,,,,,,,,,,,,,1,,,,2,,,,,,,,,,,,,,,,,,,,,,1,,,,,,,,,,,,,,,,,1,,,,,1,,,,,,,,,,,,,,,,,2,,,,,,,1,,,,,,,,,,,,,,,,,,,,,,,,,,,,,,,,,,,,,,,,,,,,,,,,,,,,,,,,,,,,,,,,,,,,,,,,,,1,,,,,,,,1,,,,,,1,,,,2,1,,,,,,,1,,,,,,,,,,,,,,,,,,,,,,,2,,,,
NeZFY1za0tu,70302 Duhun Rural Municipality,70302,,,,,,1,,,,,,,,,,,,,,,,,,,,,,,,,,,,,,1,,,,,,,,,,,,,,,,,,,,,,,,,,,,,,,,,,,,,,,,,,,,,,,,,,,,,,,1,,,,,,,,,,,,,,,,,,,,1,,,,,,,,,,,,,,,,,,,,,,,,,,,,,,,,,,,,,,,,,,,,,,,,,,,,,,,,,,,,,,,,,,,,,,,,,,,,,,,,,,,,,,,,,,,,,1,,,,1,,,,,,,,,,,,,,,,,,,,,,,,,,,,,,,,,,,,,,,,,,,,,,,,,,,
n0ICenUQAGj,10404 Khiji Demba Rural Municipality,10404,,,,,,,,,,,,,,,,1,,,,,,1,,,1,,,2,,1,1,,,,,2,,,,,,,,,,,,,1,,,,,,,,,,,,,,,,,,,1,,,,1,,,,,,,1,,,,,,,,,,,,1,,,,,,2,,,1,,,1,,,1,,,,,,,,,1,,1,,,,,,,,,,,,,,,,,,,,,,,2,,,,,,,,,,,,,,,,,,,,,,,,,,,,,,,,,,,,1,,,,,,,,1,,,,,,,,,,,,,,,,2,,,,,,,,,,,,4,,1,,,,,,,,,,,,,,,,,,,1,,,,,,,,,,,,,,,,,1,,,,,,,,,
hn1EFTvM2VY,51201 Bansgadhi Municipality,51201,,,,,,,,,,,,,,,,,,,,,8,,,,,,,,,,,,,,,,,,,,,,,,,,,,,,,,,,,,,,,,,,,,,,,,,,5,,,,,,,,,,,,,,,,,5,,,,,,,,,,,,,,,,,,,,,,,,,,,,,,,,,,3,,,,,,,,1,,,,,,,,,13,,,,,,,,,,,,,,1,,,,,,,,,,,,,,,,,,,,,,,5,,,,,,,,,,,,,,,,3,,5,,,,,,,,,,,,,,,,,,,,1,,,,,,,,1,,,,,,,,,,,,,,,,3,,,,,,,,,,,,,,,,,,,,,
BiWa3iUtHtP,10503 Rawabesi Rural Municipality,10503,,,,,,,,,,,,,,,,,,,,,1,,,,,1,,,,,,,,,,,,,,,1,,,,,,,,,,,,,,,,,,,,,,,,,,,,,,,,,,,,,,,1,,,,,,,,,,,,,,,,,,,,,,,,,,,,,,,,,,,,,,,,,,,,,,,,,,,,,,,,,,,,,,,,,,,,,,,,,,,,,,,,,,,,,,,,,,,,,,,,,,,,,,,,,,,,,,,,,,,,,,,,1,,,,,,,,,,,,1,,,,,,,,,,,,,,,,,,,,,,,,,,,,,,,,,,,,,,,,,,,,,,,
mGacVlqIv3w,31205 Manahari Rural Municipality,31205,,,,1,,,,2,,,,,,,,2,,,,1,,2,,,1,,,,,,,,,,,3,,,,1,2,,,,,,,,,,,,,,,,2,,,,1,,,1,,,,,,,,,,,,,,,,2,,,,,,,,,,1,,,,,,,1,,,2,,,1,1,,2,,,,,1,,,,,,,1,,,,1,,,1,,,,,,,,1,4,,,,,,,,,,2,,,,,,,,1,,,,,,,,,1,,,,,,,,,,,1,,,,,,,,,,,,,1,,,,,,,1,,,,,,,,,,1,,,,,,,,,,1,,,,,,1,,,1,,,2,,,1,,,,,,,,,,,,1,1,,2,,,2,,1,,,,,,,,,,,,
jBGwG3a6zWb,60103 Jagadulla Rural Municipality,60103,,,,,,,,,,,,,,,,,,,,,1,,,,,,,,,,,,,,,,,,,,,,,,,,,,,,,,,,,,,,,,,,,,,,,,,,,,,,,,,,,,,,,,,,,,,,,,,,,,1,,,,,,,2,,,,,,,,,,,,,,,1,,,,,,,,,,,,,,,,,,,,,,,,,,,,,,,,,,,,,,,,,,,,,,,,,,,,,,,,,,,,,,,,,,,,,,,,,,,,,,,,,,,,,,,,,,,,,2,,,,,,,,,,,,,,,,,,,,,,,,,,,,,,,,,,,,,,,,,,,,,,,
mKSUBEinvq2,11204 Sundarharaicha Municipality,11204,,,3,,,,,,,,,,,,,,,,,,,,,,,,,1,,,,,,,,3,,,2,,,,,,,,,,,,,,,,,,1,,,,,,,,5,,,,,,,,,,,,,,,,,,,,,,,1,,,1,,,,,,,,,,5,,,,,,,,,,,,,,,,,,,,,,3,,,,,,,,,,,,,,,,,,,,,2,2,,,,,,,,,,,,,,,,,,,,,,,,3,,,,,,,,,,,,,,,,,,,,,,,,,,,,,,,,,,,,,,,,,,,,3,5,,3,,,,,,,,,,,,,,,,,,,,,,,,,,,,,,,,,,,,,,,,,1,,
LbwlY7AUuoO,50408 Dhurkot Rural Municipality,50408,,,,,,,,,,,,,,,,1,,,,,2,,,,,,,,,,,,,,,,,,1,,,,1,,,1,,,,,,,,,,,,,,,,,,,,,,,,,1,1,,1,,,,,,,,,,,,,,,,,,,,,,,,,,,,,,,,,,,,,,,,1,,,,,,,,1,,,,,,,,,,,,,,,,,,,,,,,,,,,,,,,,,,,,,,,24,,1,,,,,,,,,,,,,1,,,1,,,,,,,,,,,,,,,,,,,,,,,,,1,,,,,,,,,,,,,,,,,,,,,,,401,,,,,,,,,,,,,,,,,,,,,,,,,,,1,,,,,
O83QKtwuJWq,10207 Panchakhapan Municipality,10207,,,,,,6,,,,,,,,,,1,,,,1,1,,,,,,,1,,,,,,,,5,1,,4,1,1,,,1,,,,,,,,,,,1,,1,,,,,,,,1,,,1,,,,,,,,,,,,,,,4,,,,,,,,4,,,,,,,,,,,,2,,,,,,,,,,,,,,2,,5,,,2,,,,,,,,1,,,,,,,,1,1,,,,1,1,,,,,,,,,1,,,4,,,,,,,1,,,,,,,,,,,,,2,,,2,6,,,,,,,,,,,,1,,2,,,,,,3,,,,,,,,,,,,,1,5,1,,,,,3,,2,,,,,,,,,,,,,,,,,,,,,,,2,1,,,,,,,,,1,3,,,
a93eGOAOHia,11202 Letang Municipality,11202,,,,,,2,,,,,,,,,,1,,,,,,,,,10,,,,,,,,,,,30,,,,,,,,,,,,,9,,,,,,,,,,,,,,,,,,,,,,,,,,,,,,,,,,,,,,,,,,25,,,,,23,,,,,,,,,,,,,,,,,,1,,,,,,,,,,,,,2,,,,,,,,,,,,1,1,,,,2,,,,,,,,,,,,,,,,,,,,,,,,,,,,,,,,,,,,,,,,,,,,,,,,,1,,,,,,1,,,,,,,,,,,,,,,,,,,,,6,,,,,,,,,,,,,3,,,,,,,,,,,,,,1,,,,,,,,,,,,
LK5DFWU64XL,31103 Tinpatan Rural Municipality,31103,,,,,,,,,,,,,,,,,,,,,,,,,,,,2,,,1,,,,,2,,,,,,,,,,,1,,,,,,,,,,1,,,,,,,,1,,,,,,,1,,,,,,,,1,,,1,,,,,1,,,,,,,,,,,,1,,,,,,,,,,,1,,,,,,,,,,,,,,,,,,,,,,,,,,,,,,,,1,1,,,,,,,,1,1,,,,,1,,,,,,,,,,,,,,,,,,,,,,,,,,,,,,,,,,1,,,,,,,,,,,,,,,,,,,,,1,,,,,,,,,,,,,,,,,,,,,,,,,2,,,,,,,,,,,,,,,,,,,,,1
xx7B1K7qErB,20315 Janakpur Sub-Metropolitan City,20315,,,40,,,7,,,,,,,,,,,,,,,,,,,8,,,,,,,,,,,12,,,69,,,,,,,,,,1,,,,,,,,,,,,,,,,55,2,,,,,,,,,,,,,,,,,,,,,,,,,1,,,,,,,,,,66,,,,45,,,8,,,,,,,,,,,1,,,,50,,,,4,,,,,,,,,,,,,,,,,11,58,,1,,,,,,1,3,,,,,,,,,,,,,,28,,,,,,,,,,,,,,,,,,,,,,,,,,,,,,,5,3,,,,,,,,,,,,,,67,,49,5,,,,,,,,3,,,,,,,,,,,,,,,,,,,,,,7,,,,,,,,,,,,
qIv6T7879Cn,30201 Bhotekoshi Rural Municipality,30201,,,,,,,,,,,,,,,,,,,,,,1,,,,,,,,1,1,1,,,,4,,,,,,,,,,,,,,,,,,,,,,,,2,,,,,,,,2,,,,,,,,,,,,1,,,,,,,,,,,,,,,1,,,,,1,,,,,,,,,,,,,,,,,,,1,,,1,,,,,,,,,,,,1,,,,,,,,,,,,,,,,,,2,3,5,,,,,,,,,,,,,1,,1,1,,,,,,,,,,,,,,,,,,,,,,1,,,,,,,,5,,,,1,,,,,,,,,1,,,,,,,1,,,,,,,,,,,,,,,,,,,1,,1,,,,,,,,,,,,,,,,,,
ycBkX3TlIrL,606 DAILEKH,606,,,2,,,3,,,,,,,,,,9,,,,2,6,5,,,,,,,2,,1,1,,,,13,,,3,,,6,,1,,1,,2,,5,,,,,11,,7,,,7,5,,,2,5,,,13,,,,12,,7,2,,1,,3,4,9,,21,,,,,1,,,4,1,,3,5,,5,,,8,3,,3,1,,3,,,,,6,,,1,,,1,,34,,,11,3,,,,,1,,1,1,,,26,9,,,,1,3,,,2,1,,,,,,,,1,3,,,6,,1,,,3,,3,5,,1,,,2,4,1,,,,,7,,,10,2,1,,,1,1,,,1,,,1,7,,1,,1,,,,9,,,,7,,1,3,,,,,2,12,35,,,,,,4,,1,,2,,,8,,,,,,,,,,,2,3,1,,,,,6,,,,,,,,,,,5,,,1
TnT6m8FZEet,10101 Phaktanlung Rural Municipality,10101,,,,,,,,1,,,,,,,,,,,,,,,,,,,,1,,2,,,,,,,,,,,,,,,,,,,,1,,,,,,,,,,,1,,,2,1,,,,,,,,,,,,,,,,,,,,,,,1,1,,,,,,,,3,,,,1,,,,,,,,,,,,,,,,,,,,,,,,,,,,3,,,,,,,,,,,1,,,1,,,,,,1,,,,,,,3,,,,,,,,2,,,,,,,,,,,,,,,,,,3,,,2,,,,,,,,,1,,,,,,,,3,,,,,,,,,,3,,,,,,,,,,,,3,,,2,,,,,,,,,,,1,,,,,,,,,,,,,,,,,,,,,
mhNvNmTvUsE,20311 Kamala Municipality,20311,,,,,,,,,,,,,,,,,,,,,,,,,,,,,,,,,,,,,,,,,,,,,,,,,,,,,,,,,,,,,,,,,,,,,,,,,,2,,,,,,,,,,,,,,,,,,,,,,,,,,,,,,,,,,,,,,,,,,,,,,,,,,,,,,,,,,,,,,,,,,,,,,,,,,,,,,,,,,,,,,,,,,,,,,,,,,,,,,,,,,,,,,,,,,,,,,,,,,,,,,,,,,,,,,,,,,,,,,,,,,,,,,,,,,,,,,,,,,,,,,,,,,,,,,,,,,,,2,,,,,
uLdNzeLGQik,60203 Soru Rural Municipality,60203,,,,,,,,,,,,,1,,,,,,,,2,,,,,,,,,,,,,,,2,,,,,,,,,,,,,,1,1,,,,,,,,,1,1,,,,,,,,,,,,,,,,,,,,,,1,,,,,,,,,,,,,,,,,,1,,,,,,,,,,,,,,,,,,,,,,,,,,,,,,,,,,,,,,2,,,,,,,,,,,,,1,,,,,,,,,,,,,,,,,,,,,,,,,,,,,,,,1,,,,,,,,,,,,,,,,,,,,,,,,,,84,,,,1,,,,,,,,,,,,,,,,,,,,,,,,,,,,,,,,,,,,,1,,,,,,,,
CMLxRNQiEuz,10902 Hilihan Rural Municipality,10902,,,,,,,,,,,,,,,,,,,,,,,,,,,,,,,,,,,,1,,,,,1,,,,,,,,,,,,,,,,,,,,,,,,,,,,,,,,,,,,,,,,,,1,,,,,,,,,,,,,,,,,,,,2,,,,,,,,,,,,,,,,,,,,,,,,,,,,,,1,,,,,,,,,,,1,,,,,,,,,,,,,,,,,,,,,,,,,,,,,,,,,,,,,,,,,,,,,,,,,,,,,,,,,,,,,,,,,,,,,,,,,,,,,,,,,,,,,,,,,,,,,,,,,,,,,,,,,,,,,,,,1,,,
qoayxucpZqH,403 MUSTANG,403,,,,,,,,,,,,,,,,1,,,,,,,,,,,,,,,,,,,,,,,,,,,,,,,,,,,,,,,,,,,,,,,,,,,1,,,,,,,,,,,,,,,,,,,,,,,,,,,,,,,,,,,,1,,,,,,,,,,,,,,,,,,,,,,,,,,,,,,,1,,,,,,,,,1,,,,,,,,,,,,,,,,,,,,,,,,,,,,,,,,,,,,1,,,,,,,,,,,,,,,,,,,,,,,,,,,1,,,,,,,,,,,,,,,,,,,,,,,,,,,,,,,,,,,,,,,2,,,,,,,,,,,,,,
X3rzE53ksA1,10203 Silichong Rural Municipality,10203,,,,,,2,,,,,,,,,,,,,,,4,5,,,,1,,,,,2,,,,,7,,1,,,1,,1,,,,,,,2,,,,,1,,1,,,,2,,,1,2,,,1,,,,2,,,,,,,,,,,,,,,,2,,,1,,,,,19,1,,,,1,,,,,,,,,,,,2,,,,1,,1,,,7,,,,,,,,1,,,,,,,,,2,1,,,1,,,,,,,,,6,2,,,1,,,,,,,4,,,,,,1,,,,,,,,,1,1,3,,1,,,1,,,2,,,,3,,2,,,,,,1,,,,,,,,,,1,,,2,,2,1,,,,1,,3,,,,,,,,,,,,,,,,,,,,,,,,,,,1,,,,,,2,,,,
WMm4dtLoyR0,51001 Bangalachuli Rural Municipality,51001,,,,,,,,,,,1,,,,,,,,,,,1,,,,,,,,,,,,,,,,,,,,,,,,,,,,,,,,,,,,,,,,,,,,,,,,,,,,,,,,,,,,,,,,,,1,,,,,,,,,,,,,,,1,,,,,,,,,,,,,,,,,1,,,,,,,,,,,,,,,,,,,,,,,,,,,,,,,,,21,,,,,,,,,,,,,,,,,,,,,,,,,,,,,,,,,,,,,,,,,,,,,,,1,,,,,,,,,,,,,,,,,,,,,,,,,,,,,,,,,,,,,,,,,,,,,,,,,,,,,,,,,,,
aU6oNY86CMb,40803 Bungdikali Rural Municipality,40803,,,,,,,,,,,,,,,,,,,,1,3,1,,,,,,,,,,,,,,1,,,,,,,,,,1,,,,1,,,,,1,,,,,,,,,,,,,3,,,,,,,,,,,,2,,,1,,,,,,,,,,,,,,,,,,,,,,,,,,,,1,,,,,,,,1,,,1,,,,,,1,,,,,,,,,,3,,,,,1,,,,,,1,,,1,1,,,,,,,,,,,1,,,,,,,,,,,,,,,,,,,,,,,,,,,,,,2,,,,,,,,,,,,,,,,,,,2,1,,,,,,,,,,,,,,,,,,,,,,,,,,,,,,,,,,,,,,,,,,,,,
vOAAQWchu33,60905 Bagachour Municipality,60905,,,,1,,,,,,,,,,,,,,,,,,,,,,,,,,,,,,,,1,,,,,,,,,,,,,,2,,,,,,,1,,,,,,,,1,,,,,,,,,,,,,,,1,,,1,,,,,,1,,,,,,,,,,,1,3,,,,,4,,,,,,,,,,,,,,,,2,,,,,,,,,,,,1,,,,,,,4,,,,,1,,,,,,1,,,,,1,,,,,,,1,,,,,,,,,,,,,,,2,1,,,,,,,,,,,,1,,,,,,,,4,,,,,,,,,,,,,,3,1,1,,,,,,,,,,,,,,,,,,,,,,,,,,,,,,,,,,,,,,,,,,,
HNoO3MOxRs6,40603 Kwhola Sothar Rural Municipality,40603,,,1,,,,,,,,,,,,,1,,,,,,1,,,,,,,,,,,,,,1,,,,,,1,,,,,,,,,,,,,,,1,,,,,,3,1,2,,,,,,,,,,,,,,,,,,,,,,,,,,,,,,1,,2,,,1,,,,,,,,,,,,,,,,,,,,,,1,,,,,,,,,,,,4,,,,,,1,,,,,,,,,,,,1,,,,1,1,,,,,,1,,,,,,,,,,,,,,,,,2,,,,,1,,,,,,,,1,,,,,,,,,,,,,,,,,,,1,,2,,,,,,,,2,,1,,,2,,,,,,,,,,,,,,,,,,1,,,,,,,,,,,,,,
eP90MO7oR6J,70303 Mahakali Municipality,70303,,,,,,,,,,,,,,,,,,,,1,,,,,1,,,,,,,,,,,1,,,,1,,,,,,,,,,,,,,,,,,,,1,2,,,,2,,,,,,,2,,,,,,,2,,,,,,,,,,,,,,,,,,,,,,1,,,,,,,,,,,,,,,,,,,,,,,,,,,1,,,,,,,,1,,1,,,,,,,,,,,,,,,,,,,,,,,,,,,,,,,,,,,,,,,,,,1,,,,,,,,2,,,,,,,1,,,,,1,,,,,,,,,,,,,,3,,,,,,,,1,,,,,,,,,,,,,,,1,,,,,,,,,,,,,2,,,,,3,,,,
AyKEcjoYtPd,51207 Gulariya Municipality,51207,,,,,,,,,,5,,,,,,,,,,,,,,,,,,,,,3,,,,,,,,,,,,,,,,,1,,,,,,,1,,21,,,,,,4,,,,,1,,,,,,,,,,,,41,,,31,,,,,,,,,,,3,,,,,,1,,,48,,,13,,,,,,,,,,,,,,,,,,,,,,,,,,,7,21,,,,,,10,,,,,,,,,,,,,,,,5,2,3,,,,,,,,,,,,,,,,,,,,,,,,3,,2,,,,,,,,,3,,,,,,,,,5,,6,,,,,,18,,,,,,,,,,,,,,6,,,,,,,,,,,,,,,19,,,11,,,,,,,,,3,1,,,,,,,
CM5YyMzgtyE,70710 Turmakhand Rural Municipality,70710,,,,,,,,,,,,,,,,,,,,,,,,,2,,,1,,,,,,,,5,,,,,,,,,,,,1,,1,,,,,1,,,,,2,,,,,,,,,,,,,,,,,,,,,,,,,,,,1,,,1,,,,,,,,,,,,,,,,,,,,,,,,,,,,,,,2,,,,,,,,,,,,,,2,,,,,,,1,,,,,,,,,2,,,,,,,,,,,,,,,,,,,,,,,,,,,,,,,,,,,,,,,,,,,,,,,,1,,,,,,,,,,,,,,,,,,,,,,,,,,,,,,,,,,,,,,,,,,,,,,,,,,,,,,,,,,,
aGaKLs573SL,50504 Sandhikharka Municipality,50504,,,,2,3,1,,,,,6,,,,,1,,,,,,16,,,,,,,,,2,2,,,,1,,,,4,,2,,,,,,,,,,,,,,,,,,1,,,6,,,,3,1,,,,8,,,,,,,,7,,,15,,,,,2,,,,3,,7,,,1,,,4,,,,,,,,,6,,4,,8,,,,,,1,6,,3,5,,,,,,,2,,,,12,,,,,1,6,,,,,,4,,,,,,,2,,,2,,,,,,,,,,4,,,,,8,,,,,1,,,2,,,4,,3,,,,,,,,14,2,15,,,,,,1,,,,,,,,3,,,,1,,5,3,,,,2,,,3,,12,,,,,,,,,,,,,,,14,,,2,,3,4,,,,,,7,,,,,,,,1
RwdsaWpcvuQ,20520 Malangawa Municipality,20520,,,,,,,,,,,,,,,,,,,,,,,,,,,,,,,,,,,,,,,,,,,,,,,,,,,,,,,,,,,,,,,7,,,,,,,,,,,,,,,,,,,,,,,,,,,,,,,,,,,,,,,,,,,,,,,,,,,,,,,,,,,,,,,,,,,,,,,56,,,,,,,,,,,,,,,,,,,,,,,,,,,,,,,,,,,,,,,,,,,,,,,,,,,,,,,,,,,,,,,,,,,,,,,,,,,,,,,,,,,,,,,,,,,,,,,,,,,,,,,,,,,,,,,,,,,,,,,,,,,,,
ebbAyOhorzo,507 NAWALPARASI WEST,507,,,,,,20,,5,2,1,2,1,,,,,,,1,19,7,63,,8,2,13,2,,,19,43,1,4,,,32,,12,9,31,99,3,,,2,7,,1,,,6,,7,,1,,62,1,,32,36,,1,65,12,,,72,1,,7,12,,15,,16,4,,,17,5,,27,,,5,,8,,8,,,,,63,15,66,2,4,55,17,,10,4,1,23,,,2,1,57,16,,,,,20,2,,,8,24,3,,5,,,1,,1,,1,7,12,,2,5,25,9,49,3,,,,,1,,,,,1,,,,,30,5,37,,,12,37,,5,6,3,4,,,5,3,2,,,,14,14,,66,73,,3,,7,57,,,,19,,1,,2,,,2,,8,1,,,12,,,,32,,2,,21,,91,,81,7,,2,,,62,2,63,,44,,,89,,37,,,,,1,,,,1,39,3,,17,1,1,28,1,,7,2,,2,,,,4,,,1,2
aTZcDT4w3Ml,70101 Himali Rural Municipality,70101,,,,,,,,,,,,,,,,1,,,,,,,,,,,,,,,,,,,,1,,,,,,,,,,,,,,,,,,,,,,,,1,,,,,1,,,,,,,1,,,,,,,,,,,,,,,,,,,,,,,,,,,,,1,,,,,,,,,,,,,1,,,,,,,,,,,,,,,,,,,,,,,,,,,,,,,,,,,,,,,,,,,,,,,,,,,,,,,,,,,,,,,,,,,,,,,,,,,,,,,,,,,,,,,,,,,,,,,,,,,,,,,,,,,,,,,,,,,,,,,,,,,,,,,,,,,,,,,,,,,,,,,,,
Fen9qMN7huE,10505 Diktel Rupakot Majhuwagadhi Municipality,10505,,,,,,1,,,,,,,,1,,3,,,,,3,22,,2,1,,,,4,,,,,,,3,,,1,2,1,,,,,2,,1,,,,,,,1,,3,3,,3,,,3,1,,,5,,,,,1,,,,,,,3,,1,,1,,,,,3,,,,,,,13,,,,3,3,1,,4,,,,,,2,,2,,2,2,,,,,6,,,3,,,,,,,,,2,,,4,,1,,,2,2,,,,,1,1,3,,,,,,6,,,,1,1,,3,,,13,,,,,,1,,,,3,,,1,4,2,2,2,,,,,2,1,,,,,,4,2,2,,,,1,,11,,,,7,2,,,2,,,,1,5,,,,,,,,,4,,24,,,21,,,12,,,,1,,3,,2,1,,,,,2,5,,,,,,,,,,,1,9,,
sBELQdDFD2K,11203 Kerabari Rural Municipality,11203,,,2,,,,,,,,,,,,,,,,,,,,,,,,,,,,,,,,1,1,,,,,,,,,,,,1,,,,,,,2,,,,,,1,1,,,5,,,4,,10,,,,,,,,,,,,,,,,,,,,,,,,,1,1,,,,,2,,,,,,,,,,,,,,,,1,,,,,,1,,,,,,,,,,,,,,,,,,,12,,,,,,,,,,1,1,,,,,,,,,,,,,,,,,,,,,,,,,,,,,,,,,,,1,,,,,,,,,,,,,,,,,,,,,,,,,1,1,,1,,,,,,,,,,,,,,,,,,,,,,,,,,,,,,2,,,,,,,,,1,,,,
gE2JavhfKh8,50802 Butwal Sub-Metropolitan City,50802,,,,24,1,124,,,6,,,,,,,,5,2,,,109,,18,11,65,29,,55,18,,,,,8,,383,,70,,,,,,7,,1,,22,15,219,,,11,4,134,,,,,156,77,2,,,,,,169,,1,20,157,,,16,,,,11,,,5,,,,,,109,,,76,,,,,23,,,,,,,,,,,,,,,1,,,,4,1,91,,143,,,143,,,,,29,15,,63,,,,,,25,,58,147,,,13,,,,,25,,22,,,151,18,39,4,,,,,,,,,,,,14,,,,24,,,,4,146,,14,134,213,37,1,25,,,,,9,,2,,141,,110,19,11,,,14,209,,,,,1,,19,,,,,,,,2,,,,,133,,120,,,,3,,1,7,,,,,,1,,,59,,,,,,,,19,,,29,1,,,,,29,,12,,
GnpIwWbdxdl,707 ACHHAM,707,,,,,,3,1,,,1,1,1,,,,6,,,,,4,10,,,4,1,,1,,,,,,1,,31,,1,,155,2,,1,1,,,,2,,2,,2,,1,5,1,2,,,12,1,,1,,4,,3,2,,,,11,,,7,,,,14,7,,,,18,,,,18,1,,3,,,,7,1,,,,11,2,,16,,,,,,,,12,1,1,6,,,,,3,1,,13,,,,,,2,,3,1,,18,7,,4,,1,15,5,,,1,,,3,,,,,,16,4,1,1,1,1,1,,,4,,7,2,,,,,,2,,,,2,1,7,1,,4,7,,,,2,8,,,,,,,4,1,2,,,,,,14,,,,7,,,1,4,,,,2,,1,1,,,1,1,,,3,1,6,,1,13,,,6,,,,,,,,1,2,,,,,4,12,,,,1,,,,,,,3,,,1
vn8qhmMp7ph,60702 Kuse Rural Municipality,60702,,,,,,,,,,,,,,,,,,,,,,,,,,,,,,,,,,,,,,,,,1,,,,,,,,,,,,,,,,,,,,,,,,,,,,,,,,,,,,,,,,,,,,,,,,,,,,,,,,,,,,,,,,,,,,,,,,,,,,,,,,,,,,,,,,,,,,,,,,,,,,,,,,,,,,,,,,,1,,,,,,,,,,,,,,,,,,,,,,,,,,,,,,,,,,,,,,,,,,,,,,1,,,,,,,,,,,,,,,,,,,,,,,,,,,1,,,,,,,,,,,,,,,,,,,,,,,,,,,,,,,,
tQ73nJ7ioAy,30806 Bagmati Rural Municipality,30806,,,,,,,,,,,,,,,,,,,,,,,,,,,,,,,,,,,,,,,,,,,,,,,,,,2,,,,,,,,,,,,,,2,,,,1,,,,,,,,,,,,,,,,,,,,,,,,,,,,,2,,,,,,,,,,,,,,,,,,,,,1,1,,,,,,1,,,,,,,,,,,,,,,,,,,,,,1,,,,,,2,,,,,,,,,,,,,,,,,,,,,,,,,,,,,,,,,,,,,,,,,,,,,,,,,,,,,1,,,,,,1,1,,,,,,,,,,,,,,,,,,,,,,,,,,,2,,,,,,1,,,,,,,,,,,,,1
DlmjnZcEmaW,11005 Fakfokathum Rural Municipality,11005,,,,,,,,,,,,,,,,,,,,,,,,,,,,,,,,,,,,,,,,,,,,,,,,,,,,,,,,,,,,,,,,,,,,,,,,,,,,,,,,,,,,,,,,,,,,,,,,,,,,,,,,,,,,,,,,,,,,,,,,,,,,,,,,,,,,,,,,,,,,,,,,,,,,,,,,,,,,,,,,,,,,,,,,,,,,,,,,,,,,,,,,,,,,,,,,,,,,,,,,,,,,,,,,,,,,,1,,,,,,,,,,,,,,,,,,,,,,,,,,,,,,,,,,,,,,,,,,,,,,
iFoDthLp3eG,20201 Lahan Municipality,20201,,,,2,,,1,1,,4,4,14,,1,,48,4,,,3,21,,,,1,9,,,,,28,1,,2,,2,,,,,,3,6,,,,,,,,,21,,,,,65,,,2,,,4,,,,,,1,,2,,,19,1,,,,,44,,,64,,,12,,,,8,,,,,,,,,18,,,,30,,,15,,15,2,,,,,1,,,,,,,,,,,,,,,,30,,,9,85,5,1,,29,49,51,,11,,,,,,,,,,,,,,27,3,24,,,,,24,21,,,,,2,,,,,1,,39,26,,,65,,,,,,,,,,,8,48,3,7,,,,,,,,,1,,,,,,,,1,,56,,,,,,,,,35,,17,7,,,,,2,,7,,,2,,,29,1,,,,,,,,,8,2,,5,2,,,2,28,,,25
Vkv9B89Tu0q,10307 Solu Dudhakunda Municipality,10307,,,,,1,,,,,,,,,,,,,,,,,2,,,,,,,,,,,,,,4,,,,1,,,,,1,,,,,1,,,,,2,,,,,3,,,1,,,,,6,,,,2,,,,,,,,1,,,1,,,,,2,,,,,,,1,,2,,,,2,,1,1,,1,,,,,3,1,2,,,,,,,,,2,,,,,,,,,,,,1,,,,1,,,,,,,,,,,,,,1,3,,,,,1,,,,,,,,,,,,1,,,,,,,,,,1,,1,,,,,,,1,,,1,,,,,,,,,,,,,,,,3,,,,1,,1,2,,,,,,,,,,,,,,,,,,,,,,,,,2,,,,,,5,,,,,,1,,,,1,,,
k5Ig12XBeut,70607 Bogatan Rural Municipality,70607,,,,,,,,,,,,,,,,,,,,,,,,,,,,,1,,,,,,,,,,,,,,,,,,,,,,,,,,,,,,,,,,,,,,,,,,,,,,,,,,,,,,,,,,,,,,,,,,,1,1,,,,,,,,,,,,,,,,,,,,,,,,,,,,,,,,,,,,,,,,,,,,,,,,,,,,,,,,1,,,,,,,,,,,,,,,,,,,,,,,,,,,,,,,,,,,,,,,,,,,,,,,,,,,,,,,,,,,1,,,,,,,,,,1,,,,,,,,,,,,,,,,,,,,,,,,,,,,,,,,,,,,,
pneopnkujAY,70703 Mellekh Rural Municipality,70703,,,,,,,,,,,,,,,,,,,,,,,,,,,,,,,,,,,,15,,,,,,,,,,,,,,,,,,,,,,,,5,,,,,,,,,,,,,,,,,,,,,,,,,,,,,,,,,,,,,,,,,,,1,,,,,,,,,,,,,,,,,,,,,,,,,,,,,,,,,,,,,,,,,,,,,,,,,10,,,,,,,,,,,,,,,,,,,,,,,,,,,,,,,,,,,,,,,,,,,,,,,,,,,,,,,,,,,,,,,,,,,,,,,,,,,,,,,,,,,,,,,,,,,,,,,,,,,,,,,,,,,
p3jCjtaqr1K,11407 Katari Municipality,11407,,,,,,,,,,,,,,,,,,,,,,,,,,,,,1,1,,,,2,,,,,,,,,,,,,,,,,1,,,,,,,,,,,,,,,,,61,,,,,,,,,,,,,,,,,,,,,,,,,,2,,,5,,,,,,,,,,,,,,,,,,,,,,,,,,,,,,,,,,,,,,,,,,,,,,17,,,,,,,,,,47,,,,,,,,,,,,,,,,1,,,,,,,,,,,,,,,,6,,,,,,,,,,,,,,,,,,,,,,,,,,,,1,,,,,,,,,,,,,,,,,,,,,,2,,,,2,,,,,,,,,,,,,,,,,,,,
GTscpNaZbdd,20101 Saptakoshi Municipality,20101,,,,,,,,,,,,,,,,,,,,,,,,,,,,,,,,,,,,,,,,,,,,,,,,,,,,,60,,,,,,,,,,,,,,,,,,,,,,,,,,,,,,,,,,,,,,,,,,,,,,,,,,,,,,,,,,,,,,,,,,,,,,,,,,,,,,,,,,,,,,,,,,,,,,,,,,,,,,,,,,,,,,,,,,,,,,,,,,,,,,,,,,,,,,,,,,,,,,,,,,,,,,,,,,,,,,,,,,,,,,,,,,,,,,,,,,,,,,,,,,,,,,,,,,,,,,,,,,,,,,
DNNqxNFcyph,60603 Bhairabi Rural Municipality,60603,,,,,,,,,,,,,,,,,,,,,,,,,,,,,,,,,,,,,,,,,,,,,,,,,,,,,,,,,,,,,,,,,,,,,,,,,,,,,,,,,,,,,,,,,,,,,,,,,,,,,,,,,,,,,,,,,,,,,,,,,,,,,,,,,,,,,,,,,,,,,,,,,,,,,,,,,,,,,,,,,,,,,,,,,,,,,,,,,,,,,,,,,,,,,,,,,,,,,,,,,,,,,,,,,,,,,,,,,,,,,,,,,,,,,,,,,,,,,,,,,,,,,,,,,,,,,,,,1,,,
zR1anyfvrOo,30204 Helambu Rural Municipality,30204,,,,,,,,,,,,,,,,,,,,,,,,,,,,,,,,,,,,2,,,,,,,,1,,,,,,2,,,,,,,,,,,,,,,,,,,,,,1,,,,,,,,,,,2,,,,,,,,,,,,,,,,,,2,,,,,,,,,,,,,,,,,,,,,,,,,,,,,,,,,,,,,,,,,,,,,,,,,,,2,1,,,,,1,,,,,2,,,,,,,,,,,,,2,,,,,,,,,,,,,,,,1,,1,,,,,,,,,,2,,,,,,,,,1,,,,,,,,,1,,,,,,,,1,,,,,,,,,,,,,,,,,,,,,1,,,,,,,,
FpflD8BqlMO,10107 Yangwarak Rural Municipality,10107,,,,,,,,,,,,,,,,,,,,,,,,,,,,,,,1,1,,,,,,,,,,,,,,,,,,,,,,,,,,,,,,,,,,,,,,,,,,,,,,,,,,,,,,,,,,,,,,,,,,,,,,,,,,,,,,,,,,,,,,,,,,,,,,,,,,,,,,,,,,,,,,,,,,,,,,,,,,,,,,,,,,,,,,,,,,,,,,,,,,,,,,,,,,,,,,,,,,1,,,,,,,,,,,,,,,,,,1,,,,,,,,,,,,,,,,,,,,,,,,,,,,,,,,,,,,,,,,,,,,,,,
JeXriiVgEnu,30101 Gaurishankar Rural Municipality,30101,,,,1,,,,,,,,,,,,,,,,,,,,,,,,1,,,1,,,,,,,,,,2,,,,,,,,,,,,,,,,,,,,,,,,1,,,,,,,,,,,,,,,,,,,,,,,,,,,,,,,,,,,,,,1,1,,,,,,,1,,,,,,,,,,,,,,,,,,,,,,,,,,,,1,,,,,,,,,,,,,,1,,,,,,,,,,2,,,,,,,,,,,,,1,,,1,,,,,,,,,,,,,2,,,,,,1,,,,1,,1,,,1,,,,,1,,,,,,,,,,,,,,,2,,,,,,,,,,,,1,,,,,,,,,,,,,,,,,,,,
hCCeMTw69UU,40406 Beni Municipality,40406,,,,,,3,,3,,,,,,,,,,,,6,,1,,,,,,,,,,,,,,1,,1,1,,,,,,,,,,,1,,,,,,,8,3,,,2,,,1,2,,,,,,,2,,,,,,,,13,1,,8,,,,,,,,,,1,,,,,,,,2,,,,,2,,,,,1,,,,,,1,,,,,2,,,,,1,,,,,,,,,,,,3,,1,,,,,,,,,,2,1,1,,,,,,,,,,2,,,,,,,,,,,,,1,,,,,,,,,1,,,,,,1,,,1,4,,,,1,1,,,,,,,,,,,,,2,,,,,,,,,,,1,,,,,,,,,,,,,,,5,,,1,,,1,,,,,,7,,,,,,,,
yLgova5hxHh,30910 Bethanchowk Rural Municipality,30910,,1,,,,,,,,,,,,,,1,,,,,,,,,,,,,,,,,,,,,,,,,,,,,,,,,,,,,1,,,,,,,,,,,,,,,1,,,,,,,,,,,,,,,,,,,,,,,,,,,,,,,,1,,,,,,,,,,,,,,,,,,,,,,,,,,,,,,,,,1,1,,,,,1,1,,,,,,,,,,,,,,,,,,,,,1,,,,,,,,,,,,,,,,1,,1,,,,,,,,,,,,,,,,,,,,,,,1,,1,,,,,,,,,,,,,,,,,,1,,,,,1,,,,,,,,,,,,,,,,,,,,,,,,,,,,,,,,
rdYbkteJ80f,20313 Bideha Municipality,20313,,,,,,,,,,,,,,,,,,,,,,,,,,,,,,,,,,,,,,,,,,,,,,,,,,,,,,,,,,,,,,,,,,,,,,,,,,,,,,,,,,,,,,,,,,,,,,,,,,,,,,,,,,,,,,,,,,,,,,,,,,,,,,,,,,,,,,,,,,,,,,,,,,,,,,,,,,,,,,,,,,,,,,,,,,,,,,,,,,,,,,,,,,,,,,2,,,,,,,,,,,,,,,,,,,,,,,,,,,,,,,,,,,,,,,,,,,,,,,,,,,,,,,,,,,,,,,,,,,,,
qSqjrMwbIvJ,51006 Dangisharan Rural Municipality,51006,,,,,,,,,,,,,,,,,,,1,,,,,,,,,,,,,,,,,,,,,,,,,,,,,,,,,,,,,,,,,,,,,,,,,,,,,,,,,,,,,,,,,,,,,,,,,,,,,,,,,,,,,,,,,,,1,1,,,,,,,,,,,,,,,,,,,,,,,,,,,,1,,,1,,,,,,,,,,,,,,,,,,,,,,,,,,,,,,,,,,,,,,,,,,,,,,,1,,,,,,,,,,,,,,,,,,,,,1,,,,,,,,,,,,,,,,,,,,,,,,,,,,,,,,1,,,,,,,,,,,,,,,,,
mHYyY7S8j05,70902 Shuklaphanta Municipality,70902,,,,,,,,,,,,,,,,,,,,,,,,,,,,,,,,,,,,,,,,,,,,,,,,,,,,,,,,,,,,,,,,,,,,,,,,,,,,,,,,,,,,,,,,,,,,,,,,,,,,,,,,,,,,,,,,,,,,,,,,,,,,,,,,,,,,,,,2,,,,,,,,,,,,,,,,,,,,,,,,,,,,,,,,,,,,,,,,,,,,,,,,,,,,,,,,,,,,,,,,,,,,,,,,,,,,,,,,,,,,,,,,,,,,,,,,,,,,,,,,,,,,,,,,,,,,,,,,,,,,
RJjAQffhRya,11309 Inaruwa Municipality,11309,,,11,,,,,,,,,5,,,6,,,,,,,,,,,,,,,,,,,,,,,,11,,,,,,,,6,,,,,,,,,,,,,,,,,,11,,,,,,,,,,,,,,,,,,,,,14,,,,,,,,,,,,,,,7,,,,28,,,9,,,,,,,,,,,1,,,,1,,,,,,,,,,,,,,,,,,,,,,11,,1,,,,,,,1,,,,,,,,,,,,,,28,,,,,,,,,,,,,,,,,,,12,,,,,,,,,,,,,1,,,,,,,,,,,,1,,1,,7,12,,,,,,,,9,,,,,,,14,,,,,,,,,,,,,,,,,,,,,,,,,,,5
udhEfsRJE0r,60804 Musikot Municipality,60804,,,,,,1,,,,1,,,,,,3,,,,,3,3,,,2,,,1,,,5,,,,,29,1,,,3,,,,,,,,,1,1,,,,1,5,,4,3,,16,2,,,,,,,1,,,,5,,,,,,,,4,,,4,,,,,7,,,8,,,,,,,,,10,1,1,4,,,,,,,,8,,,,,,1,,1,,,5,,,,,,,,6,,,,8,,,,,13,,,,2,3,,,1,,1,,,1,3,,,3,,1,,,,,,1,,,,,1,,,,,,1,12,3,,4,,,,1,,,,,1,,,1,1,,1,,1,,,1,1,,,,,,,,8,,,,1,3,1,,1,,,,1,,1,,,,3,1,,,,,,1,,,,,,,,,,,,2,,,,,,,,,,,,,,
QfZ2pVPRFmz,304 DHADING,304,,8,17,1,1,30,1,,,,,2,2,,,17,,,,5,18,19,,,55,3,,6,40,2,14,2,,,,115,49,,7,5,14,1,1,2,,5,,1,11,30,3,1,9,1,18,,9,2,,27,10,1,1,7,25,3,3,21,,,2,26,1,,1,,15,1,21,8,1,,12,1,21,1,,9,1,1,22,,1,,7,9,14,1,4,23,18,,13,1,4,6,,,1,,18,,,1,5,,17,,24,,,21,11,,2,,4,1,2,1,,1,4,21,1,9,,3,18,15,,,57,21,4,4,3,,16,,,22,65,2,1,22,2,8,1,2,1,3,17,8,1,1,17,3,4,3,2,,1,3,,20,5,,24,5,1,1,2,1,7,1,,1,1,,1,10,6,2,2,4,,,6,33,,3,4,13,,2,2,3,1,4,,13,19,27,3,5,,,,32,,9,,11,,,11,,4,5,,,23,,,,1,5,7,1,,2,,,25,7,12,1,1,9,,2,,,4,10,49,,4
q7VB2VrUr83,404 MYAGDI,404,,,,1,,7,,3,,2,,,,,,11,,,,7,7,11,,1,,,,,2,,3,,,,,10,,1,2,,,,1,,,1,,,,7,,,,1,6,1,15,3,,2,3,,,2,2,,,7,,,,4,,1,,,,,1,24,2,,11,,,,,6,,1,3,,1,1,1,,3,,,6,9,,9,1,,14,,,,,7,,,,,,3,,9,,,7,,,,1,1,,,3,,,1,6,,,,1,7,7,1,,1,1,,1,,,1,,2,4,7,1,,3,,1,,,1,,2,1,,,,,,,,,,,,6,1,,8,5,,,,,4,,,1,,,1,7,,3,4,,,,2,7,,,,11,,,,,,1,1,2,9,4,,,,,,1,,4,,2,,,3,,,,,,,,,,,,8,,,2,,,2,,,,,1,7,1,,,,5,,,
yBNQa3DDCMV,70202 Bungal Municipality,70202,,,,,,,,,,,,,,,,,,,,,,,,,,,,,,,,,,,,2,,,,,,,,,,,,,,,,,,,,,,,,,,,,,,,,,,,,,,,,,,,,,,,,,,,,,,,,,,,,,,,,,,,,,,,,,,,,,,,,,1,,,,,,,,,,,,,,,,,,,,,,,,,,,,,,,,,,,2,,,,,,,,,,,,,,,,,,,,,,,,,,,,,,,,,,,,,,,,,,,,,,,,,,,,,,,,,,,,,,,,,,,,,,,,,,,,,,,,,,,,,,,1,,,,,,,,,,,,,,,,,,,,
Xznx7upyyKb,10304 Mapya Dudhkoshi Rural Municipality,10304,,,,1,,,,,,,,,,,,2,,,,,2,,,1,3,1,,,,,,,,,,3,1,,,1,,,,,,,,2,,1,,1,,,2,,2,,,1,,,,,2,,,,,,,1,,,,,,,,1,,1,,,,,,1,,,,,,,1,,,1,,1,,,,1,,,,,,,1,,,,,,,,2,,,1,3,,,,,,,,,,,,,1,,,2,,,,1,,,1,,,,,,2,,,,,,,,,,,1,,,,,,,1,,,,,,,,,,,,,2,,1,,,,,,,1,,,,,,,,,,,,,,,,1,,1,,1,,3,,,,,,,,,,,,,,,,,,,,,,,,,,,,1,,,2,,,,,,,,,,,,,,1
QXdURpmMJVr,11215 Katahari Rural Municipality,11215,,,,,,,,,,,,,,,,,,,,,,,,,,,,,,,,,,,,,,,,,,,,,,,,,,,,,,,,,,,,,,,,,,,,,,,1,,,,,,,,,,,,,,,,,,,,,,,,,,,,,,,,,,,,,,,,,,,,,,,,1,,,,,,,,,,,,,,,,,,,,,,,,,,,,,,,,,,1,,,,,,,,,,,,,,,,,,,,,,,1,,,,,,,,,,,,,,,,,,,,,,,,,,,,,,,,,,,,,,,,,,,,1,,,,,,,,,,,,,,,,,,,,,,,,,,,,,,,,,,,,,,,
gaKf8O4iGZi,60503 Raskot Municipality,60503,,,,,,,,,,,,,,,,,,,,,,,,,21,,,,,,,,,,,21,,,,,,,,,,,,,4,,,,,,,,,,,6,,,,,,,,,,,,,,,,,,,,,,,,,2,,,,,,4,,,,,,,,,,,,,,,,,,,,,,,,,,,,,,,1,,,,,,,,,,,,,,6,,,,,,,,,,,,,,,,9,,,,,,,,,,,,,,,,,,,,,,,,,,,,,,,9,,,,,,,,,,,,,,,,,,,,,,,,,,,,,,,,,,,,,,,,,,,,,,,,,,2,,,,,,,,,,,,,,,,,,,,,,,,,,
etsLClmlGvE,70604 Shikhar Municipality,70604,,,,,,,,,,1,,,,,,,,,,,,,,,,,,,,,,,,,,,,,,,,,,,,,,,,,,,,,,,,,,,,,,,,,,,,,,,,,,,,,,,,,,,,,,,,,,,,,,,,,,,,,1,,6,,,,,,,,,,,,,,,,,,,,,,,,,,,,,,,,,,,,,,,,,,,,,,,,5,,,,,,,,,,,,,,,,,,,,,,,,,,,,,,,,,,,,,,,,,,,,,,,,,,,,,,,,,,,,,,,,,,,,,,,,,,1,,,,,,,,,,,,,,,,,,,,,,,,,,,,,,,,
dhBrAUPY3Jt,70301 Byas Rural Municipality,70301,,,,,,,,,,,,,,,,,,,,,,,,,,,,,,,,,,,,,,,,,,,,,,,,,,,,,,,,,,,,,,,,,,,,,,,,,,,,,,,,,,,,,,,,,,,,,,,,,,,,,,,,,,,,,,,,,,,,,,,,,,,,,,,,,,,,,,,,,,,,,,,,,,,,,,,,,,,,,,,,,,,,,,,,,,,,,,,,,,,,,,,,,,,,,,,,,,,,,,,,,,,,,,,,,,,,,,1,,,,,,,,,,,,,,,,,,,,,,,,,,,,,,,,,,,,,,,,,,,,,
dubj3bHIuwU,50801 Devdaha Municipality,50801,,,,,,,,,,,,,2,,,,,,,,,,,,13,,,,,,,,9,,,20,,,,,1,7,,,,,,,4,,4,,,,,,,,,1,,,,11,,,,,,,,,,,,,,,1,,,,,,3,,,1,,,4,,,,5,,,,,14,,,,3,,,,,,,,1,,,,,,,,,,,,,3,,,1,,,,,1,,,1,,,,,,,,2,,7,,,,,,6,,,,14,,,,,2,,,,12,,,,,3,,,,,,,,,,,,,3,,4,,,,1,,,,,,,,,1,,,,,1,,,,,,,,,5,,,,,,2,,,,,,,,,4,,,,,,7,,,,,,,,,,,,,,2,,,1,,,,,,,,1,
aPYWk1hRPYY,40806 Kawasoti Municipality,40806,,,2,3,,,,2,,,,3,,,,34,,,2,,23,32,3,,6,,,12,5,13,14,,,3,,116,,2,5,17,27,,,,,,1,,3,44,2,3,3,,9,1,1,,,32,11,,,19,23,,1,11,,,1,18,,,,,,,16,,,,,7,,12,,19,,6,34,,,,27,,18,,14,,33,,29,5,5,,,,,,9,3,5,6,,,,5,41,,,40,2,,,,7,4,,8,5,1,12,,2,,,15,17,1,,,28,14,,,3,,2,,1,34,54,4,,3,,,,,10,,54,23,,5,2,1,,7,4,,1,,,30,,,13,44,1,,2,2,9,,,1,7,,2,20,,13,3,,,3,,45,,3,,27,,7,1,,,,,34,7,26,2,2,1,,,26,,21,,,,,41,,1,4,,,2,,,,,21,,2,,,,,20,,1,,2,1,,,1,,,,3,,9
rJiz16288V1,70602 Sayal Rural Municipality,70602,,,,,,1,,,,,,,,,,,,,,,,,,,,,,,,,,,,,,1,,,,,,,,,,,,,,,,,,,,,,,,,,,,,,,,,,,,1,,,,,,,,,,,,,,,,,,,,,,,,,,,,,1,,,,,,,,,,,,,,,,,,,,,,,,,,,,,,,,,,,,,,,,,,,,,,,,,,,1,,,,,,,,,,,,,,,,,,,,,,,,,,,,,,,,,,,,,,,,,,,,,,,1,,,,,,,,,,,,,,,,,,,,,,,,,,,,,,,,,,,,,,,,,,,,,,,,,,,,,,,,,,,,
MFzUIoegqtN,20603 Phatuwa Bijayapur Municipality,20603,,,,,,,,,,,1,,,,,,,,,,,,,,,,,,,,,,,,,,,,,,,,,,,,,,,2,,,,,,,,,,,,,,,,,,,,,,3,,1,,,,,,,,,,,,,,,,,,,,,,,,,,,1,,,,,,,,,1,,,,,,,,,,1,,5,,,,,,,,,,,,,,,,,3,,,,,,,,,,,,,,,,,,,,,,,,,,,,,,,,,,,,,,,,,,,,,,,,,,,,,,,,,,,,,,,,,,,,,,,1,,,,,,,,,,,,,,,,,,,,,,,,,,,,,,,,,,,,,,,,,,,,,,,,,
F3Q2FhmSvR9,31005 Manthali  Municipality,31005,,,,,,,,,,,,,1,,,1,,,1,1,1,,,,,,,,,,2,,,,,2,,,,2,1,,,,,,,,,,1,,,,,,1,,,1,5,,,,1,,,,,,,3,,,,,,,2,,,,4,,,,,2,,,1,,,,,,1,,,4,3,,,,,,,,,,2,,,,,,,,5,,,3,,,,,,1,,,,,,,,,,,5,7,,,,,,4,,,,,,,2,,,1,,,,,,,,1,,,,,,,1,,,,,2,,,,1,,,,,2,,,,1,,,5,7,,,,,1,,,,,,,,,,,,,,1,1,,,,,,,,,,,10,,,1,,,,,,,,,,,,,,,,,1,,,,,,2,,,,,,,,,
iCoo4jo8gb7,70407 Shivanath Rural Municipality,70407,,,,,,,,,,,,,,,,,,,,,,,,,1,,,,,,,,,,,2,,,,,,,,,,,,,,,,,,,,,,,,,,,,,,,,,,,1,,,,1,,,,,,,,,,,,,,,,1,,,,,,,,,,3,,,,,,,,,,,,,,,,,,,,,,,,,,,,,,,,,,,,,,,,,,,,,,,,,,,1,,,,,,,,,,,,,,,,,,,,,,,,1,,,,2,,,1,,,,,,,,,,,,,,,,,,,,,,,,,,,,,,,,,,,,,,,,,,,,,,,,,,,,,,,,,,,,,,,,,,,,,,,,,,1,,
EXKX4gJ9D6Y,205 SARLAHI,205,,10,4,5,,105,2,2,,,,,5,1,,27,3,5,2,5,24,,4,,8,7,,87,25,36,14,,,10,,9,4,8,44,,,,9,,,3,4,2,,173,13,1,10,,13,,,2,,,23,,8,127,84,,,27,,4,1,35,,,,10,,2,69,20,,10,13,,8,39,4,14,,8,,,1,,83,2,128,,11,,187,3,,5,21,15,,3,8,10,,30,,,2,,10,,89,,1,16,,,7,,4,8,10,9,7,3,9,57,3,,,5,17,,1,5,103,,,,4,,147,,,1,102,7,2,,,,4,,,,8,10,6,,1,,4,4,,,3,1,3,21,10,10,10,19,8,,,,93,2,,21,47,,6,17,,17,5,,,,4,121,,52,,28,10,54,10,,,46,,132,14,,3,7,10,4,,27,,18,1,102,,2,,,35,1,,6,8,,5,1,,11,,5,,,,,,,,,2,17,2,3,,,3,21,5,,45
JX5rBAArWRn,30911 Roshi Rural Municipality,30911,,,,,,1,,,,,,,1,,,,,,,,,,,,1,,,,,,,,,,,2,,,,1,,,,,,,,,,1,1,,,,1,,,,,1,1,,,,2,,1,,,,,,,,,,,,,,,,,,,,,1,,,,,,,,,,,,,,,,,,,,,,,,,,,,,,,,,,,,,,,,,,,,,,,,,,,,,,,1,,,,,,,,,1,1,,,,,,1,,,,,,,,,,,,,,,,,,,,,,,,1,,,,,,,,,,,1,,,,,,,,,,,,,,,,,,,,2,,,,,,,,,,,,,,,,,,,,,,,,,,,,,,,1,,,,,,,,,,,,,,
PaZ8MJUYoBS,30701 Changunarayan Municipality,30701,,,,,,,,1,,3,,,,,,,,,,,1,1,,,,,,,,,,,,1,,5,,,,,,1,1,,,,,,,,,,,,,,,,,1,,,,1,,,,,,,,,,36,,,,,1,,,,,,,,,2,,,,,,,,,1,,,,,,3,,,,,1,,,1,,,,,,,,,,,1,,,,,,,,,,1,,,,,,,,,,,3,1,,,,,,,,1,,,,1,,,,,1,,,,,,,,1,,,,,,,,,,,,,,,,,1,,,,,,1,,,,,,,,,,,,,,1,,,,,,,2,1,,,,,,,,2,,,,,1,,,,,,2,,,,,1,3,,,,,,,,,,,,,,,18,,,,,
yxV18PSNcMh,20406 Loharpatti Municipality,20406,,,,,,,,,,,,,,,,,,,,4,,,,,,,,,,,,,,1,,,,,,,,,,,,,,,,,,,,,,,,,,,,,,,,,,,,,,,,,,,,,,,,,,,,,,,,,,,,,,,,,,,,,,,,,,,,,,,,,,,,,,,,,,,,,,,,,,,,,,,,,,,,,,,,,,,,,,,,,,,,,,,,,,,,,,,,,,,,,,,,,,,,,,,,,,,,,,,,,,,,,,,,,,,,,,,,,,,,,,,,,,,,,,,,,,,,,,,,,,,,,,,,,,,,,,,,,,,,,,,,,
MEAf91SGUMb,50305 SWARGADWARI MUNICIPALITY,50305,,,,,,,,,,1,,,,,,2,,,,,,,,1,33,,,,,,,,,,,65,,,,,,1,,,,,,,16,163,,,,,1,,,,,1,3,,,,,,,1,,,,,,,,,,,,,,,1,,,,,1,,,26,,,,2,,1,,,,3,,4,,,,,,,,1,,,,,,,,1,,,1,,,,,,,,1,,,,,,1,,,1,,,,,7,,,1,,77,,,30,1,,,1,,,,,,,,,,,,,,,,,,,,1,,,3,1,,,12,,,,,2,,,,,,,,,,,,,,,,,,,1,,,,,,,,,,,,,,,,,,,1,,,,,,,1,,,,,,,1,,,,,1,1,4,,,,,,,,,1,,,
TfXLISHWMds,50501 Chhatradev Rural Municipality,50501,,,,,,,,,,,,,,,,,,,,,,1,,,,,,,,,,,,,,,,,,,,,,,,,,,,,,,,,,,2,2,,,,,,,,,,,,,,,,,,,,,,,,,,,,,,,,1,,,,,,,,,,2,1,,,,,,,,,,2,,,,,,,,,,,,,,,,,,,4,,,,1,,,,,,,,,,,,,,,,,,,,,,,,,,2,,,,,,,,,,,,,,,,,2,,1,,,,,,,,,,,,,,,,,,,,,,,,,,,,,,,1,,,,,,,,,,,,1,,,,,,,,,,,,,,,,,,,,,,,,,,,,,,,,,,,,,
pyw6x7rguen,10305 Thulung Dudhkoushi Rural Municipality,10305,,,,,,11,,,,,,,,,,,,,,,,,,,1,,,,,,,,,,,4,1,,,,1,,,,,,,1,1,,,,,,1,,,,,1,,,,,2,,,1,,,,1,,,,,,,,,,,2,,,,,1,,,1,,,,,,,,,4,1,,,1,,,,,,,,,,,,,,,1,,,2,,,,,,,,,,,,,,,,,,1,,,1,,,,,,,,,2,,1,,,,,,,2,,,,,,,,,,,,,,,,,,2,,,,,,,,,,,,,,1,,,,,,,2,,,,1,,,,,,,,1,2,1,,1,,,,,,,,1,,,2,,,,,,,,,,,,,,,,,,,,,,,,,,,,,,,,
hu537WWQLab,60106 Thulibheri Municipality,60106,,,1,,,,,,,,,,,,,2,,,,,,1,,,,,,,,,,,,,,1,,,,,,,,,,,,,,,,,,,,,,,,,1,,,,1,,,,,,,,,,,,,,,,,,,,,,,,,,,,,,,,2,,,,3,,,,,6,,,,,,,,,,,,,1,,,,,,,,,,,,,,,,,,,,,,,,,,,,,,,,,1,1,,,,,,,,,,,,,,,,,,,,,,,,,,,,,,,,,,,,,,,,,,,,,,,,,,,2,,,,,,,,1,,,,3,,,,,,,,,,,,,,,,,,,,,,,,,,,,,,,,,,,,,,,,,,,
DIGqwFpoqoL,31007 Doramba Rural Municipality,31007,,,,,,,,,,,,,,,,,,,,,1,,,,,,,,,,1,,,,,,,,,,,,,,,,,,,,,,,,,,1,,,,,,,1,,,,1,,,,1,,,1,,,,,1,,,,,,,,,,,,,,,,,,,,1,,,,,,,,,1,,,,,,,,,,1,,,,,,,,,,,1,,,,,,,,,,,,,1,,,,,,,,,,,,,,1,,,,,,1,,,,,,,,,,,,,2,,,1,1,,,,,,,,,,,,3,,,,,,,,1,,,,,,,1,,,,,,4,,,,,,,1,,,,1,,,,,,,,,,,,,,,,,,,,,,,,,,,,,,,,,,,
jUSkmeSh1bB,20109 BodeBarsain Municipality,20109,,,,,,,,,,,,,,,,,,,,,,,,,,,,,,,,,,,,,,,,,,7,,,,,,,,,,,,,,,,,,,,,,,,,,,,,,,,,,,,,,,,,,,,,,,,,,,,,,,,,,,,,,,,,,,,,,,,,,,,,,,,,,,,,,,,,,,,,,,,,,,,,,,,,,,,,,,,,,374,,,,,,,,,,,,,,,,,,,,,,,,,,,,,,,,,,,,,,,,,,,,,,,,,,,,,,,,,,,,,,,,,,,,,,,,,,,,,,,,,,,,,,,,,,,,,,,,,,,,,,,
IrlWkahBEKS,11403 Triyuga Municipality,11403,,2,,,,,,,,,,,,,,,,,,,,2,,,1,,,,,1,,,,,,1,,,,3,,,,,,,,,,,,,2,,,,,,,,1,,,1,,,,1,,,,,,,,,,,,,,,,,,,,,,,,,,,,,,,1,,,,,,,,1,,,,3,,,,,,,,,,,,,,,,,,,1,10,,,,,,,,,,,,,1,,,,,,,,,,,,,,,,,,,1,,,,,,,,,,,,,,,,,,,,,,2,,,,,,,,,,,,,,,,,,1,10,,1,,,,,,2,,27,,,,,,,,,,,,,3,,,,,,,,,,,,,,,,,,6,,1,,,,,,,,,,,,
KvtJex2PPNq,20704 Parawanipur Rural Municipality,20704,,,,,1,,,,,,,,,,,,,,,,,,,,,,,,,,,,,,,23,,,,,,,,,,,,,,,,,,,1,,,,,,,,,,,,,,,,,,,,,,,,,,,,,,,,,,,,,,,,,,,,,,,,,,,,,,,,,,,,,,,,,,,,,,,,,,,,,,,,,,,,,,,,,,,,,,,,,,,,,,,,,,,,,,,,,,,,,,,,,,,,,,,1,,,,,,,,,,,,,,,,,,,,,,,,,,,,,,,,,,,,,,,,,,,,,,,,,,,23,,,,,,,,,,,,,,,,,,,,,,,,,,
gIwoGLpdBl1,10106 Phungling Municipality,10106,,,,1,,,,,,,,,,,,3,,,,,,1,,,,,,,,,,,,,3,,,,,1,,,3,,,,,4,,,,,,,4,,7,,,,,,,3,,,,,,,3,,,,1,,,,3,,,1,,,,,,,,,,,,,14,3,,,,3,,,,,,6,,,,7,5,,,3,,,,1,,,,,,,,,,,,,,,,5,,,,,,2,6,,,,,,,,,,,,,,,,,,1,,,,1,,,,,,,14,,,,,,3,,,,1,,,,1,,,,,,,,2,2,1,,,,,,1,,,,9,,,,,,7,3,,,,,,,,,,,,,4,,,,,,,,,,,,,,,4,,,1,,,5,,,,,,,,,,1,,,,4
A0M7yWhXSEE,60705 Shivalaya Rural Municipality,60705,,,,,,,,,,,,,,,,,,,,,,,,,,,,,,,,,,,,,,,,,,,,,,,,,,,,,,,,,,,,,,,,1,,,,,,,,,,,,,,,,,,,,,,,,,,,,,,,,,,,,,,,,,,,,,,,,,,,,,,,1,,,,,,,,,,,,,,,,,,,,,,,,,,,,,,,,,,,,,,,,,,,,,,,,,,,,,,,,,,,,,,,,,,,,,,,,,,,,,,,,,,,,,,,,,,,,,,,,,,,,,,,,,,,,,,,,,,,,,,,,,,,,,,,,,,,,,,,,,,,,
BVLET8oBWxi,40709 Bandipur Rural Municipality,40709,,,,,,,,,,,,,,,,,2,,,,,1,,,,,,,1,1,,,,,,1,,,,,,,,,,,,,,,,,,,,,2,,,,,,,,1,,,1,,,,,,,,,,,,,,,,,,,,,,,1,,,,1,,,,,1,,,,,,,,,,,,,,,,,,,,,,2,,,,,,,,,,,,1,,,,,1,1,,1,,,,,,,,,,,1,,,,,,,,,,,,,,,,1,,,,,,,1,,,,1,,,,,,,,,,,,,1,,,,2,,,,,,,,,,,,,,,,1,1,2,,,,,,,,,1,,,,,,,,,,,,,,,1,,,,,,1,,,,,,,,,,,,,,
t9XsLKdMwA1,709 KANCHANPUR,709,,,9,1,,12,,,,,,3,,2,,5,,,,,7,,1,6,4,,,4,12,,,,,4,1,56,5,,3,,8,,,,,1,,3,1,33,,,,,7,,10,,,16,9,,,3,29,,,22,,,2,,,,,,,,7,8,,,9,,1,,,11,,,9,,,1,1,1,,,,11,11,,,,,2,,,,,,,,,1,,,,9,,,,5,,3,,1,,,6,90,,,8,2,1,,,6,,,,7,8,,,5,,1,,,17,22,8,,,1,,,,,,6,4,,,2,,1,,,,,,,17,1,,5,5,,,1,,7,,,4,,,,15,,,,,,3,,10,,,1,95,,,,,,,,2,8,17,,3,,,,13,,,,,,1,,,1,2,,,6,,2,,,,6,,,,,,,9,,,,3,,1,,,,2,2,,5
FQn7IHD6JHR,41109 Bareng Rural Municipality,41109,,,,,,1,,,,,,,,,,,,,,,1,3,,,,,,,,,,,,,,4,,,,1,3,,,,,,,,,,,,,,,,1,,,2,,,,,,,,1,,,,2,,,,,,,,,1,,,,,,,,,,1,,,,2,,2,,,,,,,,,,,,,,,,,,,,,,1,,,,,,,,,,,,,,,5,,,,,,5,,,,,,,,,,,,1,1,1,,,,1,,,,,1,,,,,,,,,,,,,,,,2,,,,,,,,,,,,,,,1,,,,2,,1,,,,1,,,,,,,,3,1,,,,,,,,,,,4,,,2,,,,,,,,,,,,2,,,,,,1,1,,,,,,,,,,,,,
HFEaEcs9ap6,20519 Kaudena Rural Municipality,20519,,,,,,,,,,,,,,,,,,,,,,,,,,,,,,,,,,,,,,,,,,,,,,,,,,,,,,,,,,,,,1,,,,,,,,,,,,,,,,,,,,,,,,,,,,,,,,,,,,,,,,,,,,,,,,,,,,,,,,,,,,,,,,,,,,,,,,,,,,,,,,,,,,,,,,,,,,,,,,,,,,,,,,,,,,,,,,,,,,,,,,,,,,,,,1,,,,,,,,,,,,,,,,,,,,,,,,,,,,,,,,,,,,,,,,,,,,,,,,,,,,,,,,,,,,,,,,,,,,,,,
eAdrPiTtmhE,60902 Kumakh Rural Municipality,60902,,,,,,,,,,,,,,,,,,,,,,,,,,,,,,,,,,,,,,,,,,,,,,,,,,,,,,,,,,,,,,,,,,,,,,,,,,,,,,,,,,,,,,,,,,,,,,,,,,,,,,,,,,,,,,,,,,,,,,,,,,,,,,,,,,,,,,,,,,,,,,,,,,,,,,,,,,,,,,,,,,,,,,,,,,,,,,,,,,,,,,,,,,,,,,,,1,,,,,,,,,,,,,,,,,,,,,,,,,,,,,,,,,,,,,,,,,,,,,,,,,,,,,,,,,,,,,,,,,,,
n4WyWRzfTV1,50502 Malarani Rural Municipality,50502,,,,,,,,,,,,,,,,,,,,,1,3,,,,,,,,,,,,,,,,,,,4,,,,,1,,,,,,,,,1,,,,,,1,,,,,,,,,,,,,,,,,,,,,,,,,,,,,,,,,,,,3,,,1,1,,1,,,,,,,,,,,,,,1,,,,,,,,,,,,,1,,,,,,,,,3,,,,,,,,,,,,,,,,,,,,,,,,,,,,,,,,,,,,,,,,,,,,,,1,,,,,,,,,,,,,,,1,,,,,,,,,,,,,,,,,,,,,,,,,,1,1,,,,,,,,,,,,,,,,,,,,,,,,,,,,,,,,
TqbInE7SzD9,70507 Ganyapdhura Rural Municipality,70507,,,,,,,,,,,,,,,,,,,,,,,,,,,,,,,,,,,,,,,,,,,,,,,,,,,,,,,,,,,,,,,,,,,,,,,,,,,,,,,,,,,,,,,,,,,,,,,,,,,,,,,,,,,,,,,,,,,,,,,,,,,1,,,,,,,,,,,,,,,,,,,,,,,,,,,,,,,,,,,,,,,,,,,,,,,,,,,,,,,,,,,,,,,,,,,,,,,,,,,,,,,,,,,,,,,,,,,1,,,,,,,,,,,,,,,,,,,,,,,,1,,,,,,,,,,,,,,,,,,,,,
JliQ0BJSGqa,30908 Namobuddha Municipality,30908,,,,,,4,,,,2,,,,,,,,,,,,1,,,,,,1,,,,,,,,,,,,,3,,,,,,,,,2,,,,,,,,,,,,,1,1,1,,,,,,,3,,,,,,,,2,,,2,,,,,3,,,,,,,,,,,1,1,2,,2,,,,,,,,,,,,,,,,3,,,4,,,,,,,,1,,,,1,,,,,4,,,,2,,,1,,,,,,,2,1,,,,,,,,,,,,,,,,,,,,,,3,,,3,3,,,,,,,,,,,,,,,,,,,,4,,,,1,,2,,,,,,2,,1,,,,,,,,,,,,,1,,,,,,,,,,,,,,,,,,,,,,,,,1,,,,1,,,
FKmy9u2N6bi,50506 Shitaganga Municipality,50506,,,,,,,,,,,,,,1,,,,,,,,,,,,,,,1,,,,,,,,,,,,3,,1,,,,,,,,,,,,,,,,,,,,,1,,,,,,,,1,,,,,,,,,,,1,,,,,1,,,,,,,,,,,,,,,,,,1,,,,,2,,,,,,,,1,,,,1,,,,,,,,,,,,,,,,,,,,,,,,1,,,,,,1,,,,,1,,,,,,,,,,,,,,,,,,,,,,,,1,,1,,,,,,,,,,,,,,2,,1,,,,,,,,,,,,1,,1,,,,,,,,,,,,,1,,,,,,,,,,,,,,,,,,,,,,,,1,,,,,1,,,
IGnDwGml3CS,30107 Melung Rural Municipality,30107,,,,,,,,,,,,,,,,,,,,,,,,,,,,,,,,,,,,,,,1,,,,,,,,,1,,,,,,,1,,,,,,,,,,,,,,,,,,,,,,,,,,,,,,,,,,,,,,,,,,,,,,1,,,,,,,,,,,,,,,,,,,,,,,,,,,,,,,,,,,,,,1,,,,,,,,,,,,,,,,,,,,,,,,,,,,,,,,,,,,,,,,,1,,,,,,,,,,,,,,,,,,,,,,,,,,,,,,,,,,,,1,,,,,,,,,,,,,,,,,,,,,,,,,,,,,,,,,1,,,,,,,,,,
Fg5SMJO2RrG,11003 Ilam Municipality,11003,,1,,,,8,,,,,,,,,,,,,,,,,,,29,,,20,,,,,,,,71,,,,,,,,,,,,,,11,,,1,,,,,,,32,,,,,,5,,,,,,,,,,,,,10,,,,,,,5,,,,,,,,,,,,,,1,3,,,,,,,,,,,,,,10,,1,,3,,,,,,,,10,,,,,,,,,16,,,,,,,6,,,,,9,5,,,26,1,,,,,,,,,,,,,,6,,,,,,7,,,,,,,,,,13,,,,,,,,,,,,,,,,4,,,,,1,,,,,,,,,,,,3,,,,12,,,,,,,,,11,,,5,13,,,,,,,,,,,,,,,,,5,,,,,,,9,,
JLE1LepTKt0,31204 Raksirang Rural Municipality,31204,,,,,,,,,,,,,,,,,,,,,,,,,,,,,,,,,,,,,,,,,,,1,,,,,,,,,,,,,,1,,,,,,,,,,,,,,1,2,,,,,,,,,,,2,,,,,,,,,,,,,,,,1,,,,,,,,,,,,,,,,,,,,1,,,,,,,,1,,,,,,,,,,,,,,,,,,,,,,,,,,,,,,,,,,,,,,,,,,,,,,,,,1,,,,,,,,,,,,,,,,,,,,,,,,,,,,,,,,,,,,,,,,,,,,,,,,,,,,,,,,,,,,1,,1,,,,,,,,,,,,,,,,,,,,,
n9JZhYXpYA5,20512 Chakraghatta Rural Municipality,20512,,,,,,,,,,,,,,,,,,,,,,,,,,,,,,,,,,,,,,,,,,,,,,,,,,,,,,,,,,,,,,,,,,,,,,,,,,,,,,,,,,,,,,,,,,,,,,,,,,,,,,,,,,,,,,,,,,,,,,,,,,,,,,,,,,,,,,,,,,,,,,,,,,,,,,,,,,,,,,,,,,,,,,,,,,,,,,,,,,,,,,,,,,,,,,,,,,,,,,,,,,,,,,,,,,,,,1,,,,,,,,,,,,,,,,,,,,,,,,,,,,,,,,,,,,,,,,,,,,,,
wZeA8yZcimo,40705 Bhimad Municipality,40705,,,,,1,1,,,,,,,,,,,,,,,,2,,,,,,,,,1,1,,,,,,,2,1,1,,,,1,,,,,1,,,1,,3,,,,,,,,,5,3,,,,,,,,,,,1,1,,1,2,1,,4,1,,,,1,,,,,,,,,,,,,7,,,,,,,,1,,1,,,,,,,,2,,,1,,,3,,,,,1,,,1,1,,,1,,2,,,,,,,,2,,1,,,,2,,,,,1,,,,,3,,,,,,,,,,,,,2,,,4,12,,1,,,,,,,,,,1,,2,,,,1,1,2,,,,1,,,4,1,,,,,,1,,1,,,,,,8,,1,,,1,,,,,,,,,,,1,,,,,,,2,,,,,,,2,,,,,,,
ecKPJ6Bonyc,60201 Mugumkarmarog Rural Municipality,60201,,,,,,,,,,,,,,,,,,,,,,,,,,,,,,,,,,,,,,,,,,,,,,,,,,,,,,,,,,,,,,,,,,,,2,,,,2,,,,,,,,,,,,,,,,,,,,,,,,,,,,,,,,,,,,,,,,,,,,,,,,,,1,,,,,,,,,,,,,,,,,1,,,,,,,,,,,,,,,,,,,,,,,,1,,,,,,,,,,,,,2,,,,,,,,,,,,,,,,,,,,,,,,,,,,,,,,,,,,,,,1,,,,,,,,,,,,,,,,,,,,,,,,,,,,,,,,,,1,,,,,,,,,,
IJwWcZ3Smdq,60611 Gurans Rural Municipality,60611,,,,,,,,,,,,,,,,1,,,,,,1,,,,,,,1,,,,,,,3,,,,,,1,,,,,,,,,,,,,,,,,,2,,,,,,,,,,,,,,,,,,,,2,,,3,,,,,,,,,,,,,,,,,1,,,,,,,,,,,,,,,,,,,2,,,,,,,,,,,,,,,,,,,,,,,,,1,,,,,,,,,2,,,1,,,,,2,,,,,,,,1,,,,,,,,,,,,,,,1,,,,,,,,,,,,,,,,,,,,,,,,,,,,,2,,,,,,,,,,,1,,,2,,,,,,,,,,,,,,,,,,,,,,,,,,,,,,,,
M8lAYwHcRvR,30805 Mahankal Rural Municipality,30805,,,,,,,,,,,,,,1,,1,,,,,,1,,,,,,,,,1,,,,,1,,,,,3,,,,,,,,,,,,,,,,2,,,,,,,3,1,,,,,,,,,,,,,,,1,,,,,,,,,,,,,,,2,,2,,,1,,,1,,,,,,,,2,,,,,,2,,,,,,,,,,,,,,,,,2,,,,,,,,,1,,,1,,,,,,1,1,,,,,,,,3,,,,,,,,,,,,,,,,,,,,,,,,2,,,,,,,,,,,,,,,,,,,,,,,,,,,5,,1,,,,,,1,,1,,,,,6,,,,,,,,,,,,,,,,,,,,,,,,,,,,,2,,,
Sd2ztZ039KO,20514 Dhanakaul Rural Municipality,20514,,,,,,,,,,,,,,,,,,,,,,,,,,,,,,,,,,,,,,,,,,,,,,,,,,,,,,,,,,,,,,,,,,,,,,,,,,,,,,,,,,,,,,,,,,,,,,,,,,,1,,,,,,,,,,,,,,,,,,,,,,,,,,,,,,,,,,,,,,,,,,,,,,,,,,,,,,,,,,,,,,,,,,,,,,,,,,,,,,,,,,,,,,,,,,,,,,,,,,,,,,,,,,,,,,,,,,,,,,,,,,,,,,,,,,,,,,,,,1,,,,,,,,,,,,,,,,,,,,,,,
TYaXBMXX7nl,60608 Narayan Municipality,60608,,,,,,1,,,,,,,,,,2,,,,1,2,,,,,,,,,,,,,,,2,,,2,,,,,1,,,,1,,,,,,,4,,5,,,2,1,,,,2,,,10,,,,5,,7,2,,1,,,,9,,8,,,,,,,,,,,3,2,,1,,,,2,,1,,,,,,,,,,,,,,,,3,,,,,,,,,1,,,,,,18,,,,,,2,,,,,,,,,,,,,,,,,,,,,,,3,5,,,,,1,1,,,,,,2,,,5,2,,,,,,,,,,,,2,,,,,,,,2,,,,3,,1,1,,,,,1,10,,,,,,,,,1,,1,,,1,,,,,,,,,,,,3,,,,,,4,,,,,,,,,,,,,,
f7uSgiSErsd,10907 Tumbewa Rural Municipality,10907,,,,,,,,,,,,,,,,,,,,,,,,,,,,,,,,,,,,,,,,,1,,,,,,,,,,,,,,,,,,,,,,,,,,,,,,,,,,,,,,,,,,,,,,,,,,,,,,,,,,,1,,,1,,,,,,,,,,,,,,,,,,,,,,,,,,,,,,,,,,,,,,,,,,,,,,,,,,,,,,,,,,,,,,,,,,,,,,,,,,,,,,,,,,,,,,,,,,,,,,,,,,,,1,,,,,,,,,,,,,,,,,,,,,,,,2,,,,,,,,,,,,,,,,,,,,,,,,,,,,,1,,,
HfIRB3HRHvk,307 BHAKTAPUR,307,,,,,,,,1,1,3,,,1,,,,,,,1,1,2,1,1,1,,,1,,,,,,3,,10,,1,,,1,1,1,,,,,1,,1,1,,,,1,,,,,2,,,,1,1,,,1,,1,1,1,,36,5,,,,2,,,,,,,1,,3,,,,,,,1,,2,,,,2,,3,,,1,,2,,,1,,,,,,,,1,,,1,,,,,,,1,,,2,,,,1,,,,,,1,3,1,,,,,1,1,,4,3,,,1,,,1,,1,1,1,,,,,,1,1,,,2,,,1,,,2,7,,,,,,1,,,,1,,1,,1,,,,1,,1,,1,,1,,2,,,1,,,,3,5,,1,,,,,,2,,,,,1,,2,,,,3,,1,,,1,3,1,,,,,,,,,,,,,,18,,,,,
JXNsFanZyrp,60805 Tribeni Rural Municipality,60805,,,,,,1,,,,,,,,,,,,,,,,,,,,,,,,,,,,,,1,,,,,,,1,,,,,,,,,,,,,,,,,1,,,,,,,,,,,,,,,,,,,,,,,,,,,,,,,,,,,,,,,,,1,,,,,,,,,,,,,,,,,,,,,,,,,,,,,,,,,,,,,,,,,,1,,,,,,,,,,,,,,,,,,,,,,,,,,,,,,,,,,,,,,,,,,,,,,,,,,,,,,,,,,,,,,,,,,,,,,,,,1,,,,,,,,,,,,,,,,,,,,,,,,,,,,,,,,,,,,,,,,,,,
oEJ9zGHQD3W,11307 Duhabi Municipality,11307,,,,,,,,,,,,,,,,,,,,,,,,,,,,,,,,,,,,,,,,,,,,,,,,,,,,,,,,,,,,,,,,,,,,,,,,,,,,,,,,,,,,,,7,,,,,,,,,,,,,,,,,,,,,,,,,,,,,,,,,,,,,,,,,,,,,,,,,,,,,,,,,,,,,,,,,,,,,,,,,,,,,,,,,,,,,,,,,,,,,,,,,,,,,,,,,,,,,,,,,,,,,,,,,,,,,,,,,,,,,,,,,,,,,,,,,,7,,,,,,,,,,,,,,,,,,,,,,,,,,,
Wx8c91bQTKe,10401 Chishankhu Gadhi Rural Municipality,10401,,,,,,,,,,,,,,,,,,,,,1,,,,,,,,,,,,,,,,,,1,,,,,,,,,,,,,,,,,,,,,,,,,,,,,,,,,,,,,,,,,,,,,,,,,,,,,,,,,,,,,,,,,,,,,,,,,,,,,,,,,,,,,,,,,,,,,,,,,,,,,,,,,,,,,,,,,,,,,,,,,,,,,,,,,,,,,,,,,,,,,,,,,,,,,,,,,,,,,,,,,,,,,,,,,,,,,,,,,,,,,,,,,,,,,,,,,,,,,,,,,,,,,,,,,,,,,,,,,,,,
ZjTMit6BH52,61001 Simta Rural Municipality,61001,,,,,,1,,,,,,,,,,,,,,,,,,,,,,,,,,,,,,,,,,,,1,,,,,,,,,,,,,,,,,,,,,,,,,,,,,,,,,,,,,,,,,,,,,,,,,,,,,,,,,,1,,,,,,,,,,,,,,,,,,,,,,,,,,,,,,,,,,,,,,,,,,,,,,,,,,,,,,,,1,,,,,,,,,,,,,,,,,,,,1,,,,,,,,,,,,,,,,,,,,,,,,1,,,,,,,,,,,,,,,,,,,,,,,,,,,,,,,,,,,,,,,,,,,,,,,,,,,,,,,,,,,
PWXmspiItoE,60305 Sarkegad Rural Municipality,60305,,,,,,,,,,,,,,,,,,,,,,,,,,1,,,,,,,,,,,,,,,,,,,,,,,,,,,,,,,,,,,,,,,,,,,,,,,,,,,,,,,,,,,,,,,,,,,,,,,,,,,,,,,,,,,,,,,,,,,,,,,,,1,,,,,,,,,,,,,,,,,,,,,,,,,,,,,,,,,,,,,,,,1,,,,,,,,,,,,,1,,,,,,,,,,,,,,,,,,,,,,,,,,,,,,,,,,,,,,1,,,,,,,,,,,,,,,,,,,,,,,,,,,,,,,,,,,,,,,,,2,,,,
ReAGX6NhTe1,30512 Kakani Rural Municipality,30512,,,,,,,,,,,,,,,,,,,,,1,,,,1,,,,,,,,,,,1,,,,1,,,,,,,,,,2,,,,,,,,,,1,1,,,,,,,1,1,,,1,,,,,,,,1,,,1,,,,,,,,,,,,1,,,,,,1,,1,,,,,,,,1,,,,,,,,1,,,4,,,,,,,,,,,,,,1,,,,,,,,,,,,,,,,,,,,,,,,,,,,,,,,,,,,,,,,,,,,,,,,,1,,,,,,,1,,,,,,,,,,,,,,,,,,,,,,,,,,,,,,,,,,,2,,,,,,,,,,,2,,,,,,,,,,1,,,,,,,,,,,
kkBHXOIpD2O,20309 Sabaila Municipality,20309,,,,,,,,,,,,,,,,,,,,,,,,,,,,,,,,,,,,,,,,,,,,,,,,,,,,,,,,,,,,,,,,,,,,,,,,,,,,,,,,1,,,,,,,,,,2,,,,,,,,,,,1,,,,,,,,,,,,,,,,,,,,,,,,,,,,,,,,,,,,,,,,,,,,,,,,,,,,,,,,,,,,,,,,,,,,,,,,,,,,,,,,,,,,,,,,,,,,,,,,,,,,,,,,,,,,,,,,,,,1,,,,,,,,,,,,,,,2,,,,,,,,,,,,,,,,,,,,,,,,,,,,
EfOP3rwkan2,20504 Barahathawa Municipality,20504,,10,1,5,,13,1,2,,,,,,1,,27,3,5,,5,24,,4,,8,7,,4,21,,14,,,10,,8,2,8,9,,,,9,,,3,4,2,,27,,1,10,,13,,,1,,,19,,,,10,,,27,,4,1,35,,,,,,2,17,20,,10,13,,8,6,4,14,,7,,,,,,2,,,10,,,3,,,5,15,,3,,,,,,,,,10,,,,1,16,,,,,4,8,,9,7,,7,,3,,,5,17,,1,4,18,,,,,,1,,,,21,,2,,,,4,,,,8,10,,,1,,4,,,,3,1,3,21,9,10,10,19,8,,,,,2,,19,,,5,17,,17,5,,,,,14,,,,28,10,,10,,,,,,13,,3,,5,,,27,,18,,,,2,,,7,1,,6,8,,5,,,11,,,,,,,,,,,2,17,2,3,,,3,21,5,,10
MC8LYtFGC0z,41104 Tamankhola Rural Municipality,41104,,,,,,,,,,,,,,,,,,,,,,,,,,,,,,1,,,,,,3,,,,,,,,,,,,,,2,,,,,,,2,,,1,,,,,1,,,2,,,,1,,,,,,,1,,,,2,,,,,1,,,,,,,,,,,,2,,,1,,,,,,,,,,,,,,,,,,,,,,,,,,,1,1,,,2,,,,,2,,,,,,,,,,,,,2,1,,,1,,,,,,,,1,,,,,,,,,,,,,,,,3,,,,,1,,,,,,,,,,,,,,,,,,,1,,,,,,,,,,,,,,1,,1,,,,,,,,,,,,,,,,,,,1,,1,,,,,,,,,,,,,,,,1,,
uyBa1m2x09F,40305 Thasang Rural Municipality,40305,,,,,,,,,,,,,,,,1,,,,,,,,,,,,,,,,,,,,,,,,,,,,,,,,,,,,,,,,,,,,,,,,,,,1,,,,,,,,,,,,,,,,,,,,,,,,,,,,,,,,,,,,1,,,,,,,,,,,,,,,,,,,,,,,,,,,,,,,1,,,,,,,,,1,,,,,,,,,,,,,,,,,,,,,,,,,,,,,,,,,,,,1,,,,,,,,,,,,,,,,,,,,,,,,,,,1,,,,,,,,,,,,,,,,,,,,,,,,,,,,,,,,,,,,,,,2,,,,,,,,,,,,,,
cp9IiyIrpjA,10803 Menchhayayem Rural Municipality,10803,,,,,,,,,,,,,,,,,,,,,2,,,,,,,,,,,,,,,1,,,,,,2,,,3,1,,,,,,,,,1,,1,,,1,,,3,1,,,,1,,,,,,,,,,,,1,,,1,,,,,,,,,,,,,,,,,1,,,1,,,,,,,,,,,,,,,,2,,,,,,,,,,,,,,,3,,,,,1,,,1,,,,,2,,,,,,2,,,2,1,3,,,,,,,,,,,,,,,,,,,,,,,,,,,,,,,,,,,,,,,,,,,,,,,,,,,,,,,,,,,,,,,,,,1,,,,,,,,,,,,,,,,,,,,,,,,,,,,,,,,,,,
KIBbwbvjwaR,31307 Madi Municipality,31307,,,,2,,4,,,,1,1,,,1,,27,,,,,5,13,1,,,2,,,2,10,7,,,,,12,,2,5,1,29,,6,,,,,,,9,,3,3,,4,,14,,,9,24,,2,31,11,,,14,,,,6,,,,4,,,7,11,,,13,1,,2,,9,,,,,,,14,,12,,4,12,9,,8,,4,28,,,,,18,,3,,,,6,8,4,,,5,,,1,,,2,,2,,,6,13,5,,,7,2,12,,3,13,,,2,4,,9,,,3,11,,,5,1,6,,,,,14,1,10,,,,,,1,,,,2,6,1,4,14,10,2,,,,25,,,13,,,,21,,5,,,,2,,6,,4,1,20,,4,,,,7,,14,4,6,,,,,,16,,5,,6,,,14,,,,,,,,,,,3,9,,,1,,,,1,,8,,1,1,,,,,8,,,3
hasbXH0dTqM,106 BHOJPUR,106,,,,,,4,,1,,,1,,,1,,1,,,,,4,6,,,17,1,1,1,1,,7,,,,,37,2,,1,1,7,,1,,,,,,,7,,2,,,2,,3,,,9,4,,,5,1,2,3,8,,,1,4,,,,,1,,3,6,,,4,,13,,,3,,,,,,,2,,6,,,,4,,5,,1,4,,,,,10,1,1,1,1,,2,,7,,1,6,,,,,2,,,,1,1,,6,,2,,1,4,8,1,,8,3,1,,,1,2,,,12,4,,1,5,,,,,,,15,,,,1,,1,1,,1,1,,,4,1,,4,4,1,,,1,6,,,2,,,,2,2,3,,1,,,,7,,,,6,,1,3,,1,,1,11,7,4,,1,1,,1,4,,2,,8,,,6,,1,,,,13,,,,,2,4,,,1,,,7,1,2,,,,,,,,,3,18,,1
ZkUs4cVAgqm,40704 Shuklagandaki Municipality,40704,,,,,,1,,,,,,,,,,3,,,,6,2,7,,,2,1,,,,2,3,,,2,,2,,8,,2,6,,,,,,1,,,,2,,,,4,,,,,,,,,3,,,,,,,,,,,,2,,,1,2,2,,1,,,,,24,,,,,,,3,,5,,,2,,,1,,,,,,,,2,3,,1,,,,3,6,,,,,,,,,1,,13,,,,,,,,,2,,,1,2,,,,,,,,,2,5,,,,,,,,,,,1,2,2,,,,,,,,,2,9,,,,12,,2,2,2,1,,,,2,,,2,,1,,,,,1,2,,,,,,4,,,,,,4,,,,,,,,,,32,,,,,5,,1,,,,,,1,,1,,,,,1,,,2,,,,,,,,,,,1,,,
P53hVYydxdc,607 JAJARKOT,607,,,,1,,3,,,,,,,,,,2,2,,,,2,2,,,,2,,,,,3,,,3,,9,,3,,,2,1,,1,,,,1,,,,,,5,4,,1,,,5,2,,1,3,2,,,,,1,1,4,,,,,,,,2,,,,,,5,,1,,,2,,,,,,,,,3,1,,1,5,,15,,,,,4,1,1,,,,2,,11,,1,40,,,2,,,1,,1,,,8,3,,,,1,3,,,4,4,,,2,4,,,,,2,8,2,1,1,,1,1,,,,,1,,,1,,,,,,,,,4,1,1,9,5,,,,,1,,,,,,,4,,4,,,,1,,2,,,,15,,2,,2,,,,5,2,,20,,,,,1,,3,,,,,1,,,,,,,,,,,,,,,,,,,,,,1,,,,,,,3,,,3
txapzBqXqYv,11216 Dhanapalthan Rural Municipality,11216,,,,,,,,,,,,,,,,,,,,,,,,,,,,,,,,,,,,,,,,,,,,,,,,,,,,,,,,,,,,,,,,,,,,,,,,,,,,,,,,,,,,,,,,,,,,,,,,,,,,,,,,,,,,,,,,,,,,,,,,,,,,,,,,,,1,,,,,,,,,,,,,,,,,,,,,,,,,,,,,,,,,,,,,,,,,,,,,,,,,,,,,,,,,,,,,,,,,,,,,,,,,,,,,,,,,,,,,,,,,,,,,,,,,,,,,,,,,,,,,,,,,,,,,,,,,,,,,,,,,
bWmwn3sMsG0,506 PALPA,506,,,2,5,,67,1,9,1,34,2,,,40,,66,,,,30,70,77,3,6,1,10,,5,,8,51,,,3,,181,,16,22,20,51,3,66,2,4,7,,2,,41,3,12,3,1,14,,69,,,56,2,,1,31,56,,,4,,,8,47,,12,5,1,2,5,20,55,3,,61,2,,4,1,60,3,10,43,,,3,27,,71,,5,76,67,,110,7,3,43,,1,,,80,2,1,4,,,2,1,91,,2,47,,3,4,,3,1,,26,,,25,66,2,,,18,55,53,5,2,28,23,,3,1,,,,1,56,47,1,,61,3,29,3,,2,,32,19,,1,,,4,,6,,,,,64,13,4,7,70,10,1,1,2,35,2,,1,4,,,65,16,44,,,,1,,49,,2,2,38,,17,,2,,29,20,41,28,95,3,,,1,,23,,32,,42,,6,75,,,16,,,3,,,,30,25,36,3,,12,,3,47,,,1,3,1,1,7,7,2,,72,1,,5
RSAZqrdfXy5,708 KAILALI,708,,,3,3,,3,,,3,,10,,,1,,,,,,,1,40,,,4,1,,,,2,,,,,,29,,3,29,20,21,3,1,,,,,1,,16,,,,1,4,,1,1,,20,2,3,1,22,4,,2,,,,,6,,,5,5,9,,,1,2,,12,1,,,,2,,,3,,,,7,,46,,,7,11,,1,12,3,1,,13,,14,33,3,7,,,,,,1,10,,,1,,4,,,6,,1,,1,1,1,,1,4,2,1,5,1,,1,3,26,7,,,,,,3,15,3,,3,,,1,1,3,,3,,,,1,,4,2,3,1,6,,,,,,,7,,1,3,3,11,,,1,3,,,3,5,1,,,,4,,20,,1,,,,13,,3,,14,1,44,4,2,,8,,3,,16,,,3,16,,,13,,,,,,,2,,,,8,,19,,,,2,14,,,1,,,,,,,3,2,25,3,
yWuhof8ZxbV,40808 Binayi Tribeni Rural Municipality,40808,,,8,1,,38,,,4,,,3,,,,,2,3,,38,24,,9,,14,22,,31,3,,,,,,,200,8,18,37,,,,,4,,2,1,5,4,89,,,21,,67,1,,,,70,46,5,,,65,,,85,,,1,38,,,5,,,,28,,,1,,,,25,,48,,,43,,,,,16,,,,,81,1,,,9,,,5,,,1,,,,3,,42,,62,,,31,7,,,,25,5,,17,,,,,,5,,34,46,,,8,57,23,5,,3,,6,3,,59,62,9,4,,,,,,,,,,,,6,,,,4,,10,,4,65,,11,87,68,18,,1,,,1,3,5,,3,,65,,43,18,3,,,5,68,,,,2,,1,4,1,,,,,,104,4,8,5,,,43,,59,,,,,,,5,,,2,5,,,,,22,,,,,,,,12,4,,,3,,,,,24,,6,,24
mlsVdmg9h5Q,50606 Ribdikot Rural Municipality,50606,,,,,,,,,,,,,,,,,,,,,,,,,1,,,,,,,,,,,1,,,,,,,,,,,,,,,,,,,,,,,,,,,,,,,,1,,,,,,,,,,,,,,,,,,,,,,,,,,,,,,,,,,,,,,,,,,,,,,,,,,,,,,,,,,,,,,,,,,,,,,,,,,,,,,,,,,,,1,,,,,,,,,,,,,,,,,,,,,,,,,,,,,,,1,,,,,,,,,,,,,,,,,,,,,,,,,,,,,1,,1,,,,,,,,,,,,,,,,,,,,,,,,,,,,,,,,,,,,,,,,,,,,,
xRUd1elou25,10109 Sidingba Rural Municipality,10109,,,,,,,,,,,,,,,,,,,,,,,,,,,,,,,,,,,,,,,,,,,,,,,,,,,,,,,,,,,,,,,,,,,,,,,,,,,,,,,,,,,1,,,,,,,,,,,,,,,,,,,,1,,6,,,,,,,,,,,,,,,,,,,,,,,,,,,,,,,,,,,,,,,,,,,,,,,,,,,1,,,,,,,,,,,,,,,,,,,,1,,,,,1,,,,,,,,,,,,,,,,,,,,,,,,,,,,,,,,,,,,,,,,,,,,,,,,,,,,,,,,,,,,,,,,,,,,,,,,,,,1,,,1
PdRpVxkVd9a,511 BANKE,511,,,1,,,6,,,,,,,,,,1,,,,1,,,,,4,,,,,,,,,,,25,,,,,,,,,,,,1,1,,,3,,,1,,,,,1,3,,,,12,,,44,,,,,,,,,,,5,3,,,,1,,3,,,,,10,,,,,,,,,,10,,,1,,,,,,,,,,,,,,,24,,,,4,3,,,,,,,,,1,,,1,,,,,,,2,,,,2,,,,,14,15,,,,,,,,,,,,,,,,,,,,,,,1,,,,,,,2,,,,,,,,,,,,,,,,,,,,,,,,,,,,,1,,20,,2,,,,,,,,,,,,,,,,,,,,,,,,,,,,,,6,,,,,,,,,,,,,1
WObZearD2p5,40708 Devghat Rural Municipality,40708,,,,,,,,,,,,,,,,,,,,,,,,,,,,,,,,,,,,,,,,,,,,,,,,,,,,,,,,,1,,,,,,,,,,,,,,,,,,,,,,,,,,,,,,,,,,,,,,,,,,,,,,,,,,,,,,,,,,,,,,,,,,,,,,,,,,,,,,,,,,1,,,,4,,,,,,,,,,1,,,,1,,,,,,,,,,,,,,,,,,,,,,2,,,,,,,,,,,,,,,,,,,,,,,,,,,,,,,,,,,,,,,,,,,,,,,,1,,,,,,,,,,,,,,,,,,,,,,1,,,,,,,,,,
KTRG2BvU2aN,30305 Naukunda Rural Municipality,30305,,,,,,,,,,,,,,,,,,,,,,,,,,,,,,,,,,,,3,,,,,,,,,,,,,,,,,,,,,,,,2,,,,,,,,,,,,1,,,,,,,,,,1,,,,,,,,,,,,,,,,,,,1,,,,,,,,,,,,,,,,,,,,,,,,,,,,,,,,,,,,,,,,,,,,,,,,,,,1,1,,1,,,,,,,,,,,,,,,,,,,,,1,,,,,,,,,,,,,,,,,,,,,,,,,,,,,,,,,,,,,1,1,,,,,,,,,,,,,,,,,,,,,,,,,,,,,,,,,,,,,,,,,,,,,
gvkv2hCpAS3,51003 Tulsipur Sub-Metropolitan City,51003,,,,3,,29,,,,,,,,,,,1,,,11,26,1,,19,,1,,13,5,,,,,,,,,8,5,,,,,3,,4,1,2,,51,,,3,,29,,,,,,1,,,,20,,,40,,,,25,,,3,,,,21,,,1,,,,,,20,,,,,,,,1,,,,,30,,,,,,,1,,,,,,,1,,7,,29,,,28,,,,,6,,,19,,,,,,,,10,17,,,2,14,,,,8,,7,,,,42,18,1,,,,1,,,,,,,,3,,,,7,,,,,27,,1,46,45,1,,,,,,,,,,,35,,12,2,,,,5,73,,,,,,,1,,,,,,,63,7,,,,,29,,16,,,,3,,1,,,,,,,,,,8,,,,,,,,2,,,2,2,,,,,,,3,,5
nJjfVfRRwiA,70410 Sigas Rural Municipality,70410,,,,,,,,,,,,,,,,,,,,,,,,,,,,,,,,,,,,,,,,,,,,,,,,,,,,,,,,,,,,,,,,,,,,1,,,,,,,,,,,,,,,1,,,,,,,,,,,,,,1,,,,,,,,,,,,,,,,,,,,,,,,,,1,,,,,,,,,,1,,,,,,2,,,,,,,,,,,,,,,,,,,,,,,,,,,,,,,,,,,,,,,,,,,,,,,,,,,,,,,,,,,,,1,,,,,,,,,,,,1,,1,,,,,,2,,,,,,,,,,,,,,,,,,,,,,,,,,1,,,,,,,,,,,,,
YSlivU7ElaL,41005 Mahashila Rural Municipality,41005,,,,,,1,,,,,,,,,,,,,,,,2,,,,,,1,,,1,,,,,1,,,,,,,,5,,,,,,1,,,,,,,1,,,1,,,,1,,,,2,,,,1,,,,,,,1,,,,,,,,,3,,,,,,,,,1,,,2,1,,1,,1,,,,,,1,,1,,1,,,,,,,2,,,,,,,,,,,,,,,,1,1,2,,,,,,,,,,,,,,,,1,,,,,,,,3,,,,,,,,,,,,,,,,3,,,,,,,,,,,,,1,1,,,,,,2,,,,1,,,,,,,,2,,1,,,,,,1,,5,,,,,1,,,,,,,,,,,1,2,,,,,,,1,,2,,,,,,,,1,,,
XeUjDTr86BB,30602 Kageshwori Manahara Municipality,30602,,,,,,,,,,,,,,,,,,,,,,,,,,,,,,,,,,,,,,,1,,,,,,,,,,,,,,33,,,,,,,,,,,,,,,1,,,,,,,,,,,1,,,,,,,,,,,,,,,,,,,,,,,,,,,,,,,,,,,,,,,,2,,,,,,,,,,,,,,,,,,,,,,,,,,,,,,,,,,,,,,,,,,,,1,,,,,,,,,,,,,,,,,2,,,,,,,,,,,,,,,,,,,,1,,,,,,,,,,,,,,,,,,,,,,,,,,,,,,,,,,,,,,,,,,,,,,,,,,,,,,,2,,,,
dIazHm6ngNe,31302 Kalika Municipality,31302,,,,,,2,,,,,,,,,,,,,,,,,,,,,,2,,,,,,,,2,,,,,,,,,,,,,,2,,,1,,,,,,,,,,,,,1,,,,,1,,,,,,,,,,,,,,,,,,,,2,,,,,,,,1,,,,1,,,,,,,3,,,,,1,,,,,,,,,,,,2,,,,,,,,,,,,,,,,,,,,,,1,,,,,1,,,,,,,,,,,,1,1,,,,,,2,,,1,,,,,,,,,,,,,,,,,,,,,,,,2,,,,,,,,,1,3,,,,,,,,,,2,,,,,,,,,,,,,,,,,,,,,,,,,,,,,,,,,,,,,1,,
CPAdGKO7IuX,40701 Bhanu Municipality,40701,,,,,,4,,,,,,,,,,3,,,,,2,5,,,,,,6,,7,4,,,,,41,,,,4,3,,,,,1,,,,3,7,,1,,,,1,,,,,,,6,2,,,,,,,5,,,,3,,,6,1,,,2,1,,,,,1,,,,,,4,,8,,,,1,,2,,,,,,,,5,3,,,,,1,5,1,,,3,,,,,,2,,,,2,1,4,,,,,2,,,,,20,,,,,,,2,3,,,,,,,,,1,,2,1,3,5,,,,,,,,,,5,,,1,1,,,,5,9,1,,,4,,,,,,,,,,,1,,,,,,2,,,,,,5,,,,,,,,4,,,,,,,6,,,,,,18,,,,,2,,,,,,,6,,,,,,,,,,,4,,,
fEFYRClTwTr,20213 Bhagawanpur Rural Municipality,20213,,,,,,,,,,,,,,,,,,,,,,,,,,,,,,,,,,,,,,,,,,,,,,,,,,,,,,,,,,,,,,,,,,,,,,,,,,,,,,,,,,,,,,,,,,,,,,,,,,,,,,,,,,,,,,,,,,,,,,,,,,,,,,,,,,,,,,,,,,,,,,,,,,,,,,,,,,3,,,,,,,,,,,,,,,,,,,,,,,,,,,,,,,,,,,,,,,,,,,,,,3,,,,,,,,,,,,,,,,,,,,,,,,,,,,,,,,,,,,,,,,,,,,,,,,,,,,,,,,,,,
OGBAz1Z7iE9,60407 Tila Rural Municipality,60407,,,,,,,,,,,,,,,,,,,,,,,,,,,,,,,,,,,,,,,,,,,,,,,,,,,,,,,,,,,,,,,,,,,,,,,,,,,,,,,,,,,,,,,,,,,,,,,,,,,,,,,,,,,,,,,,,,,,,,,,,,,,,,,,,,,,,,,,,,,,,,,,,,,,,,,,,,,,,,,,,,,,,,,,,,,,,,,,,,,,2,,,,,,,,,,,,,,,,,,,,,,,,,,,,,,,,,,,,,,,,,,,,,,,,,,,,,,,,,,,,,,,,,,,,,,,,,,,,,,,
fxxVxM4Dznm,20803 Jagarnathpur Rural Municipality,20803,,,,,,,,,,,,,,,,,,,,,,,,,,,,,,,,,,,,,,,,,,,,,,,,,,,,,,,,,,,,,,,,,,,,,,,,,,,,,,,,1,,,,,,,,,,,,,,,,,,,,,,,,,,,,,,,,,,,,,,,,,,,,,,,,,,,,,,,,,,,,,,,,,,,,,,,,,,,,,,,,,,,,,,,,,,,,,,,,,,,,,,,,,,,,,,,,,,,,,,,,,,,,,,,,,,,,,,,,,,,,,,,,,,,,,,,,,,,,,,,,,,,,,,,,,,,,,,,,,,,
if6E8fKPpZJ,60904 Siddha Kumakh Rural Municipality,60904,,,,,,,,,,,,,,,,1,,,,,,,,,,,,,,,,,,,,,,,,,,,,,,,,,,,,,,,,,,,,,,,,,,,,,,,,,,,,,,,,,,,,,,,,,,,,,,,,,1,,,,,,,,,,,,,,,,,,,,,,,,,,,,,,,,,,,,,,,,,,,,,,,,,,,,,,,,,,,,,,,,,,,,,,,,,,,,,,,,,,,,,,,,,,,,,,,,,,,,,,,,,,,,,,,,,,,,,,,,,,,,,,,,,,,,,,,,,,,,,,,,,,,,,,,,,,,,,,,,,,
q1noskqyYet,20205 Karjanha Municipality,20205,,,,1,,,,,,,,5,,,,,,,,2,1,,,,,,,,,,,,,,,,,,4,,,,,,,1,2,,,,,,,,,,,,,,2,,,,,1,,3,,,,4,,,,,,,,,,,,,,3,,,,,,,,,,,,,,,,,,,5,,,4,,,,,,,,,,,,,,,,,,,2,,,,,,,,,,,,,,,,,,,,,,,,,,5,,,,,,,,,,2,,,,3,,1,,2,,,,,,,,,,,,,,,1,3,2,,,,1,,,,,,,,,,,,,,,,,,,,,1,,,,8,,,6,,,,,1,,,,,1,,,,,,,,1,,,,,,,,3,,,,,,,,,,,,,9
dVjrEKQVAjU,11002 Sandakpur Rural Municipality,11002,,,,,,,,,,,,,,,,,,,,,,,,,,,,,,,1,,,,,,,,,,,,,,,,,,,,,,,,,,1,,,,,,,1,,,,,,,,,,,,,,,,,,,,,,,,,,,,,,,,,,,,,,,,,,,,,,,,,,,,,,,,,,,,,1,,,,,,,,,,,,,,,,,,,,,,,,,,,,,,,,,,,,,,,,,,,,,,,,,,,,,,,,,,,,,,,,,,,,,,,,,,,,,,,,,,,,,,,,,,,,,,,,,,,,,,,,,,,,,,,,,,,,,,,,,,,,,,,,,,,,,,
G58bwGWfyhX,10701 Mahalaxmi Municipality,10701,,,,,,,,,,,,,,1,,,,,,,,1,,,1,,,,,,,,,,,1,,,,,,,,,,,,,,,,,,,,,,,,,,,,,,,,,,,,,,,,,,,,1,,,,,,,,,,1,,,,,,,,,,1,,,4,,,,,,,,2,,,,,,,,,,,,,,,,,,,,,,1,2,,,,,,1,,,,,,,,,,,,1,,,,1,,,,,,,,,,,,,,,,,,,,,,,,,,,1,,,,,,,,,,,,,,,,,,,,,,,,,,,,,,,,,,,,,,,,,,,,,,,,,,,,,,,,,,,,,,,,,,,,,,,,,1,,,
rA6JEBcbzki,50811 Siddharthanagar Municipality,50811,,,,,,,,,1,93,,,,24,,,8,,,38,102,,,24,,,,,,,,,,19,,,,70,,,,,57,6,,11,,9,,,,31,,11,165,,,,,,101,,,,,,,217,,7,8,110,1,,6,,,,,,,,,,,,,144,4,,,,,1,,22,,,25,,273,,203,,,,,,,,,,,,,,106,,,,,137,,7,,,,21,,99,,,,,12,,,83,197,,,41,,,,,,,,,,,,,3,,,,,,,,,36,,,,,84,,15,,,4,6,106,,17,197,216,,,,,,5,,3,,1,,,,,13,3,,,,2,1,,1,,,,11,,,,12,,103,,10,,,,,,,115,,,,20,,,,,,,,,,3,1,70,1,,,,,,,3,,,22,,,,,,,90,,,
BITtrV4c0xf,608 RUKUM WEST,608,,,,2,,44,,,,1,2,,,,,15,,,,1,7,6,,,6,,,2,6,,7,,,,,49,1,,1,3,4,,1,1,,2,,,1,5,,,,1,6,,8,3,,24,12,1,,,3,,,4,,,,11,,,,,3,,4,8,,,5,,,,,7,,,12,,,,3,,7,,1,10,24,1,12,,,2,,,,,17,,,3,,,1,,47,,,11,2,,,,,,,6,2,,,10,,3,,2,19,4,2,,5,3,,,22,,1,,,9,25,16,,5,1,1,3,,,,5,3,,,,,1,,,4,,,1,14,3,,23,2,1,,2,,1,,,9,2,,2,4,,6,,1,,1,21,25,,3,,3,,,4,8,,5,,8,10,5,,19,,,,4,,2,,,,3,5,,,,,,1,,,,1,,4,,,,3,,6,,,,,1,,,,,1,,,,
MGHrhNDK1Un,70609 Jorayal Rural Municipality,70609,,,,,,,,,,,,,,,,,,,,,,,,,,,,,,,,,,,,1,,,,,,,,,,,,,,,,,,,,,,,,,,,,,,,,,,,,,,,,,,,1,,,,,,,,,,,,,,,,,,,,,,,,,,,,,,,,,,,,,,,,,,,,,,,,,,,,,,,3,,,,,,,,,,,,,,,,,,1,1,,,,,,,,,,,,,,,,,,,,,,,,,,,,,,,,,,,,,,,,,,,,,,,,,,,,,,,,,,,,,,,,,,,,,,,,,,,,,,,,,,,,,,,,,,,,,,,,,,,,,,,,,,
A4ASYhangp4,40405 Mangala Rural Municipality,40405,,,,1,,1,,,,,,,,,,1,,,,,1,2,,,,,,,,,,,,,,2,,,,,,,,,,,,,,2,,,,,2,,1,,,,1,,,,,,,3,,,,1,,,,,,,,1,1,,1,,,,,1,,,,,,,,,,,,,2,,1,,,,,,,,1,,,,,,,,1,,,,,,,,,,,1,,,,1,,,,,1,1,,,1,,,,,,,,,2,2,,,,,,,,,,,1,,,,,,,,,,,,1,1,,1,,,,,,,,,1,,,,6,,,,,,,,,,,,1,,,,,,,,,,3,,,,,,,,,,,,,,,,,,,,,,,,,2,,,,,,,,,,,,,,,,,2,,,
lIDmub972Qv,31108 Marin Rural Municipality,31108,,,,,,1,,,,,,2,,,,,,,,,,,,,,,,,,,1,,,,,1,5,,,,,,,,,,,,,,,,,,3,,2,,,1,2,,,,,,,3,,,,,,1,,,,,,,1,,,,,,,,,,,,,,1,,2,,,,10,,,,,,,,,,,,,,,,,,,,,3,,,,,,,,1,,,,,,,,,2,,,,5,,,,,,,,,,,4,,,2,,,,,,,,,,,,,,,,,,,,1,,,,,,,,,,,,,,,,,,,,,,,4,,,,,,,,,,,,,2,,,,,,,,,,,,,,,,,,,,,,,,,,,,,,,,1,,,,,,,,,,,,,,2
xGQwwqLQ819,502 ROLPA,502,,,1,3,,20,,,,4,,,,,,6,,,,5,15,5,,2,6,1,,2,,,3,1,,,,25,2,1,2,2,1,,1,1,,1,,3,1,6,,,,,18,,6,,,5,9,,,1,3,,1,6,,,6,23,,,4,,,,2,14,,,4,,2,1,,8,,,3,,,,,1,5,,,10,10,,11,,,1,,,,,6,,,2,,,5,,16,,,16,,,,,,1,,,2,,1,8,,1,,,111,2,,,14,3,,,2,,,2,1,12,3,1,,3,,3,3,,2,,2,,,,2,,,,8,,,3,1,21,,,33,8,,,2,,3,,,1,,3,1,12,,5,,3,,,,8,,1,,11,,,,4,,,,1,7,15,1,1,1,,,3,,5,,1,,,5,,,,,,2,,,,,6,4,2,,5,,,8,1,,,50,,,7,,,,2,,,1
oiPoxEsEVm5,11206 Kanepokhari Rural Municipality,11206,,,,,,,,,,,,,,,,,,,,,,,,,,,,,,,,,,,,,,,,,,,,,,,,,,,,,,,,,,,,,,,,,,,,,,,,,,,,,,,,,,,,,,,,,,,,,,,,,,,,,,,,,,,,,,,,,,,,,,,,,,,,,,,1,,,,,,,,,,,,,,,,,,,,,,,,,,,,,,,,,,,,,,,,,,,,,,,,,,,,,,,,,,,,,,,,,,,,,,,,,,,,,,,,,,,,,,,,,,,,,,,,,,,,,,,,,,,,,,,,,,,,,,,,,,,,,,,,,,,,
DrH1J7KIk4g,10407 Sunkoshi Rural Municipality,10407,,,,,,1,,,,,,,,,,,,,,,,,,,1,,,,,,,,,,,2,,,,,,,,,,,,,1,,,,,,,,,,,,,,,,,,,1,,,,,,,,,,,,1,,,,,,,,,,,1,,,,,,,,,,,,1,,,,,,,,,,,,,,,,,,,,,,,,,,,,,,,,,,,,,1,,,,,,,,,,,,1,,,,,,,,,,,,,,,,,,,,,,,,1,,,,,,,,,,,,,,,,,,,,,,,1,,,,,,,,,,,,,,,,,,,,,2,,2,,,,,,,,,,,,,,,,,,,,,,,,,,,,,,1,,,,,,,
URrTfccviIx,20617 Gaur Municipality,20617,,,,,,,,,,,,,,,,,,,,,,48,,,,,,,,,41,21,,,,,,,,31,,,,,,,,,,,,,,,,,49,,,,,,,,,,12,,,,,,,32,,,,,,,,,,21,,,,,,,,,,31,,,,24,,,,,,,,1,,,22,20,82,,19,,,,,,,,,,,,,,,,,,,,41,,,,,,,45,,,,,,,,,,,,,,,,,21,,,,,,,,,,,,,,,,,,,,1,,,,,,,13,,,,,,,,,26,,,,,,,,,,,,,,,43,,62,,,,,,,,,,,,,,51,,,,,,,,,,,,,,,68,,,59,,11,39,,,,,,,,,11,,,,,
dXlL4KSKWt8,50307 Mallarani Rural Municipality,50307,,,1,,,1,,,,,,,,,,,,,,,,,,,,,,,,,1,,,,,,,,1,,,,2,,,,,,,,,,,,3,,,,,,,,1,,1,,,,,,,1,,,,,,,,,,,,,,,,,,,,,,,,,1,,,,,,,,,,,,,,,,,,,,1,,1,,,,,,,,,,,,,,,1,,,,,,,,,,,,,,,,,,,,,,,,,,,,,,,,,,,,,,,,,,,,,,,,,,,,,,,,,,,,1,,,,,,4,,,,,,,,,,,,,,,,,,,,,,,,,,,,,,,,,,,,,,,,,,,,,,,,,,,,,,,,,,,
vRXbpkNHDuC,11006 Mangsebung Rural Municipality,11006,,,,,,,,,,,,,,,,,,,,,,,,,,,,,,,,,,,,,,,,,,,,,,,,,,,,,,,,,,,,,,,,,,,,,,,,,,,,,,,,,,,,,,,,,,,,,,,,,,,,,,,,,,,,,,1,,,,,,,,,,,,,,,,,,,,,,,,,,,,,,,,,,,,,,,,,,,,,,,,,,,,,,,,,,,,,,,,,,,,,,,,,,,,,,,,,,,,,,,,,,,,,,,,,,,,1,,,,,,,,,,,,,,,,,,,,,,,,,,,,,,,,,,,,,,,,,,,,,,,,,
tUOPTUihUk9,70107 Khaptad Chhededaha Rural Municipality,70107,,,,,,,,,,,,,,,,,,,,,1,,,,,,,,,,,,,,,,,,,,,,,,,,,,,,,,,,,,,,,,,,,,,,,,,,,,,,,,,,,,,,,,,,,,,,,,,,,,,,,,1,,,,,,,,,,,,,,,,,,,,,,,,,,,,,,,,,1,,,,,1,,,,,,,,,,,,,,,,,,,,,,,,,,,,,,,,,,,,,,,,,,,,,,1,,,,,,,,,,,,,,,,,,,1,,,,,,,,,,,,,,1,,,,,,,,,,,,,,,,,,,,,,,,,,,,,,,,,,,,,,,,,
RVc3XoVoNRf,1 Koshi Province,1,,15,39,190,2,401,,23,4,12,1,19,6,3,14,84,19,15,3,367,190,152,29,14,199,116,6,119,36,45,117,9,,41,7,1176,25,99,192,33,83,8,34,19,4,29,36,64,18,532,10,16,101,11,438,58,284,7,1,510,343,20,23,57,226,19,9,310,,18,25,259,,14,21,3,17,1,270,143,6,55,94,,16,95,,286,4,36,75,2,,6,68,124,104,4,31,90,267,3,168,8,111,121,1,48,9,10,88,8,10,10,33,5,187,7,491,,6,249,37,2,10,2,136,43,3,151,22,1,51,152,13,82,,154,181,114,23,101,199,147,28,7,84,15,70,,3,335,290,73,21,76,14,37,13,3,4,5,92,28,3,8,22,58,58,24,16,8,33,6,17,265,25,58,428,290,52,13,65,23,53,5,27,43,23,15,20,1404,13,165,156,13,3,13,49,605,1,16,13,168,4,27,53,13,8,38,5,84,140,343,21,41,29,3,1,169,1,190,,105,15,8,91,1,56,17,3,34,109,2,6,11,19,123,93,8,,60,6,3,83,36,18,14,18,30,4,6,10,,125,80,70,2,96
e6uMoYPaXg3,51009 Gadhawa Rural Municipality,51009,,,1,5,,41,,,,,,,,,,,6,,,7,,,,1,6,,,18,,,,,,,,107,,,12,,,,,,,,,28,2,74,,,1,,28,,,,,40,19,1,,,26,,,41,,,1,,,,2,,,,30,,,,,,,3,,32,,,23,,,,,5,,,,1,33,,,,4,,,2,,,1,,,,1,,18,,33,,,,6,,,,,,,24,,,,,,2,,15,33,,,5,13,9,,,2,,3,,,34,36,2,,,,,2,,,,,,,,,,,,,,,,,31,,5,36,50,,,2,,1,,,1,,,,59,,23,,,,,1,38,,,,,,,,,,,,,,45,,3,,1,,,,17,,,,,,,1,,,,1,,,,6,,,,,,,,,2,,,2,,,,,,10,,1,,6
QAvh6PqC9ao,70811 Bhajani Municipality,70811,,,,,,,,,,,,,,,,,,,,,,,,,,,,,,,,,,,,1,,,,,,,,,,,,,,,,,,,,,,,,,,,,,,,,,,,,,,,,,,,,1,,,12,,,,,,,,1,,,,2,,,,,,,,,,,,,,,,,,,,,,,,,,,,,,,,,,,,,,,,,,,,,,,,1,,,,,,,,,,,,,,,,,,,,,,,,,,,2,,,,,,,,,,,,,,,,,,,,,,,,,,,,,,,,,,,,,,,,,,,,,,,,,,,,,,,,,,,,,,,,,,,,,,,,,,,,,,,,,,,,,,,,,
xpZx5iZTcmp,10702 Pakhribas Municipality,10702,,,,,,,,,,,,,,,,,,,,,,,,,,,,,,,,,,,,,,,,,,,,,,,,,,,,1,,,,,,,,,,1,,,,,,,,,,1,,,,,,,,,,,,,,,,,,,,,,,,,1,,,,,,,,,,,,,,,,,,,,,,,,,1,,,,,,,,,,,,,,,,,1,,,,,,,,,,,,,,,,,,,,,,,,,,,,,,,,1,,,,,,,,,,,,,,,,,,,,,2,,,,,,,,,,,,,,,,,,,,,,,,,,,,,,,,,,,,,,,,,,,,,,,,1,,,,,,,,,,,,,,,1,1,,,
MhMpfcsUjqo,30411 Galchhi Rural Municipality,30411,,8,8,,,9,,,,,,,2,,,,,,,,1,,,,,,,,,,,,,,,3,,,2,,,,,,,,,,,,3,,9,,4,,,,,2,,,1,,8,,,2,,,,,,,,,,,6,,,,2,,,,,,,,1,,,,,1,1,,,3,1,,,,1,,,,,,1,,,,,,6,,3,,,4,,,,,,,,,,,,1,,,,2,1,,,,,,,,1,,,,,,,,,1,,,,,,,3,,1,,,,2,,,,,,,2,,,3,,,,,,,,,,,,,3,,,,,,,,3,,,,,,,,,,,,,4,2,1,1,,,,2,,1,,,,,,,1,,,,,,,,,,,,,,,,1,2,,,,4,,,,,,,,,1
My9JVu4tB1f,20102 Kanchanrup Municipality,20102,,,,8,,18,,,,,,,,,,,2,,,13,,,,1,,,,13,2,5,,,,3,,65,,3,1,14,1,,,,,,1,2,,18,,,7,1,16,,,,,34,14,,,34,6,,,34,,,2,,,,,5,,,15,6,,1,,,,4,,17,,,,,,2,,3,13,,,5,1,,,1,1,,,3,,,8,7,,,,,3,6,18,,,,,,,,12,,,16,,,,,,,,7,13,8,,9,11,,,,,,1,,,31,21,3,,6,,,1,,,,,,5,6,,,,,,6,1,,,4,,1,18,24,,6,,5,,,,,5,,,8,,1,5,,,,,10,,6,,,,15,1,,,,,12,,25,,,,,,16,,15,,8,,,,,5,,,,,,,,1,,2,1,,,,,14,,,,1,,,,,,3,,,,8
eHA15T4IKX4,70803 Godawari Municipality,70803,,,,,,,,,1,,,,,,,,,,,,,2,,,,1,,,,,,,,,,,,1,,,3,,,,,,,,,,,,,1,,,,1,,,,,,,,,,,,,,,,,,4,,,,,,,,1,,,,2,,,,,,,,,10,,,,,,,,,1,,,,,,,2,,,,,,1,,,,,,,,,,,1,,,1,,,,4,,1,,1,,,,,,,,,,,,,,,,,,,1,,,,,,,,,,,,,,,,,,,,,,,,,,,,,,,,,,,,,,,,,,,,,,,,,,,,,,,,,,,,,,,,,,,,,,,,,,,,,,,,10,,,,,,,,,,,,,,,,,,,
Jit4hXPt6dE,10903 Falelung Rural Municipality,10903,,,,,,,,,,,,,,,,,,,,,,1,,,,,,,,,,,,,,,,,,,,,,,,,,,,,,,,,,,1,,,,,,,,,,,,,,,,,,,,,,,,,,,,,,,1,,,,1,,,,,,,,,,,,,,,,,,,,,,,,,,,,,,,,,,,,,,,,,,,,,,,,,,,,,,,,,,,,,,,,,,,,,,,,,,1,,,,,,,,,,,,,,,,,,,,,,,,,,,,,,,,,,,,,,,,,,,,,,,1,,,,,,,,,,,,,,,,,,,,,,,,,,,,,,,,1,,,,,,,,,,,,,,
dLEIDoJr160,50910 Shuddhodhan Rural Municipality,50910,,,,,,,,,,,,,,,,,,,,,2,1,,,,,,,,,,,,,,,,,,,,,,,,2,,,,,,,,,,,,,,,,,,,,,,,,,,,,,,,,,,,,,,,,,,,,,,,,,,,,,,,,,,,,,,,,,,,,,,,,,,,,,,,,,,,,,,,,,,,,,,,,,,,,,,,,,,,,,,,,,,,,,,,,,,,,,,,,,,,,,,,,,,,,,,,,,,,,,,,,,,,,,,,,,,,,,,,,,,,,,,,,,,,,,,,,,,,,,,,,,,,,,,,,,,,,,,,,,,,,,
PbnmyAhSXvo,70801 Mohanyal Rural Municipality,70801,,,,,,,,,,,,,,,,,,,,,1,,,,,,,,,,,,,,,,,,,,,,,,,,,,,,,,,,,,,,,,,,1,,,,,,,,,,,,,,,,,,,,,,,,,,,,,,,,,,,,,,,,1,,,,,,,,,,,,,,,,,,,,,,,,,,,,,,,1,,,,,,1,,,,,,,,,,,,,,,,,,,,,,,,,,,,,,,,,,,,,,,,,,,,,,,,,,,,,1,,,,,,,,,,,,,,,,,,,,,,,,,,,,,,,,,,,,,,,,,,,,,8,,,,,,,,,,,,,,,,,,,,,
EmYULdguYAk,40504 Pokhara Metropolitan City,40504,,1,9,,,31,1,5,,,,,1,2,,125,,,,6,57,57,9,1,28,3,,8,1,15,67,,,,1,71,2,2,,26,28,2,22,5,,7,,,,31,3,1,12,,13,,53,4,,35,25,2,,8,10,,7,27,,,,36,,2,1,,4,,13,82,,,94,,1,,,61,,5,10,,,37,28,1,42,,1,52,13,,54,21,2,35,,14,2,2,73,4,18,,2,,1,1,2,,1,82,21,,1,,16,11,,4,,,16,5,3,21,,9,57,46,,5,2,11,,1,1,,1,,4,14,1,14,2,56,1,,1,,3,,51,6,,,1,2,5,6,4,,,3,11,67,16,,14,27,5,1,5,23,39,2,,,7,12,,29,3,19,17,1,,2,25,20,,4,1,69,,4,14,6,,11,7,40,69,22,1,11,,,,24,,26,4,25,,,46,,26,,,,1,,,,,45,38,,1,6,1,4,68,26,1,6,,13,,2,2,2,2,47,,2,1
Sh9Sx2iLNjY,30609 Kirtipur Municipality,30609,,,1,,,,,,,,,,,,,,,,,,,1,,,,,,,,,,,,,,1,,,,,,,,,,,,,,1,,,,,,,,,,,,,,,1,,7,,,,,,,,,,,,,,,,1,,,,,,,,,,,,,,,,,,,,,,,,,,,,,,,,,,,,,,,,,,,,,,,,,,,,,,,,2,,,,1,,,,,,,,,,1,,,,,,,,,,,,1,,,,,,,,,,,,,,2,,,,,,,,,,,,,,,,,,,,,1,,,,,,,,,,,,,,,,,,,,,,,,,,,,,,,,,1,,,,,,,,,,,,7,,,,,,,,,,,,,,
ON8h8G5JK6h,60806 Chaurjahari Municipality,60806,,,,,,41,,,,,,,,,,9,,,,,,,,,4,,,,5,,,,,,,14,,,,,2,,,,,,,,,2,,,,,,,2,,,7,8,,,,,,,,,,,5,,,,,3,,1,2,,,1,,,,,,,,2,,,,3,,7,,1,,20,,8,,,2,,,,,8,,,3,,,,,42,,,4,2,,,,,,,,2,,,,,3,,2,3,3,2,,2,,,,21,,,,,5,19,16,,,,,,,,,2,2,,,,,,,,4,,,,1,,,17,,1,,1,,,,,8,2,,,,,1,,,,1,20,16,,3,,3,,,4,,,5,,5,7,2,,17,,,,,,,,,,,4,,,,,,,,,,,,2,,,,3,,4,,,,,1,,,,,,,,,
DVMRpMuFczl,11207 Pathari Shanishchare Municipality,11207,,,,,,,,,,,,,,,,,,,1,,,,,,,,,,,,,,,,,,,,,,,,,,,,,,,,,,,,,,,,,,,,,,,,,,,,,,,,,,,,,,,,,,,,,,,,,,,,,,,,,,,,,,,5,,,,,,,,,,,,,,,,,,,,,,,,,,,,,,,,,,,3,,,,,,,,,,,,,,,,,,,,,,,,,,,,,,,,1,,,,,,,,,,,,,,,,1,,,,,,,,,,,,,,,,,,,,,,,,,,,,,,,,,,,,,,,,,,,,,,,,,,,,,,,,,,,,,,,,,,,,,,
E3jE9arhqvd,60903 Banagad Kupinde Municipality,60903,,,,,,,,,,,,,,,,,,,,,,,,,,,,,,,,,,,,,,,,,,,,,,,,1,,,,,,,1,,,,,,,,,,1,,,2,,,,,,,,,,,,,,,,,,,,,,,,,,,,,,,,,,,,,,,,,,,,,,,,,,,,,,,1,,,,,,,,,,,,,,,,,,,,,,,,,,,,,,,,,,,,,,,,,,,,,,,,,,,,,,,,,,,,,,,,,,,,,,,,,,,,,,,,,,,,,,,,,,,1,,,,,,,,,,,,,1,,,,,,,,,,,,,,,,,,,1,,,,,,,,,,,,,
WTMxLUaucNm,70904 Bhimdatta Municipality,70904,,,,,,,,,,,,,,,,,,,,,,,,,,,,,,,,,,,,,,,,,,,,,,,,,,,,,,,,,,,,,,,,,12,,,,,,2,,,,,,,,,,,,,,,,,,,,,,,,,,,,,,,,,,,,,,,,,,,,,,,,,,,,,,,,,,,,90,,,,,,,,,,,,,,,,,,,,,,,,,,,,,,,,,,,,,,,,,,,,,2,,,,,,,,,,,,,,,,,,,,,,,,,,,,90,,,,,,,,,,,,,,,,,,,,,,,,,,,,,,,,,,,,,,,,,,,,,,,,,,,,,,,
GUiARD69vqI,31208 Makawanpurgadhi Rural Municipality,31208,,,,1,,,,,,,,,,,,,,,,1,,,,,,1,,,1,,1,,,,,1,,,,,,,,,,,,,,,,,,,,,,,,,,,,,,,,1,,,,,,,,,,,,,,,,,,,,,,,1,,,,,,,,,,1,,,,,,,,,,,,,,,,,,,,1,1,,,,,,,,,,,,1,,,,,1,,,,1,,,,,,,,,,1,,,,,,,,,,1,,,,,,,,,,,,,,,,1,,,,,,,,,,,,,1,,,,,,,,,,,,,,,,,,,,,,1,,,,,,1,,1,,,,,,,,,,,,,,,,,,,,,,,,,,,,,,,,,,,,,1
AWIh6Khl1v3,61003 Lekabeshi Municipality,61003,,,,,,1,,,,,,,,,,,,,,1,,,,,,,,,,,,,,,,,,,,,,,,,,,,,,,,,,,,,1,,,,,,,1,,,,,,,,,,,,,,,,,,,,1,,,,,,,,,,,,,,,,1,1,,,,,,,,,,,,,,,,,,1,,,,,,1,,,,,,,,1,1,,,,,,,,,,,,,,,,,,,1,,,,,,,,1,,,,,,,,,,,,,,,,,,,2,,,,,2,,,,,,,,,,,,,,1,,,,,,,,,,,,,,,,,,,2,,,,,,,,,1,,,,,,,,,,,,,,,,,,,,,,,,,,,,,,,,
xPU2FhwKsRf,10901 Yangbarak Rural Municipality,10901,,,,,,,,,,,,,,,,,,,,,,1,,,,,,,,,,,,,,1,,,,,,,,,,,,,,,,,,,,,1,,,1,,,,,,,,,,,,,,,,,,,,,,,,,,,,,,,,,,,,,,,,,,,,,,,,,,,1,,,,,,,,1,,,,,,,,,,,,,,,,,,,,,,,,,,,,,,,,,,,,,,,,,,,,,,,,,,,,,,,,,,,,1,,,,,,,,,,,,,,,,,,,,,2,,,,,,,1,,,,,,,,,,,,,,,,,,,,,,,,,,,,,,,,,,,,,,,,,,,,,,,,,,,,
Bttts23FIp4,30604 Budhanilkhantha Municipality,30604,,,,,,,,,,,,,,,,,,,,,,,,,,,,,,,,,,,,,,,,,,,,,,,,,,,,,,,,,,,,,,,,,,,,,,,,,,,,,,,,,,,,,,,,,,,,,,,1,,1,,,1,,,,,,1,,,,,,,,,,,,,,,,,,,,,,2,,,,,,,,,,,,,,,,,,,,,,,,,,,,,,,,,,,,,,,,,,1,,,,,1,,,,,,,,,,,,,,,,,,,,,,,,,,,,1,,,,,,,,,,,,,,,,,,,,,1,,,,,,,,,,,,,,,,1,,,,,,,,,,,,,,,,,,,
QaGifEG44bz,30302 Aamachhodingmo Rural Municipality,30302,,,,,,,,,,,,,,,,,,,,,,,,,,,,,,,,,,,,,,,,,,,,1,,,,,,1,,,,,,,,,,,,,,,,,1,,,,,,,,,,,,,,,,,,,,,,,,,,,,,,,,,,1,,,,,,,,,,,,,,,,,,,,,,,,,,,,,,,,,,,,,,,,,,,,,,,,1,,,,,,,,,,,,,,,,,,,,,,,,,,,,,,,,,,,,,,,,,,,2,,,,,,,,1,,,,,,,,,,,,1,,,,,,,,,,1,,,,,,,,,,,,,,,,,,,,,,,1,,,,,,,,,,,,,,
A59slhEIrcI,20612 Paroha Municipality,20612,,,,,,,,,,,,,,,,,,,,,,,,,,,,,,,,,,,,5,,,,,,,,,,,,1,,,,,,,1,,,,,,,,,,,,,,,,,,,,,,,,,,,,,,,,,,,,1,,,,,,,,,,,,,,,,,,,,,,,,,,,,,,,,,,,,,,,,,,,,,,,,,,,,,1,,,,,,,,3,,,,,,,,,,,,,,,,,,,,,,,,,,1,,,,,,,,,,,,,,,,,,,,,,,,,,,,,,,,,,,,,,,,,,,,,,,,,,,,,,,,,,,,,,,,,,,,,,,,,,,,,,,,,
PUPCyKcUwlS,201 SAPTARI,201,,,30,8,,18,,,,,,,,,7,,2,42,,73,,,,1,,2,,13,2,10,,,,3,11,65,,3,81,14,4,7,,,,,11,33,,18,,,67,1,72,,,,,34,34,30,,37,45,,,118,,,2,,,,,5,,,15,6,,21,,,,14,,17,,,,,2,12,,21,19,,,11,26,,,1,1,,,13,,,8,7,,,,25,3,6,18,,,1,,,,,12,,,23,,,3,,,,,7,14,171,,9,11,,,,,,1,,,31,21,3,55,386,,3,1,,,,,,5,6,,,,,,6,1,,,4,,46,32,31,,6,,5,,,30,15,5,,2,8,,3,72,,,,,10,,6,,,15,15,12,,,158,,19,,25,,,39,,,16,,19,,8,5,,,13,5,,,5,,,,,34,,12,1,,,,,14,,,,2,,,,,,42,,,,8
UwdMA5hDFCB,70109 Tribeni Municipality,70109,,,,,,,,,,,,,,,,,,,,,,,,,,,,,,,,,,,,1,,,,,,,,,,,,,,,,,,,,,,,,,,,,,,,,,,,,,,,,,,,,,,,,,,,,,,,,,,,,,,,,1,,,,,,,,,,,,,,,,,,,,,,,,,,,,,,,,,,,,,,,,,,,1,,,,,,,,,1,,,,,,,,,,,,,,,,,,,,,,,,,,,,,,,,,,,,,,,,,,,,,,,,,,,,,,,,,,,,,,,,,,,,,,,,,,,,,,,,,,,,,,,,,,,,,,,,,,,,,,,,,,,
of5txBWqdOE,30912 Mahabharat Rural Municipality,30912,,,,,,4,,,,,,,,,,1,,,,,,,,,,,,,,,1,,,,,,,,,,,,,,,,,,,,,,,,,,1,,,,1,,,,,,,1,,,,1,,,,,,,,1,,2,3,,,,,,,,,,,,1,,,,,,,,,,,,,,,,,,,,,,,,,,,1,,,,,,,,,,,,,,,,,,,,,1,,,,,,,,,,,,,,,,,,,,,,,,,,,1,1,,,,,,,,1,,,,,,,,,,,,,1,,1,,,,,,2,,,,1,,,,,,,,,1,,,,,,,,,,,,,,,,,,,,,,,,,,,,,,,,,,,,,,2,,,,1,,,,
pFBMPRDcabz,50309 Sarumarani Rural Municipality,50309,,,,,,,,,,,,,,,,,,,,,,1,,,,,,,,,,,,,,,,,,,,,,,,,,,,,,,,,,,,,,,,,,,,,,,,,,,,,,,,,,,,,,,,,,,,,,,,,,,,,,,,,,,,,,,,,,,1,,,,,,,,,,,,,,,,,,,,,,,,,,,,,,,,,,,,,,,,,,,,,,,,,,,,,,,,,,,,,,,,,,,,,,,,,,,,,,,,,,,,,,,,,,,,,,,,,,,,,,,,,,,,,,,,,,,,,,,,,,,,,,,,,,,,,,,,,,,,,,,,,,
kG2N6Qdbgyh,30208 Balephi Rural Municipality,30208,,,,,,,,,,,,,,,,1,,,,,,,,,,,,,,,1,,,,,2,,,,,,,1,,,,,,,,,,,,,,3,,,,2,,,,,,,1,,,,1,,,,,,,2,,,,,,,,,,1,,,,,,,18,2,,,,1,,1,,,,,,,,,,,1,,,,,,,,1,,,,,,,,,,,,2,,,,,1,,,,,,,,,,,,,2,,,,,1,1,,,,,,1,,,,,,,,,,,,,,,,,,,,,1,,,,,,,,,,,,,,,1,,,,,,,,,,,,4,,1,,,,,,1,,,,,,,,,,,,,,,,,,,,1,,,,,,,,,1,,,,,,,1,,,
zhcnfhX1HNv,70608 Badi Kedar Rural Municipality,70608,,,,,,,,,,,,,,,,2,,,,,,,,,,,,,,,,,,,,,,,,,,,,,,,,,,,,,,,,,,,,,,,,,,,,,,,,,,,,,,,,2,,,,,,,,,,,,,,,,,,,,,,,,,,,,,,,,,,,,,,,1,,,,,,,,,,,,,,,,,,,,,,,,,,,,,,,,,,,,,,,,,,,,,,,,,,,,,,,,,,,,,,,,,,,,,,,,,,,,,,,,,1,,,,,,,,,,,,,,,,,,,,,,,,,,,,,,,,,,,,,,,,,,,,,,,,,,,,1,,,,,,,
sYffyMFZFcY,40909 Walling Municipality,40909,,,,,,3,,,,,,,,,,25,,,,2,20,42,1,,,4,,7,1,,9,,,2,,42,,3,3,13,1,,20,,,,,,,24,1,,3,,36,,13,,,12,20,,,9,23,,,11,,,,10,,3,,,,,4,19,,,14,,,,,24,,,5,,,,9,,4,,,32,18,,33,,,7,,,,,33,,,,,,6,,19,,,36,,,,,2,1,,1,,,3,26,,,,3,16,21,,,4,2,,,,,,,,23,12,,,30,,8,,,,,10,1,,,,,,,,,,,,14,3,,40,14,5,,,1,4,,,6,,,,11,,9,,,,,,13,,,,11,,3,,,,1,,4,9,16,,,,,,16,,8,,21,,1,31,,,,,,,,,,,5,18,,,13,,1,27,,,1,,,,,,,3,26,,,7
lfvPvTzR3Kt,60802 Sanibheri Rural Municipality,60802,,,,2,,,,,,,,,,,,,,,,,2,2,,,,,,1,,,1,,,,,,,,1,,,,,,,,,,,2,,,,,1,,1,,,,1,1,,,1,,,1,,,,,,,,,,,3,,,,,,,,,,,,,,,,,,,,,,1,,,,,,,,,,,,,,,,,,2,,,2,,,,,,,,,,,,,,,,,2,1,,,,,,,,,,,,,2,,,,,,3,,,,3,,,,,,,,,,,,,1,,,2,2,,,,,,,,,,,,3,,3,,,,,,7,,,,,,,,,,,,,,1,,,,,,3,,,,,,,,,,,,,,,,,,,,,,,,,,,,,,,,,,,1,,,,
REamYQDDc8L,20113 Rajbiraj Municipality,20113,,,30,,,,,,,,,,,,7,,,41,,60,,,,,,,,,,,,,,,11,,,,80,,,,,,,,10,31,,,,,,,56,,,,,,20,30,,,39,,,83,,,,,,,,,,,,,,20,,,,10,,,,,,,,,,18,,,,,25,,,,,,,10,,,,,,,,25,,,,,,,,,,,,,,,,,,,,,,,,163,,,,,,,,,,,,,,,55,,,,,,,,,,,,,,,,,,,,,,,45,14,,,,,,,,30,15,,,,,,,66,,,,,,,,,,15,,11,,,155,,,,,,,39,,,,,,,,5,,,13,,,,5,,,,,33,,,,,,,,,,,,,,,,,,39,,,,
YnUoe8z0OJY,401 GORKHA,401,,,,3,,19,1,,,,,,,1,,15,,,,,3,17,1,,2,3,,11,3,2,6,,,3,,36,,,3,2,19,,4,1,,,,1,,7,2,2,,,4,,12,,,16,10,,2,5,11,,2,25,,,1,15,,3,1,,,,6,13,4,,13,2,,,,20,,2,5,,,,11,,13,,2,14,14,,13,,,17,,,1,,9,3,4,1,,,11,,8,,2,26,3,,1,,2,,,2,,,4,7,,2,,3,10,5,2,,5,2,,,2,,2,,,12,16,4,,5,,14,,,,,32,3,,,,,3,,1,,,,,11,5,,14,19,2,,,,16,,,,3,,,19,,12,1,1,,4,4,17,,1,1,11,,5,1,,,1,,14,15,27,2,1,,,,1,,5,,6,,,22,,,,,,1,4,,,,3,12,,,,,,11,1,,8,1,1,,,,2,5,11,,,1
aCFDSXlmccd,10301 Khumbu Pasanglhamu Rural Municipality,10301,,,,,,,,,,,,,,,,,,,,,,,,,,,,,,,,,,,,,,,,,,,,,,,,,,,,,,,,,,,,,,,,,,,,,,,,,,,,,,,1,,,,,,,,,,,,,,,,,,,,,,1,,,,,,,,,,,,,,,,,,,,,,,,,,,,,,,,,,,,,,,,,,,,,,,,,,,,,,,,,,,,,,,,,,,,,,,,,,,,,,,,,,,,,,,,,,,,,,,,,,,,,,,,,,,,,,,,,3,,,,,,,,,,,,,,,,,,,,,,,,,,,,,,,,,,,,,,,,,,,,,
RXyOlRFs3Ft,30205 Melamchi Municipality,30205,,1,,,,,,,,,,,,,,,,,,1,3,,,,1,,,2,,,1,1,,,,11,,,,,1,,,1,,,1,,,4,,,1,,2,,,,,3,2,,,,3,1,,1,,,,,,1,,,,,2,3,,,,,,,,1,,,,,,,,,,,,1,,,1,,,1,,,,,,,,,,,,,1,,,1,,,,,2,,,1,,,,1,,1,,,1,1,,,1,3,,,,,1,,,5,8,1,,1,,,,,3,,1,1,,,,,,,,2,1,,,2,,,2,1,1,,,,,,,,,,,3,,,,,,,,2,,,,,,,,,,,,,3,1,1,,,,,,,2,,1,,,4,,,,,,,,,,,,,,,1,,,,,,,1,,,1,,,,1,,,
N7ioObCpMP3,503 PYUTHAN,503,,,1,,,6,,,,1,,,,,,5,,,,,1,5,,1,36,,,,1,2,1,,,,,70,,,1,,,1,2,,,,,1,18,165,,,,,5,,5,,,2,3,,1,,3,,,2,,,,3,,,,2,,,4,9,,,3,,,,,2,,,28,,,,3,,2,,,1,3,,5,,,1,,,,,1,,2,,,,1,,4,,,3,1,,,,,,,1,,,,2,,1,,,2,1,,,,7,,,2,,78,,,32,3,25,,2,,,,,,,1,1,,,1,,,,,,1,,,2,,,6,4,,,13,,2,1,,2,,,,2,1,1,,,,,5,33,,,,3,,2,1,,1,,,4,2,3,,,,,,2,,,,,,1,3,,,,,,1,,,,,1,3,1,,,,,1,1,4,,,4,2,3,,,,1,,,
mMGyx6JG7wj,311 SINDHULI,311,,4,11,5,,60,,1,,6,,6,,3,3,13,,,1,27,51,10,,,8,14,,33,7,20,24,7,,,,184,9,5,36,5,20,,4,,,18,6,,4,58,2,,7,2,52,,49,,,75,28,,,44,48,,,83,,,2,49,,1,2,,,,6,32,1,3,30,,,,,25,,5,40,,,,23,,29,,5,15,74,1,28,2,4,9,,,,1,10,1,2,1,,,36,,71,,5,55,,,4,,6,,,8,,,6,13,,1,,11,30,7,,1,23,23,3,4,3,,3,,,44,67,9,1,9,2,5,1,,,5,28,2,,,,3,2,2,,,5,,1,35,1,,45,45,2,,2,,13,1,4,1,1,3,2,40,1,16,2,,,2,4,98,,,1,24,,2,,2,3,8,,39,55,65,3,,6,,,47,,35,,4,,,5,,8,2,,,2,,,,1,26,25,3,2,2,,,2,,1,,1,3,1,4,,,18,19,1,,10
IOHIfpVUJGp,301 DOLAKHA,301,,,1,1,,8,,,,,,,,,,8,,2,1,4,6,13,,,,,,1,,6,6,1,,,1,21,,1,2,5,14,2,,1,,2,,2,,5,4,,9,,14,,6,,,6,4,,1,3,8,,,13,,,,9,,,,,,,2,5,,8,8,,,,,,,4,9,,,,4,4,4,1,4,6,3,,6,1,1,4,,,,,10,,3,1,,1,2,,3,,,1,2,,,,,,,1,,,3,16,2,,,,5,13,,1,2,,,1,,,,,,4,8,,4,10,,3,,,1,,9,2,,,1,1,,2,2,,,,,3,2,2,4,12,,,,,7,1,,1,1,,,5,1,3,8,,,3,1,5,,1,,5,,,2,,,2,,8,10,9,1,1,,,,3,,3,,9,,,10,1,,,,,2,,,1,1,1,6,1,1,1,,2,5,,,,2,,1,1,,,3,1,1,,5
T8quwYZYfsu,30401 Rubi Valley Rural Municipality,30401,,,,,,,,,,,,,,,,,,,,,,2,,,,,,,,,,,,,,5,,,,,1,,,,,,,,,4,,,,,1,,,,,3,,,,,1,,,4,,,1,2,,,,,,,1,,,,,,,,,,,,1,,,,,,2,,,,3,,,,,,,,,,,,,,,,,,1,,,1,,,,,,,,,,,,,,,,,,2,,,1,1,,,,,,,,,6,,,3,,,,,,,2,1,,,2,,,,,,,,,3,,,1,1,,,,,,,,,,,,1,,,,,,,,1,,,,1,,,,,,,,2,1,2,,,,,,4,,2,,,,,,,,,,,,,,,,,1,,,,,,,,,,,,,,,,,2,,,
l8tZrJ55yzg,408 NAWALPARASI EAST,408,,,10,4,,47,,2,5,,,6,,,,37,2,3,2,40,50,36,12,9,22,22,,45,9,13,19,,,4,,336,9,22,44,17,30,,1,8,,3,2,5,8,147,2,3,25,,78,2,1,,,110,57,5,,29,93,,1,119,,,2,57,,,5,,,,52,6,,1,3,21,,37,,81,,6,80,,,,32,16,27,,14,4,123,1,29,8,15,1,,5,,,12,3,5,7,3,,44,5,105,,,72,16,,2,,32,10,,25,7,1,27,5,4,6,,55,66,4,,8,100,38,6,,6,,12,3,1,101,131,13,4,4,,1,1,,12,,54,24,,5,8,1,,7,8,1,13,,4,99,,11,101,115,19,,3,2,12,1,3,6,8,3,2,87,,59,22,3,,4,5,128,2,3,,36,,13,5,1,1,1,1,41,9,148,6,13,7,,,76,,98,,1,,,47,,8,4,,2,7,,1,,,44,,7,,,,,21,18,5,,2,4,,3,1,,25,,9,,35
x9TFkDJyQbt,60907 Sharada Municipality,60907,,,,,,5,,,,,,,,,,,,,,1,,,,,,,,,,,,,,,,14,,,,,,,,,,,,,,,,,1,,18,,,,,5,6,,,,,,,3,,,,,,,,,,,,1,,,,,,,,2,,,4,,,,2,,2,,,,,,1,1,,,1,,,,,,,,,,,,,,,,,,,,,,,3,1,,,,,,,3,5,,,,,1,,,,,,,,4,1,1,,,,,,,,,,,,,,,,,,,,,,5,,,,6,,,,,,,,,,,,5,,,,,,,,2,,,1,1,,,,,,,,1,,,,,,,,4,,,,,,,,,,,,,,,,,,,,2,,,,,,1,,,,,,,,,,,,,
CfshIuUoZCa,40103 Barpak Sulikot Rural Municipality,40103,,,,,,,,,,,,,,,,,,,,,,1,,,,1,,,,,,,,,,1,,,,,,,,,,,,,,,,,,,,,2,,,1,,,1,,,,,1,,,,,,,,,,,,,,,,,,,,1,,,,,,,,,3,,,2,,,1,,,,,,,,,,,,,,,,,,1,2,,,,,,,,,,,,1,,,,,,,,,1,,,,,,,,,,,,,1,,,,,,,,,,,,,1,,,,,,,2,,,,,,,,,,,,,,,,2,,,,,,,,1,,,,,,1,,,,,,2,1,1,,,,,,,,,,2,,,,,,,,,,,,,,,,,,,,,,,,,,,,,,,,,,,
Z4Qs1YyiL5j,20410 Manara Shisawa Municipality,20410,,,,,,,,,,,,,,,,,,,,,,,,,,,,,,,,,,,,,1,,1,,1,,,,,,,,,,,,,,,,,,,,,,,1,,,,,,,,,,,,,,,,,,,,,,,,,,,,,,,,,,,,,,,,,,,,,,,,,,,,,,,,,,,,,1,,,,,,,1,,,,,,,,,,,1,,1,,,,,,,,,,,,,,,,,,,,,,,,,,,,,,,,,,,,,,,,,,,,1,,,,,,,,,,,,,,,,,1,,,,,,1,,,,,,,,,,,,,,,1,,,,,,,,,,,,,,,,,,,,,,,,,,,,,,,,
LHlCGNNM8nF,50803 Sainamaina Municipality,50803,,,,,,,,,,,,,,,,,,,,,,,,,,,,,,,,,,,,1,,,,,,,,,,,,19,,,,,,,19,,,,,,,,,,,,,,,,,,,,,,,,,,,,1,,,,,,,,,,,,,,,,,,,,,,,,,,,,,,,,,,,,,,,,,,,,,,,,,,,,,,,,,,,,,,,,,,,,,1,,,,,,,,,,,,,,,,,,,,,,,,,,,,,,,,,,,,,,,,,,,,,,,,,,,,1,,,,,,,,,,,,,,,,,,,,,,,,,,,,,,,,,,,,,,,,,,,,,,,,,,,,,,,
od29axZQYBM,20709 Karaiyamai Rural Municipality,20709,,,,,,,,,,,,,,,,,,,,,,,,,,,,,,,,,,,,,,,,,,,,,,,,,,,,,,,,,,,,,,,,,,,,,,,,,,,,,,,,,,,,,,,,,,,,,,,,,,,,,,,,,,,,,,,,,,,,,,,,,,,,,,,,,,,,,,,,,,,,,,,,,,,,,,,,,,,,,,,,,,,,,,,,,,,,,,,,,,,,,,,,,,,,,,,,1,,,,,,,,,,,,,,,,,,,,,,,,,,,,,,,,,,,,,,,,,,,,,,,,,,,,,,,,,,,,,,,,,,,
ZIo35uAAfZo,406 LAMJUNG,406,,,1,,,7,,,1,,1,2,,,,12,,,,1,6,19,1,2,7,5,,2,1,7,11,,3,,,49,1,1,3,2,16,1,3,,,1,,,1,19,,1,4,,7,,16,,,10,6,,3,5,30,,1,3,,1,2,8,,1,2,1,,,9,17,,,23,,,,,13,,,22,,,1,33,1,16,1,1,20,10,,8,3,,7,,,,,20,6,1,,1,,5,4,11,1,1,6,3,,,,1,1,,10,,,1,11,,,,4,17,16,,1,3,4,,,4,,,,,13,13,,,8,2,5,1,,1,,6,7,3,,,,,,,,,,,10,3,,5,14,,,3,3,17,,,,2,,,3,1,5,,,,1,5,10,,,,15,,1,,,,6,,19,9,15,,1,,5,1,5,4,9,,13,,1,51,,,,,,,,,1,,,15,,1,6,,,6,1,3,2,9,1,1,1,,1,11,8,,,3
yR30qKyaGd2,20601 Chandrapur Municipality,20601,,,2,3,,,44,32,,25,2,,,,,59,18,,3,,10,154,4,4,,,,1,,49,21,1,,,,15,,,5,95,84,,,,,3,,,,,8,,,,,,25,,,,,,2,155,62,,3,,,,1,25,,,,7,,2,,38,2,,25,32,,,,25,,30,,,,4,60,,68,5,26,46,99,,185,,3,,,,,,73,52,5,17,1,,,5,,,,19,6,,,,,,50,23,,5,32,44,20,,7,,14,,,,,15,,3,,,,,,,,,,32,,12,4,,3,,51,,,6,,,4,3,7,,,,,12,44,,,,11,,,,68,,,,41,4,,18,,16,,,7,2,,,20,50,,32,,151,,3,,46,,,34,106,4,3,7,5,,,,,20,,,5,110,,,5,,,,,,7,,4,40,4,4,47,,,51,,,13,3,,,3,,,,,,,
wqUu19NIUqZ,40902 Phedikhola Rural Municipality,40902,,,,,,1,,,,,,,,,,2,,,,,,,,,,,,,,,,,,,,,,,,,,,,,,,,,,,,,,,,,,,,,,,,,,,,1,,,,,,,,,,,,,,,,,,,,,,,,,,,,,,,,,,,,,,,,,,,1,,,,,,,,,,,,,,,,,,,,,,,,,,,,1,1,,,,,,,,,,,,,,,,,,,,,,,,,,,,,,,,,,,,,,,,,,,,,,,,,,,,,1,1,,,,,,,,,,,,,,,,,,1,1,2,,,,,,,,,,,,,,,,,,,,,,,,,,,,,,,,1,,,1,,,,,,,,,,
buXxVwO9Yq6,51010 Rajpur Rural Municipality,51010,,,,,,,,,,,,,,,,,,,,,,,,,,,,,,,,,,,,30,,,,,,,,,,,,,,,,,,,,,,,,,,,,,,,,2,,,,,,,,,,,,,,,,,,,,,,,,,,,,,,,,,,,,,,,,,,,,,,,,,,,,,,,,,,,,,,,,,,,,,,,,,,,,14,,,,,,,,,,,,,,,,,,,,,,,,,,,,,,,,,,,,,,,,,,,,,,,,,,,,,,,,,,,,,,,,,,,,,,,,,,,,,,,,,,,,,,,,,16,,,,,,,,,,,,,1,,,,,,,,,,,,,
ItuhK7FfBhx,61006 Birendranagar Municipality,61006,,,,,,,,,,3,,,,,,,,,,,,,,,,,,,,,,,,,,,,,,,1,,,,,,,,,,,,,,,,1,,,,,,,,,,,,,,,,,1,,,,,,3,,,3,,,,,1,,,,,,,,,,,,,,,3,,,,,,,,,,,,,,,,,,,,,,,,,,,,,,,,,,,,1,,,,,,,,,,,,,,,,,,,,,,,,,,,,,,,,,,,,,,1,,2,,,,,,,,,,,,,,,,,,,,,,,,,,,,,,,,,1,,,,,,,,,,,,,,,,,,,,,,,,,,,1,,,,,,,,,,,,,,,1,,,,,
ZYSpy8oLqWo,20802 Jirabhawani Rural Municipality,20802,,,,,,,,,,,,,,,,,,,,,,,,,,,,,,,,,,,,,,,,,,1,,,,,,,,,,,,,,,,,,,,,,,,,,,,,,,,,,,,,,,,,,,,,,,,,,,,,,,,,,,,,,,,,,,,,,,,,,,,,,,,,,,,,,,,,,,,,,,,,,,,,,,,,,,,,,,,,,1,,,,,,,,,,,,,,,,,,,,,,,,,,,,,,,,,,,,,,,,,,,,,,,,,,,,,,,,,,,,,,,,,,,,,,,,,,,,,,,,,,,,,,,,,,,,,,,,,,,,,,,
seMsxiJS8sz,20402 Gaushala Municipality,20402,,,,,,3,,,,,,,,,,,,,,7,,,,,,,,1,,,,,,,,,,,5,,,,,,,,,,,,,,1,,27,,,,,,,,,,7,,,,,,,5,,,,,,,,,,2,8,,,2,,,2,,,,,,3,,,,,,3,,,,2,,,,,,,,,,,,,,3,,,4,,,,,,,,,,,,,,,,,,,,,2,,,,,,,,,,4,,,,,,,,,,10,2,,,,,5,3,5,,,,,,,,,,,,,,,,,,,,,,,,5,,,,,,,,,,,,,,,,,,8,,4,1,,,,,,,,,,,,,,7,,,,,,,,,,,,,,,,,,,,,4,,,,8,,,,4
U4kYiiDNknr,31102 Phikkal Rural Municipality,31102,,,,,,1,,,,,,,,,,,,,,,,,,,,,,,,,,,,,,,,,,,,,,,,,,,,,,,,,2,,,,,,,,,,1,,,,,,,,,,,,,,,,,,1,,,,,,,,,,,,,,,,,,,,1,,1,,,,,,,,,,,,,,,,,,,,,,,,,,,,,,,,,,,,,,,,,,,,,,,,,,,,,,,,,,,,,,,,,,,,,,,,,,,,,,,,,,,,,,,,,,,,,,,1,,,,,,,,,,,,1,,,,,,,,,,,,,,,,,,,,,,,,,,,,,,,,,,,,,,,1,,,,,,,,
c5xvFc10jWu,11115 Kachanakawal Rural Municipality,11115,,,2,1,,23,,,,,,,,,,,4,2,,19,,,,1,2,,,8,2,,,,,4,2,70,1,,7,,,,,1,,,,2,,29,,,7,,44,,,,,52,24,15,,,13,,,,,,3,,,,,,,,18,,,2,,,,6,,35,,,,,,,,19,,,,,23,,,,8,,,7,,,,,,,,4,20,,39,,,,,,,,,,,,,,,,,2,,,,,,13,14,9,,,2,,2,,,,22,1,4,,,,,,,,,,,,,,,,,,5,,,44,,8,43,,,,,,,,,1,,,,52,,,10,1,,,,24,,,,,,,1,,,,,,,,,4,1,,,15,,14,,,1,,,,2,,,,9,,,,,,,,,,,,,,,,,,,,,,15,,,,6
ocZon5HzPOG,30903 Mandan Deupur Municipality,30903,,,,,,,,,,,,,,,,,,,,,,1,,,,,,,,,,,,,,,,,,,,,1,,,,,,,,,,,,,,,,,,,,,,1,,,,,,,,,,,,,,6,,,16,1,,,,,,,,,,,,,,,,,,1,,,,,,,,,,,,,,,,,,,,,,,,,,,,,,,,,,,,,,,,,,,,,,,,,,,,,,,,,,,,,,,,,,,,,,,,,,,,,,,,,,,,,,,,,,,,,,,,,,,,,,,,,,,,,,,,,,,,,,,,,,,,,,,,,,,,,,,,,,,,,,,,,,,,,,1,,,,,,,,
DUyrbiuup9f,50812 Mayadevi Rural Municipality,50812,,,,,,2,,,,,,,,,,2,,,,,,,,,8,,,2,,,,,,,,16,,,,,,,,,,,,,1,,,,,,,,,,,,2,,,,,,,,,,,,,,,,,,,,,2,,,,,,1,,,2,,,,,,,,,,,,,,,,,,,,,,,2,1,,,,,,,,,,,,,,,,,,,,,,,,,,,,,,,,,,,,,14,,,,,,,,,,,,,,,1,,,,,,,,,,,,,,,,7,,,,,1,,,,1,,,,,,,1,,,,,,,,,,,,,,,,,,,,,2,,1,,,,,,1,,,,,,,,,,,,,,,,,,,,,,,,,,,,,,,
KBOIBsIq9R7,50609 Mathagadhi Rural Municipality,50609,,,1,,,1,,,,,,,,,,,,,,,,1,,,,,,1,,,,,,,,2,,,,,1,,,,,,,,,1,,1,,,,,,,,1,,,,2,1,,,1,,,,,,,,,,,1,,,,,,,,,,,1,,,,,,,,,,,,,,,,1,,,,,,,,,,,,,1,,,1,,,,,,,,,,,,1,,,,,2,,,,,,,,,,,,,1,,,,,,,,,,,14,,,,,,,,,,,,,,,,,,,,,,,,,,,,,2,,3,,,,,,3,,,,,,,,,,,,,,1,,,,,,,,1,,,,,1,,,13,,,,,,,,,,,,,,,1,,,,,1,,,,,,,,,
dEtwSiS6KNj,70104 Swami Kartik Rural Municipality,70104,,,1,,,,,,,,,,,,,,,,,,,,,,,,,,,,,,,,,2,,,,,,,,,,,,,,,,,,,,,,,,,,,,,1,,,,,,,,,,,,,,,,,,,,,,,,,,1,,,,,,,,,,,,,,,,,,,,,,,,,,,,,,,,,,,,,,,,,,,,,,,,,,,,,,,,,,,,,1,,,,2,,,,,,,,,,,,,,,,,,,,,,,,,,,,,,,,,,,,,,,,,,,,,,,,,,1,,,,,,,,,,,,,,,,,,,,,,,,,,,,,,,,,,,,,,,,,,,,,,,,,,,,,
t5SAADE3GA6,50905 Krishnanagar Municipality,50905,,,,,,,,,,,,,,,,,,,,,,10,,,,,,,,,,,,,,,3,,,22,,6,,,5,,,,,,,,,,,,,,,,,,5,1,,,6,1,,,,,,,,,,,,,,,,,,,,,,,,,,,,,,,,24,,,,,,,,,,,24,,7,,,,,,,,,,,,,,,,,,,,,11,,,,,,18,,,3,,,5,,,,,,,2,,,23,,8,,,,,,,,,,,,,,3,,,,,,,,,,,,5,,,,,,,1,,3,,,,,,,,,,,,,,,5,,,,,,,,,,,3,,,,,,,,,,,,,,,,,,,,,,,,,6,23,,,,,,,,,,,,,,
NhzpDUmOnX1,50302 Naubahini Rural Municipality,50302,,,,,,,,,,,,,,,,1,,,,,,,,,,,,,,2,,,,,,,,,,,,,,,,,,,,,,,,,,,2,,,,,,,,,,,,,,,,,,,,,,,,,,,,,,,,,,,,,,,,,,,,,,,,,,,,,,,,,,,,,,1,,,,,,,,,,,,,,,,,,,,,,,,,,,,,,,,,,,,,,,,,,,,,,,,,,,,,,1,,,,,,2,1,,,,,2,,,,,,,,,,,,,,,3,,,,,,,,,1,,,,1,1,,,,,,1,,,,,,,,,,,,,,,,,,,,,,,,,,,,,,,,,,,,,,,
bcA7xbjb8bV,10603 Tyamke Maiyum Rural Municipality,10603,,,,,,,,1,,,,,,,,1,,,,,1,2,,,2,,,,,,3,,,,,4,,,,,2,,,,,,,,,1,,,,,,,,,,4,2,,,,,,,1,,,,2,,,,,,,,,,,,,,,,1,,,,,,,,,,,,,,,3,,1,1,,,,,2,,,1,,,2,,2,,,1,,,,,,,,,,,,,,2,,,2,4,,,,,,,,,,,,,,,,2,,,,,,,14,,,,,,,,,,,,,,,,1,1,1,,,,,,,,,,,2,1,1,,1,,,,,,,,2,,,,,,,,1,2,1,,,,,,,,,,,,,1,,,,,,,,,,,1,1,,,1,,,,,,,,,,,,,,1,,,
upTIN1Trha0,60609 Bhagawatimai Rural Municipality,60609,,,,,,,,,,,,,,,,2,,,,,1,,,,,,,,,,1,1,,,,2,,,,,,,,,,1,,,,2,,,,,,,,,,2,,,,,,,,,,,,,,,,,,,1,,,,3,,,,,,,,,,,,,,,,,,,,,,,1,,,,,,,,,,,,,3,,,,,,,,,,,1,,,,1,,,,,,,,,1,,,,,,,,,,,,,,,,,,,,,,,,,,,,,,,,,,,,,,,,,,,,,,,,,1,,1,,,,,,2,,,,1,,,,,,,,,,2,,,,,,1,,,,,,,1,,,,,,,,,,,,,,,,,,,,,,,,,,,,,,,,1
VoOb1wMwKp0,110 ILAM,110,,1,,,,8,,,,,,,,,,,,,,,,1,,,30,,,20,3,,1,,,,,74,,,,1,,,,,,,,,,13,,,1,,,,1,,1,35,,,,2,,5,,1,,,,1,,,1,,,,10,,,8,,,,5,,,,,,,,,1,,,,,1,4,,,,,,,,,1,1,,,,10,,1,,3,,,,1,,2,,10,,,,,,1,,,17,,,,1,,,6,,,,,9,7,,1,26,5,,,,,,,,,,2,,,,6,,,,,,7,,,,,1,,2,,,13,,,,,,,,,,1,,,,,,4,,,,,2,1,,,,,1,,,2,1,,3,,,,12,,,,,,,,,11,2,,5,13,,,,,,,,,,,,2,,,,,5,,,,,,,9,,
VcF5bn0dGEP,51002 Ghorahi Sub-Metropolitan City,51002,,,4,,,3,,,,,,3,,,,,,,,,,,,,10,,,1,,,,,,,,10,4,,,,,,,,,,,,3,22,,,,,,,,,,,,,,,4,1,,,,,,,,,,,,,3,,,,,,,,,,,,3,,,,,,,,,,2,,,,,,,,,,,,,,1,,,,3,,,,6,,,,1,1,,,,,,,,,,,,,,,4,4,,,3,,10,,,3,,,,,,,,,,,,,,,1,,,,,,1,,,,,,,,,,3,,,,,,,,,,,,,,,,3,,,,,,,,,,,,,,,6,,2,,,,15,,,,1,,,,,,,,,,,,,,,,,,,,,,,4,,,3,,,,,,,,,3
eavdB3HKbSd,30906 Panchkhal Municipality,30906,,,,1,,,,,1,2,,,,,,3,,,,,4,3,,,,2,,4,,,3,,,,,12,1,2,2,1,2,1,1,,,,,1,,1,,,,,1,,1,,,2,,,,,2,,,1,,,,5,,,,,1,1,1,3,,,1,,,1,,2,1,1,4,,,,1,,1,,1,,3,,3,2,,,,,,,2,,3,,1,,,,3,,1,3,,,,,,,,,,,,1,,,,1,2,,,,1,1,,,,,,,,5,3,,,4,1,,,,,,,1,,,,,,1,4,,,,,3,,,2,1,1,,,,,,,,,,,1,,3,,,,,,,,,,1,,,,1,,,,3,6,,,,,,,2,,2,,,,,,,,,,,,,,1,,,2,,,,,,3,,,,,,,,,,,,,,
TlXDFMCSr7E,41107 Badigad Rural Municipality,41107,,,,,,,,,,,,,,,,,,,,,,,,,,,,,,,,,,,,,,,,,,,,,,,,,,,,,,,,,5,,,,,,,,,,,,,,,1,,,,,,,,2,,,2,,,,,,,,,,,,,,,,,,,,2,,,1,,,,,1,,,,,,,,,,,,,,,,,,,,,,1,,,,,,,1,,,,,,,,,,,,,,,,,,,,,,,,,,,,,,,,,,,,,,,,1,,,,,,,,,,,,,,1,,,,,,,,,,2,,,,,,,,,1,,,,,,,1,,,,1,,,,,,,,,,,,,,,,,,1,,,1,,,,,,,,,,,,,,
xZmHtrqwcH3,60605 Aathbis Municipality,60605,,,,,,,,,,,,,,,,,,,,,,,,,,,,,,,,,,,,,,,,,,,,,,,,,,,,,,,,,,,,,,,,,,,,,,,,,,,,,,,,,,,,,,,,,,,,,,,,,1,,,,,,,1,,,,,,,,,,,,,,,24,,,,,,,,,,,,,,,,,,,,,,,,,,,,,,,,,,,,,,,,,,,,,,,,,,,,,,,,,,,,,,,,,,,,,,,,,,,,,,,,,1,,,,,,,,,,,,1,,23,,,,,,,,,,,,,,,,,,,,,,,,,,1,,,,,,,,,,,,,,,,,,,
FnQX929N8kc,60803 Banphikot Rural Municipality,60803,,,,,,,,,,,2,,,,,3,,,,1,,1,,,,,,,,,1,,,,,,,,,,1,,,,,,,,,,,,,,,,1,,,,1,,,,,,,2,,,,1,,,,,,,,2,,,,,,,,,,,,,,,,,,,,,,,,,,,,,,,1,,,,,,,,1,,,,,,,,,,,,,,,,,,,,1,,,,,,,,,,,,,,,,,2,1,,,,,,,,,,,,,,,,,,,,,,,,,,,,1,,,,,,,,,1,,,,,,1,,,,,,,,,,,,1,,1,,,,,,,,,,,,,,,,,,,,,,,1,,2,,,,,,,,,,,,,,,,,,,,
A3TeVhjjS2u,411 BAGLUNG,411,,,,2,,11,,,,1,1,,,1,,9,3,,,11,10,25,,1,6,5,,2,1,2,11,,,,,30,1,,1,5,6,,10,,,,,2,,11,,2,1,,21,,28,,,11,6,,,2,16,,,19,,,4,24,,,1,1,,,4,10,1,,16,,,,,11,,1,7,,,,10,,14,,,9,25,,13,1,1,7,,,,,14,2,1,,,,3,,17,,,23,1,2,,,,,,2,3,,4,22,,1,,,17,12,,1,5,2,,1,,,2,,,10,19,3,,6,,3,1,,1,,18,5,,2,1,,,,,1,,,,22,7,,25,17,18,1,4,2,7,,,1,2,,,17,,16,,,,2,2,18,,1,,11,,1,,,,1,1,15,29,8,,1,,1,,5,,7,,13,,,18,,,2,1,,,,,,,4,7,,1,2,,,14,2,1,1,,,,,,,,5,1,,
wBmsLGhrv9S,70305 Apihimal Rural Municipality,70305,,,,,,,,,,,,,,,,1,,,,,,,,,,,,,,,1,,,,,1,,,,,,,,,,,,,,,,,,,,,,,,,,,,,,,,,,,,,,,,,,,,,,,,,,,,,,,,,,,,,,,,,,,,,,,,,,,,,,,,,,,,,,1,,,,,,,,,,,,,,,,,,,,,,,,,,,,,,1,,,,,,,,,,,1,,,,,,,,,,,,,,,,,,,,,,,,,,,,,,,,,,,,,,,,,,,,,,,,,,,,,,,,,,,,,,,,,,,1,,,,,,,,,,,,,,,,,,,,,,,,,,,,,
BVIoUYtmRMk,70605 Dipayal Silgadhi Municipality,70605,,,,,,1,,,,,,,,,,,,,,,7,4,,,1,,,2,,,4,1,,,,1,,,,2,3,1,,,1,1,,1,,,,,,,1,,5,,,,2,,,2,,,,4,,,5,2,,,,1,,,,10,1,,2,,1,,,2,,1,,,,1,1,,,,2,1,1,,2,,,,,,1,1,3,1,,,,,,,,,,2,,,,,4,,,,,,,1,,,,,3,5,,,3,,,1,,3,,,,,,,,2,2,3,1,,2,,5,3,,,1,,2,,,,,,,10,2,,,5,,,,,,,,,2,,2,5,2,1,,,,,1,5,,1,,1,,,,3,,2,,1,11,,,1,,,,1,,,,3,,,3,,,1,,,1,,,,,2,3,,,,,1,2,2,,1,,,1,2,,,2,,3,,
sjHpWIiUjdQ,70601 Purbichouki Rural Municipality,70601,,,,,,,,,,1,,,,,,,,,,,2,,,,1,,,,,,,,,,,1,,,,,,,,,,,,,,,,,,,,,,,,1,,,,,,,,,,,1,,,,,,,,,,,,,,,,,,,,,,,,,8,,,,,1,,1,,,,,,,,,,,,,,,,,,,,,,,,,,,,,,,,,1,,,,,,,,,,,,,,,,,,,,,,,,,,,,,,,,,,,,,,,,1,,,,,,,,,,,,,,,,,,,,,,,,,,,,,,,,,,,,,,,,,,,,,,,,,,,,,,,,,,,,,,,,,,,,,,,,,,,,,,,,,,,
a9v445HgSvW,31209 Bakaiya Rural Municipality,31209,,,,,,,,,,,,,,,,,,,,1,,1,,,,,,1,1,1,8,,,,,11,1,,,,4,,,,,,,,,1,,,,,1,,2,,,1,57,,,1,2,,,,,,,2,,,,,,,,3,,,3,,,,,,,1,2,1,,1,,,1,,,2,2,,,,,3,,,,,,,,,,,,,1,,,1,,,,,,,,1,,,,2,,,,1,1,2,,,1,3,,,,,,,,4,15,,,,,,,,1,,,,,1,,,,,,,,,,,2,,3,3,,,,,1,,,,,,,,,1,,,,,,,,6,,4,,,3,,,1,,,,2,,,,,,1,,,,2,,,4,,,,1,,1,,,,,,3,,,,,,1,,,,,,1,1,,,,,,,
wS3hGPGJ5F3,50402 Satyawoti Rural Municipality,50402,,,,,,4,,,,,,,,,,,,,,,,,,,,,,,,,,,,,,5,,,2,,,,1,,,,,,,1,,,,,,,,,,,,,,,2,,,3,,,,,,,5,,,,,6,,,2,,,,,,,,,,,,,,,,,,9,,,,,,,,,,,,,,,,1,,4,,,,,,,,,,,1,,,,,,,,2,2,,,,,,,,,,,,,5,2,11,,,,,,,,,,,,,,,,,,,,,,,,,3,5,,,,,,,,,,,,,,3,,,,,,11,,,1,1,,,,,,,,1,,4,,,,,,,,,,,,,,,,,,,,,,,,,,,,,,,,,,,,,,,,,,,,,1
JX80Qhtamvy,41101 Baglung Municipality,41101,,,,2,,1,,,,,,,,,,1,,,,,2,5,,1,,,,,,,,,,,,5,1,,,3,,,2,,,,,,,1,,,,,,,1,,,3,1,,,,,,,1,,,,,,,,,,,,,,,,,,,,2,,1,1,,,,1,,4,,,1,2,,1,,,1,,,,,5,,,,,,,,2,,,3,,,,,,,,1,1,,,1,,,,,2,2,,,1,,,,,,1,,,1,,,,1,,,,,,,,,,,,,,,,,,,,,1,,1,,,,,1,1,,,1,1,,,2,,,,,,,,1,,,,1,,,,,,,1,1,1,1,,,,,,,,,,1,,,2,,,,1,,,,,,,1,,,,,,,4,,,,,,,,,,,,,,
h3U0l83K403,20610 Maulapur Municipality,20610,,,,,,,,,,,,,,,,,,,,,,,,,,,3,,,,,,,,,,,,,,,,,,,,,,,,,,,,,,,,,,,,,,,,,,,,,,,,,,,,,,,,,,,,,,,,,,,,,,,,,,,,,,,,,,,,,,,,,,,,,,,,,,,,,,,,,,,,,,,,,,,,,,,,,,,,,,,,,,,,,,,,,,,,,,,,,115,,,,,,,1,,,,,,,,,,,,,,,,,,,,,,,,,,,,,,,,,,,,,,,,,,,,,,,,,,,,,,,,,,,,,,,,,,,,,,,,,,,,,,,,
AQ2SELcTGFP,40101 Chumanubri Rural Municipality,40101,,,,,,,,,,,,,,,,,,,,,,1,,,,,,9,,,,,,,,,,,,,,,,,,,,,,1,,,,,,,,,,,,,,,,,,1,,,,,,,,,,,,,,,,,,,,1,,,,,,,,,,,,,,,1,,,,,,,,,,1,,,,,,,,,,,,,,,,,,,,,,,,,,,,,,,,,,,,1,,,,,,,,,1,,,,,1,,,,,,,,,,,,,1,,,,,,,,,,,,,,,,,,,,,,,,1,,,,,,,,,,,,,,,,,,,,,,1,,,,,1,,,,,,,,,,,,,,,,,,,,,,,,,,,,,,,,
khbmnjhVw6M,40911 Kaligandaki Rural Municipality,40911,,,,,,,,,,,,,,,,,,,,,,,,,,,,,,,,,,,,2,,1,1,,,,2,,,,,,,,,,,,1,,,,,1,1,,,,,,,,,,,,,,,,,,1,,,,1,,,,,1,,,,,,,,,,,,,,,,,,,,,,,,,,,,,,,,,,,,,,,,,,,,,,,,,,,,,,,,,,,,,,,,1,,,,,,,,,,,,,,,,,,,,,,,,1,,1,,1,,,,,,,,,,,,,,,,,,,,,,,,,1,,,,,,,,,,,,,,,,,,,,,,,,,,,,,,,,,1,1,,,,,,,,,,,,,,,,,,,,
c8wtEQShCEN,70706 Mangalsen Municipality,70706,,,,,,,,,,,,,,,,,,,,,4,,,,,,,,,,,,,1,,,,,,,,,,,,,,1,,,,1,,,1,1,1,,,,,,,,,,,,,,,5,,,7,,,,,7,,,,18,,,,10,1,,,,,,,,,,,3,,,14,,,,,,,,,,,,,,,,,,,5,,,,,,2,,1,,,18,2,,,,1,7,,,,,,,,,,,,,,,,,,,1,,,,,7,1,,,,,,,,,,2,1,2,,,1,7,,,,,,,,,,,,1,,1,,,,,,,,,,3,,,1,,,,,,,,,,,,,,,1,,2,,,,,,6,,,,,,,,1,1,,,,,,1,,,,,,,,,,,3,,,
SJQ2e9HUvaG,605 KALIKOT,605,,,,,,1,,5,,,,,,,,2,,,,,,3,,,22,,,,,,,,,,,23,,,,,1,,,,,,,,4,1,,,,,1,,,,,8,1,,1,,1,,,1,,,,1,,,,,,,,1,,,1,,2,,,2,,1,4,,,,,,1,,,,6,,1,,,,,,,,1,,,,,,2,,2,,,2,,,,,1,,,,,,,1,,7,,1,,,,1,,,,,1,,1,,,9,1,,,,,,,,,,2,1,,,,,,,,,,,,1,,,2,,,,9,1,,,,,,,,,,,,2,,1,1,1,,,,,,,,,,,,,,2,,2,,,1,,,,,,,,2,,,1,,,2,,,,,1,1,1,,,,,,,,,,,,,5,,,1,,,
YRQqsimTukd,50202 Thabang Rural Municipality,50202,,,1,,,,,,,,,,,,,2,,,,,5,2,,,3,,,,,,,,,,,4,,,,,,,,,,1,,,,2,,,,,,,,,,1,1,,,,1,,,1,,,,3,,,,,,,,1,,,,,,,,2,,,,,,,,,1,,,,,,,,,,,,,,,,,2,,,,,1,,,,,,,,,1,,,1,,,,,1,,,,,,,1,1,,,,,,,,2,,,,,,,,,,,,,,,,,,,3,,,,1,1,,,1,,,,2,,1,,,,,,,,,1,,,,,,1,,,,1,,,,,,,,,1,1,,,,,,,,,,1,,,,,,,,,,,,,,1,,,,,,,,,,,,,,,,,,1,,,
Za9amWOWD4I,10210 Dharmadevi Municipality,10210,,,,,,,,,,,,,,,,,,,,,,1,,,,,,,,,,,,,,,,,,,,,,,,,,,,,,,7,,2,,,,,,,,,2,,,,,,,,,,,,,,,,,,,,,,,,,,,,,,,1,,1,,,1,,,,,,,,,,,1,,,,,,,,6,,,,,,,,,,,,,,1,,,,,,1,,,,1,,,,,,,,,,,,,,,,,,,,,,,,,,,,,,,,,,,,,,,,,,,,,,,,,,,,,,,,,,,,,,,,,,,,,,,,,,,,,,,,,,,,1,,,,,,,,,,,,,,,,,,,,,,1,,,,,,,,,,
wtU6v09Kbe0,7 Sudurpashchim Province,7,,1,18,6,,35,14,,3,4,11,4,,4,,43,,,2,3,29,68,2,8,17,3,,12,13,3,16,1,,21,1,204,5,5,39,178,39,4,9,1,1,2,,8,1,65,1,3,1,8,33,1,29,1,,70,18,3,3,36,58,,9,32,,,9,30,,,15,6,9,,38,44,11,1,52,19,2,10,,44,1,2,32,,,3,19,12,69,,2,52,53,1,28,18,9,9,,13,5,15,68,5,8,10,1,,4,,43,11,,21,9,,8,6,6,10,1,19,95,2,20,37,2,8,4,5,38,24,1,3,15,14,27,13,10,3,2,,,68,66,15,1,10,4,6,3,1,10,,23,9,,,5,,10,4,4,1,10,2,2,43,17,1,28,37,,1,5,5,35,,,7,7,,5,29,9,6,1,,,8,2,84,,3,1,122,,20,13,14,,17,1,65,30,46,2,14,,5,1,41,,6,4,36,,2,37,,1,10,1,1,20,10,2,,1,15,18,20,,1,,7,33,12,1,2,2,7,1,4,,,8,16,38,3,13
eGCj6BVZTex,60307 Tanjakot Rural Municipality,60307,,,,1,,,,,,,,,,,,,,,,,,,,,,,,,,,,,,,,,,,,,,,,,,,,,,,,,,,,,,,,,,,,,,,,,,,,,,,,,,,,,,,,,,,,,,,,,,,,,,,1,,,,,,,,,,,,,,,,,,,,2,,,,,,,,,,,,,,,,,,,,,,,,,,,,,,,,,,,,,,,,,,,,1,,,,,,,,,,,,,,,,,,,,,,,,,,,,,1,,,,,,,,,,,,3,,,,,,,,,,,,,,,,,,,,,,,,,,,,,,,,,,,,,,,,,,,,,,,,,,,,,,,
pwSpcMa7aiC,11209 Ratuwamai Municipality,11209,,,1,1,,13,,3,,1,,1,,,,,1,,,10,9,19,4,,3,4,,1,,23,7,1,,,,62,,4,8,,12,1,6,,,,,1,,22,2,3,7,,8,,10,,,22,6,,,18,9,,,4,,,,13,,5,,,2,,7,25,,2,,,,5,,14,,,8,,,,7,7,23,,8,,8,,15,,5,,,1,,,,,,,,,10,,15,,,17,,,,,7,4,,6,2,,,15,2,2,,,4,,,6,8,17,,,,,,,,9,13,,1,14,1,10,,,,,9,1,,,,1,16,,,,2,1,2,8,7,3,23,17,4,,,11,,,,,10,2,11,11,,7,4,1,,,,17,,,,22,,10,1,,,,,23,16,12,,,,,,10,,7,,,,,15,,3,,,,6,,,,,5,10,,,10,,,8,,1,3,,1,,,,,7,7,1,,4
RAnQGp6ruMy,70209 Kedarsyun Rural Municipality,70209,,,,,,1,,,,,,,,,,2,,,,,2,,,,,,,,,,,,,,,,,,,,1,,,,,,,,,,,,,,,,,,,,,,,,3,,,,,,,1,,,,,,,1,3,,,1,,,,,,,,,,,,,,2,,,1,3,,2,,,,,,,,1,,,,,,,,1,,,1,,,,,,,,2,,,,,,,,,,,,,,,,,1,,,,,,,,,,,,,,,,,,,,,,,,,,,,,,,,1,,,,,,1,,,,,,,,,,,,,,,2,,,,,,,,1,,,,,,,,,,,,1,,,,,,,,,,,,,,,,,,,,,,,,,,,,,,,,,,,,1,,,1
wWZNcRGEiwS,60202 Chhayanath Rara Municipality,60202,,,,,,,,,,,,,,,,,,,,,,,,,,,,,,,,,,,,,,,,,,,,,,,,,,1,,,,,,,6,,,,,,,,,,,,,,,3,,,,,,,,,,,,,,,,,,,,,,,,,,,1,,,,,,,,,,,,,,,,,,,,,,,,,,,,,,,,,,,,,,,,,,,,,,,,,,,,,,,,,,6,,,,,,,,,,,,3,,,,,,,,,,,,,,,,,,,,,,,,,,,,,,,,,,,,,,,,,,,,3,,,,,,,,,,,,,,,,,,,,,,,,,,,,,,,,,,,,,,,,,,,,,,
D51gR5DC5vt,604 JUMLA,604,,,,,,,,,,,,,,,,3,,,,,1,,,,,,,,,,,,,,,,,1,,,,,,,,,,,,,,,,,3,,,,,,,,,,1,,1,,,,,1,,,,,,,,,,,,,,,,,,0,,,,,,,,,,,3,,5,,,,,,,,,,,,,,,,,,,,,,,,,,,,,,,,,,,,,1,,,1,,,,,,,,,,3,,,,,,1,,1,,,,,,,,,,,,,,,,,,,5,,,,,,,,,,,,,,1,,,,,,5,,,,1,,,,,,1,,,1,7,,,,,,1,,2,,1,,,1,,,,,,,,,,,,,,,,,,2,,,,,,,,,,,,,,6
RffL3O64yhC,11105 Shivasatakshi Municipality,11105,,,,,,,,,,,,,,,,,,,,,,,,,,,,,,,,,,,,,,,,,,,,,,,,,,,,,,,,,,,,,,,,,,,,,,,,,,,,,,,,,,,,,,,,,,,,,,,,,,,,,1,,,,,,,,,,,,,,,,,,,,,,,,,,,,,,,,,,,,,,,,,,,,,,,,,,,,,,,,,,,,,,,,,,,,,,,,,,,,,,,,,,,,,,,,,,,,,,,,,,,,,,,,,,,,,,,,,1,,,,,,,,,,,,,,,,,,,,,,,,,,,,,,,,,,,,,,,,,,,,,
WN5DP9gOQFW,70102 Gaumul Rural Municipality,70102,,,,,,,,,,1,,,,,,1,,,,,,,,,,,,,,,,,,,,4,,,,,,,,,,,,,,,,,,,,,,,,4,,,,,,,,,,,,,,,,,,,,,,,,,,,,1,,,,,,,,,,,,,1,,1,,,,,,,,,,,,,,,,,,,,,,,,,1,,,,,,,,,,,,,,,,,,,,,,,,,,,,,,,,,,,,,,,,,,,,,,,,,,,,,,,,,,,,,,,,,,,,,,,,,,,,1,,,,,,,,,,,,,,,,2,,,,,,,,,,,,,,,,,,,,,,,,,,,,,,,,,,,,,,,5
yiATnGd1BVI,50304 Pyuthan Municipality,50304,,,,,,5,,,,,,,,,,,,,,,,,,,2,,,,,,,,,,,3,,,,,,,,,,,,,2,2,,,,,,,,,,1,,,,,,,,,,,,,,,,2,,,3,5,,,2,,,,,,,,2,,,,1,,,,,,,,,,,,,,,,,,,,,,,,,,,2,,,,,,,,,,,,,,,,,,1,,,,,,,,,1,,,,,25,,1,,,,,,,,,,,,,,,,,,,,,,,,,,,,,,,,,,,,,1,,,,,,5,25,,,,,,2,,,,,,1,1,,,,,,,,,,,,,,,,,,,,,,,,,,,,,,,,,,,,,3,2,3,,,,,,,
BSlmdVvEkUs,11104 Kankai Municipality,11104,,,1,2,,27,,,1,,,1,,,,,2,1,,10,10,,3,1,,24,,,2,,,,,3,,,1,13,21,,,,,1,,1,3,5,,58,,,7,1,31,3,,,,,7,1,,,12,,,24,,,2,21,,,1,,,1,15,,,1,,,,6,,37,,,,,,,,14,,,,,28,,,,7,,,2,,,,,,,,1,18,,35,,1,23,2,,,,10,8,,23,,,,,,,,15,26,,,12,23,,4,,4,,5,,,,31,6,3,,,,2,,,,,,,,4,1,,,2,,,,3,23,,5,25,33,22,,,,,,,,,5,,27,,25,4,1,,,2,68,,,,,,,3,,,,,,,35,1,3,,,,40,,17,,,,1,,,1,,,,,,,,1,8,,,,,,,,2,,,4,1,,,,,14,,,,7
P1b64auzuzc,30211 Lisankhu Pakhar Rural Municipality,30211,,,,,,,,,,,,,,,,2,,,,1,2,4,,,1,,,,,1,,,,,,3,,,,,1,,,,,,,,1,,,,,,,,1,,,1,,,,,,,,1,,,,,,,,,,,,2,,,1,,,,,,,,1,,,,,,,,,,,,,,,,,,,,,,,,,,,,,,,2,,,,,,,,,,,,3,,,,,,,,,,1,,,,,,,,,2,,,,,,,,,,,,,,,,,,,,,,,1,,,,1,,,,,,,,,,,,4,,1,,,,,,,,,,4,,,,,,1,,,1,,,,,,,,,,,,,,,,,,,,,,,,,,,,,,,,,,,,,,,,,,,,,,
DDM7poCx1mp,30403 Ganga Jamuna Rural Municipality,30403,,,,,,3,1,,,,,,,,,2,,,,1,5,2,,,,,,,,,6,1,,,,10,,,1,,1,,,1,,1,,1,,4,,,,,3,,,,,5,2,,,,,,,7,,,,,1,,1,,,,4,2,,,2,1,,,,1,,,1,,,,1,8,3,,1,5,1,,5,1,,1,,,,,4,,,1,,,2,,4,,,3,,,,,,1,,1,,1,1,2,,,,,12,3,,,3,1,,4,,,,,,3,2,,1,4,,1,,,,,1,1,,,,,2,1,,,,1,,4,2,,8,3,,,,,2,,,,,,,2,3,1,,,,,1,6,,1,,3,,2,2,2,,,,1,4,3,,1,,,,2,,5,,2,,,2,,,,,,,,,,1,1,1,,,,,,1,2,,,,,,1,,,,3,37,,
dRTc5Zz5oSz,20217 Siraha Municipality,20217,,,,,,,5,,,,91,,2,,,7,,,,5,,10,8,3,,7,,12,,,5,,,5,,,,5,,71,,,10,,,,,,,8,2,,,,,,,,,,7,,,,,,,11,,,5,,,,5,10,,,,,,,17,,,,,31,,5,,,,,,,,,,11,11,,,,6,5,,,,,,,,,1,,8,7,12,84,,,,,,,15,9,,,,,,,,,,,,6,,8,,,,,1,,,,,,,,,11,,9,,,,,,5,5,,,,,,,,,,,22,8,,19,17,8,,,,,,,,,7,,11,1,11,,,,,,,,,,,,,4,,,3,,,10,13,,,,,,6,7,5,,5,,,,,,,5,,,,,,,,5,,,,,71,,,,,,,,,,,5,5,,,
eW2b8SUYRWt,107 DHANKUTA,107,,,,,,,,,,,,,,1,,1,,,,,1,3,,1,3,,5,10,1,3,2,1,,,,6,,1,,,5,,,,,,,,,5,1,1,,,,,2,,,1,2,1,3,1,3,4,,3,,,,7,,,,,,,,1,,,4,,,,,3,,1,1,,,,4,,6,,,3,2,,5,,,1,,,,,7,,,1,9,,1,,4,,,7,1,,,,4,,,,1,,2,9,,,,2,4,4,,,4,1,,,1,2,5,,,3,4,,,5,1,,1,,,,3,,,,,,,3,1,5,4,,,5,,,2,1,,,3,,9,,,,,,,2,,2,,1,,,,3,,,,3,,1,1,1,4,1,,3,1,1,,,,,,,,3,,2,,,2,,,1,,,,,,,,,4,1,,1,,,4,,,,,,1,,,,1,2,2,,
Cgi5CZddAvb,31101 Dudhouli Municipality,31101,,,10,5,,48,,1,,,,,,3,,13,,,1,27,51,4,,,2,14,,31,2,8,20,5,,,,173,,5,31,,20,,4,,,18,,,,55,2,,,2,45,,46,,,73,25,,,44,45,,,80,,,2,46,,,2,,,,,28,,3,28,,,,,24,,5,36,,,,22,,27,,5,13,62,,21,2,,9,,,,1,4,1,1,1,,,36,,64,,5,51,,,4,,5,,,7,,,6,12,,1,,10,28,5,,1,13,20,,4,,,2,,,42,58,2,1,9,,2,1,,,,25,2,,,,,2,2,,,,,,35,,,44,45,2,,1,,13,,,1,1,3,2,39,,16,2,,,2,1,83,,,,22,,2,,1,,8,,36,51,63,3,,,,,45,,35,,4,,,5,,,2,,,2,,,,1,23,23,3,,2,,,,,,,1,,,3,,,18,19,1,,
Wep3D4POB3H,103 SOLUKHUMBU,103,,,,1,1,16,,,,,,,,,5,4,,,,3,7,4,,1,6,1,,,,1,3,,,,,42,2,1,,3,3,,2,,1,,5,3,2,7,,2,2,,6,,3,,,22,1,,4,3,7,,,11,,,,9,,,,,,,2,6,,1,7,,,1,,7,,,5,,,,3,,8,1,1,5,14,,10,6,,16,,,,,4,1,2,,,,2,,11,,,10,10,,3,,,,,3,,,2,6,,1,,3,2,9,3,,4,2,,1,,,,,,8,9,1,,,,1,,,2,,3,,,,,,,3,,,,1,,1,1,,7,13,,1,2,,1,,,,1,4,1,5,1,1,,,,2,,3,,,,10,,,,4,,2,,13,12,18,2,2,,,,8,,4,,2,,,3,,1,,,,5,,,,,1,,3,,1,,,2,5,1,,,,,2,,,1,7,,,1
olbtbHw2fT8,60910 Kapurkot Rural Municipality,60910,,,,,,,,,,,,,,,,,,,,,,,,,1,,,,,,,,,,,1,,,,,,,,,,,,,,,,,,,,,,,,1,,,,,,,,,,,,1,,,,,,,1,,,,,,,,,,,,,,,,,,1,,,,,,,,,,,,,,,,,,,,,,1,,,,1,,,,,,,,,,,,,1,,,,,,,,,,,,,,,,,,,,,,,,,,,,,,,,,,,,,,,,,,,,,,,,,,,,,,,,,,,,,,,,,,,,,,,,,,,,,,1,,,,,,,,,,,,,,,,,,,,,,,,,,,,,,,,,,,,,,,,,,,,,
uYVGFFpDYBz,30301 Gosaikunda Rural Municipality,30301,,,1,,,,,,,,,,,,,1,,,,1,,,,,1,,,,,,,,,,,2,,,,,2,,,,,,,,,1,,,,,3,,,,,2,,,,1,1,,,1,,,,,,,,,,,4,1,,,,,,,,4,,,,,,,,,4,,,,1,,,,,,,,,,1,,,,,,,,,,,,,,1,,,,,,,,,,,1,,1,1,,,,,,,,,,,,,,,,,,,,,,1,,,,,,,,,,,,,,,,,,2,,,,,,5,,,,,,,1,,,,,,,,,,,,,,,1,,,,,2,,,,,,,,7,,,,1,,,5,,,,,,,,,,,,,,,1,,,,,,,,,,,,,,,,,
c6YGJbse4zV,50411 Chhatrakot Rural Municipality,50411,,,,,,2,,,,,,,,,,,,,,,4,,,,,,,,,,,,,,,2,,,,,,,,,,,,,,3,,,2,1,2,,1,,,2,1,,,,7,,,,,,,2,,,,,,,6,,,,,,,,,5,,,,,,,,,,,,,8,,,,,,,,,,,,,,,,,,4,,,,,,,,,,,1,,,,,,,,,3,,,,,,,,,,,,,,2,,,,,,,,,,1,,,,,,,,,,,,,,,,3,,,,,,,,,,,,,,,,3,,,,,3,,,,,,,,,,,,,,1,,,,,,1,,,,,,,,,,,,,,,,,,,,,,,,,,,,,,,,,,,,,2,,
UCZF0J5XCSS,10308 Likhu Pike Rural Municipality,10308,,,,,,,,,,,,,,,,,,,,,,,,,,,,,,1,,,,,,5,,,,,,,,,,,,,,,,,,,,,,,,,,,,,,,,,,,,1,,,,,,,,,,,,,,,,1,,,,,,,,,,,,,,,,2,,,,,,,,,,,,,,,,,,,,,,,,,,,,,,,,,,,,,,,,1,,,,,,,,,,,,,,,,,,,,,,,,,,,,,,,,,,,,3,,,,,,,,,,4,,,,,,,,,,,,,,,,,,,,,,2,,,,,,,,1,,,,,,,,,,,,,4,,,,,,,,,,,,,,,,,,,,,,,,,,
WRKcqzZHRdg,70813 Dhangadhi Sub-Metropolitan City,70813,,,3,,,,,,,,,,,1,,,,,,,,,,,,,,,,,,,,,,,,,28,,,,1,,,,,,,,,,,,,,,,,,,,,,3,,,,,,,,,,1,1,,,,,,,,,,,,,,,,,,,,,,,,,1,,,,,,,,,,,,,,,,,,,,,,1,,,,,,,,,1,,,,,,,,1,,,,,25,,,,,,,,,1,,,,,,,,,,,,,1,,,,,,6,,,,,,,1,,,,,,,,,,,,,1,,,,,,,3,,,,,,1,,,,,1,,,1,,1,,,,1,,,,,,,,,,,,,,,,,,,,,,,,,,,,,,,,,,,,2,,,
RfHnzEUDdXD,50405 Isma Rural Municipality,50405,,,,,,,,,,,,,,,,1,,,,,1,,,,,,,,,,,,,,,,,,,,1,,,,,,,,,,,,,,,,,,,,,,,1,,,,,,,,,,,,,,,,,,,,,,,,1,,,,,,,,,,,,,,,,,,,,,,,,,,,,,,,,,,,,,,,,,,,,,,,,,,,2,,,,,,,,,,,,,,,,,,,,,,,,,,,,,,,,,,,,,,,,,2,,,,,,,,,,,,,,,,,,,,,,,,,,,,,,,,,,,,,,,,,,,,,,,,,,,,,,,,,,,4,,,,,,,,,,,,,,,,,,1,,
xTWW1v7S7qX,70908 Belouri Municipality,70908,,,2,1,,7,,,,,,3,,,,5,,,,,7,,1,5,3,,,2,12,,,,,4,1,43,3,,1,,8,,,,,1,,3,,20,,,,,7,,10,,,13,5,,,3,10,,,5,,,,,,,,,,,4,8,,,9,,1,,,10,,,6,,,1,1,1,,,,8,,,,,,2,,,,,,,,,1,,,,5,,,,5,,3,,,,,6,,,,,,1,,,6,,,,5,8,,,5,,1,,,10,15,2,,,1,,,,,,6,4,,,1,,1,,,,,,,15,1,,5,5,,,1,,,,,,,,,15,,,,,,3,,4,,,1,5,,,,,,,,2,8,9,,,,,,5,,,,,,1,,,1,2,,,6,,2,,,,6,,,,,,,1,,,,,,1,,,,,,,5
xB2Gembbr72,60108 Chharka Tangsong Rural Municipality,60108,,,,,,,,,,,,,,,,,,,,,,,,,,,,,,,,,,,,,,,,,,,,,,,,,,,,,,,,,,,,,,,,,,,,,,,,,,,,,,,,,,,,,,,,,,,,,,,,,,5,,,,,,,,,,,,,,,,,,,,,,,,,,,,,,,,,,,,,,,,,,,,,,,,,,,,,,,,,,,,,,,,,,,,,,,,,,,,,,,,,,,,,,,,,,,,,,,,,,,,,,,,,,,,,,,,,,,,,,,,,,,,,,,,,,,,,,,,,,,,,,,,5,,,,,,,,,,,,,,,,,
UojUnRoexxf,30508 Belkotgadhi Municipality,30508,,,,,,,,,,,,,,,,,,,,,,1,,,,,,,,,,,,,,2,,,,,,,,,,,,,,1,,,,,,,,,,,,,,,,,,,,,,,,,,,,,1,,,,1,,,,,,,,,,,,,,,,,,,,,,,,,,,,,,,,,,,,,,,,,,,,,,,,,,,,,,,,,,,,,,,,,,,,,1,,,,,,,,,,,,,,,,,,,,,,,,,,,1,,,,,,,,,,,,,,,,,,,,,,,,,,,,,,,,,,,,,,,,,,,,,,,,,,,,,,1,,,,,1,,,,,,,,,,,,,,,,,,,,,
A50ckSZAOpX,31106 Sunkoshi Rural Municipality,31106,,,,,,1,,,,,,,,,,,,,,,,6,,,,,,,,,,,,,,1,,,,4,,,,,,,,,,1,,,,,2,,,,,1,,,,,,,,,,,,,,,,,,,,1,,,,,,,,,,,,,,,,,,,,1,1,,,,,,,,,,4,,1,,,,,,,,,,,,,,,,,,,,,1,,,,,,2,,,,,,,,,,,,,1,,,,,,,,,,,,,,,,,,,,,,,,,,,,,,,,,,,,,,,,1,,,,,,,2,,,,1,,,,,,,,2,1,,,,,,,,,,,,,,,,,,,,,,,,,,2,,,,,,1,,,,,,,,,,,,,,
aTs11VMpZhZ,50306 Mandavi Rural Municipality,50306,,,,,,,,,,,,,,,,,,,,,,2,,,,,,,,,,,,,,,,,,,,,,,,,,,,,,,,,,,,,,,,,,,,,,1,,,,,,,,,,,,,,,,,,,,,,,,,,,,,,,,1,,,,,,,,,,,,,,,,,,,,,,,,,,,,,,,,,,,,,,,,,,,,,,,,,,,,,,,,,,,,,,,,,,,,,,,,,,,,,,,,,,,,,,,,,,,,,,,,,,,,,,,,,,,,,,,,,,,,,,,,,,,,,,,1,,,,,,,,,,,,,,,,,,,,,,,,,,,,,,,,
VDTm4XjVDkr,60105 Tripurasundari Municipality,60105,,,,,,,,,,,,,,,,,,,,,,,,,,,,,,,,,,,,,,,,,,,,,,,,,,,,,,,,,,,,,,,,,,,,,,,,,,,,,,,,,,,,,,,,,,,,,,,,,,,,1,,,,,,,,,,,,1,,,,,,,,,,,,,,,,,,,,,,,,,,,,,,,,,,,,,,,,,,,,,,,,,,,,,,,,,,,,,,,,,,,,,,,,,,,,,,,,,,,,,,,,,,,,,,,,,,,,,,,,,,,,,,,,,,,,,,,,,,,,,,,,,,,,,,,,,,,,,,,,,,,
JaUBuct5QVT,11109 Gauriganj Rural Municipality,11109,,,,,,,,,,,,,,,,,,,,,,,,,,,,,,,,,,,,,,,,,,,,,,,,,,,,,,,,,,,,,,,,,,,,,,,,,,,,,,,,,,,,,,,,,,,,,,,,,,,,,,,,,,,,,,,,,,,,,,,,,,,,,,,,,,,,,,,,,,,1,,,,,,,,,,,,,,,,,,,,,,,,,,,,,,,,,,,,,,,,,,,,,,,,,,,,,,,,,,,,,,,,,,,,,,,,,,,,,,,,,,,,,,,,,,,,,,,,,,,,,,,,,,,,,,1,,,,,,,,,,
kNVwRd9KUhN,70603 Aadarsha Rural Municipality,70603,,,,,,,,,,,,,,,,,,,,,,,,,,,,,,,,,,,,,,,,,,,,,,,,,,,,,,,,,,,,,,,,,,,,,,,,,,,,,,,,,,,,,,,,,,1,,,,,,,,,,1,,,,,,,,,,,,,,,,,,,,,,,,,,,,,,,,,,,,,,,,1,,,,,,1,,,,,,,,,,,,,,,,,,,,,,,,,,,,,,,,,,,,,,,,,,,,,,,,,,,,,,,,,,,,,,,,,,,,,,,,,,,,,,,,,,,,,1,,,,,,,,,,,,,,,,,,,,,,,,,,,,
uyGkoQ4F9rT,705 DADELDHURA,705,,,4,,,5,,,,,,,,,,1,,,1,,,8,,,,,,1,,,9,,,,,19,,,1,,2,,,,,,,1,,9,,,,,3,,8,,,,,,1,8,4,,3,1,,,,2,,,1,,,,7,6,8,,15,,,1,,,,,2,,,,2,,11,,,10,3,,1,1,,4,,,2,,7,,,,,,3,,10,,,,2,,1,,,,,2,,1,,9,,,,,,7,,,,,,,2,,1,,,5,7,3,,2,,2,,,,,,,,,,,1,,,,,,,1,,1,4,3,,,,,5,,,,1,,3,,1,,,,,1,,11,,,,,,5,2,,,1,,7,2,12,,,,,,1,,,,7,,,4,,,,,1,12,8,,,,1,2,1,,1,,,3,,,,,2,,,,,,1,7,,1
xAsNu4wwdwe,31201 Indrasarowar Rural Municipality,31201,,,,,,1,,,,,,,,,,,,,,,,1,,,,,,,,,,,,,,4,,,,,,,,,,,,,,,,,,,,,,,,,,,,,,,,,,,,,,,,,,,,,,,1,,,,,,,,,,,,,,,,,1,,,,,,,,,,,1,,,,,,,,,,,,,,,,,,,,,,,,,,,,,3,,,,,,,,,,,,,,,,1,,,1,,,,,,,,,,,,,,,,,,,17,,,,,,,,,,,,,,1,,1,,,,,,,,,,,,,,1,,,,,,,,,,,,,,,,,,,,,,,,,4,,,,,1,,,,,,,,,,,,,,,,,,,,,
tzwC5guXi9i,40904 Arjun Choupari Rural Municipality,40904,,,,,,,,,,,,,,,,,,,,,,,,,1,,,,,,,,,,,4,,,,,,,,,,,,,,1,,,,,,,2,,,1,,,,,,,,,,,,1,,,,,,,1,3,,,1,,,,,1,,,1,,,,,,,,,,,,,,,,,,,,,,,,,,,,,,,,,,,,,,,1,,,,,,1,,,1,,,,,1,,,,,1,,,1,,,,,,,,,,,1,,,,,,,,,,,,,,,,,,,,,,1,,,,,,,,,,,,,,,,,,,1,,,,,,,,5,,1,,,,,,1,,,,,,,,,,,,,,,,,,,,,,,,,1,,,,,,,,,,,,,,
dbU0Qrz64BG,10504 Halesi Tuwachung Municipality,10504,,,,,,1,,,,1,,,,,,,,,,1,,,,,1,,,,,,,,,,,1,,,,,,,,,,,,2,,,,,,,3,,1,,,,,,,,,,1,1,,,,,,,,,,,,1,,,,,,,,,,,,,,,,,,,,,,,2,,,,,3,,,,,,,,,,,,,,1,,,,,,,,,,,,,,,,,1,,,,,,,,,,,,,1,2,,,,,,,,,,,,,,,,,,,,,,,1,,,1,1,,,1,,,,,,,,,,,,,,,,,,,,,1,,,,,,,,,,1,,,,,,,,,,,,,1,,,,,,,,,,1,,,,,,,,1,1,,,,,,,,,,,,,
FW7FzPv4KXM,60703 Junichande Rural Municipality,60703,,,,,,,,,,,,,,,,,,,,,,,,,,,,,,,,,,,,,,,,,,,,,,,,1,,,,,,,1,,,,,,,,,,,,,,,,,,,,,,,,,,,,,,,,,,,,,,,,,,,,,,,,,,,,,,,,,1,,,,,,,,,,36,,,,,,,,,,,,,,,,,1,,,,,,,,,,,,,,,1,,,,,,,,,,,,,,,,,,,,,,,,,,,,,,,,,,,,,,,,,,,,,,1,,,,,,,,,,,,,,,18,,,,,,,,,,,,,,,,,,,,,,,,,,,,,,,,,,1,,,,,,,,,,
h0biFY8WQEK,40402 Raghuganga Rural Municipality,40402,,,,,,1,,,,,,,,,,3,,,,1,1,1,,,,,,,1,,1,,,,,1,,,,,,,1,,,1,,,,1,,,,,2,,,,,,,,,1,,,,,,,,1,,,,,,,1,2,,,1,,,,,,,,,,,1,,,,,,3,1,,1,,,,,,,,3,,,,,,,,1,,,2,,,,,,,,1,,,,,,,,,,1,,,,,,,,,,,,1,1,,,,,,,,,,,,,,,,,,,,,,,2,,,,1,,,,,,,,,,,,1,,,,,,,1,2,,,,1,,,,,,,1,,1,,,,,,,1,,1,,,,,1,,,,,,,,,,,,1,,,,,,,,,,,1,,1,,,,2,,,
J8Rvhw4Whks,70504 Bhageshwor Rural Municipality,70504,,,,,,,,,,,,,,,,,,,,,,,,,,,,,,,,,,,,,,,,,,,,,,,,,,,,,,,,,,,,,,,,,,,,,,,,,,,,,,,1,,,,,,,,,,,,,,,,,,,,,,,,,,,,,,,,,,,,,,,,,,,,,,,,,,,,,,,,,,,,,,,,,,,,,,,,,,,,,,,,,,,,,,,,,,1,,,,,,,1,,,,,,,,,,,,,,,,,,,,,,,,,,,,,,,,,,,,,1,,,,,,,,,,,,,,,,,,,,,,,,,,,,,,,,,,,,,,,,,,,,,,
xLz1yz1FdED,50301 Gaumukhi Rural Municipality,50301,,,,,,,,,,,,,,,,2,,,,,1,1,,,1,,,,1,,,,,,,1,,,,,,,,,,,,1,,,,,,,1,,2,,,,,,,,1,,,,,,,2,,,,,,,1,1,,,,,,,,,,,,,,,,,,,,,,,1,,,1,,,,,,,1,,,,,,1,,,,1,,,,,,,,,,,1,,,,,1,,,,,,,,1,,,,,1,2,,,,,,,,,,,1,,,,,,,,,,,,1,,,1,1,,,1,,,1,,,,,,2,,,,,,,,,,,,3,,,,,,,,1,,2,,,,,,,,,,,,,2,,,,,,,,,,,1,1,,,,,,,,,,,1,,,,,,,,,
ZIC2hFywSyU,51205 Rajapur Municipality,51205,,,,,,1,,,,,,,,,,,,,,,,,,6,,,,,,,,,,,,,,,,,,,,,,,,,,,,,,,1,,,,,,,,,,,,,,,,,,,,,,,,,,,,,,,,,7,,,,,,,,,,,,,,,,,,,,,,,,,,,,,,,,,,,,,,,,,,,,,,,,,,1,,,,,,,,,,,,,,,,,,,,,,,,,,,,,,,,,,,,,,,,,2,1,,,,,,,,,,,,,,,,,,,,,,,,,,,1,,,,,,,,,,,,,,,1,,,,,,,,,,,,,,,,,,,,,,,,,,,,,,,,,,,,,
xJXQ3lrI3QE,70810 Tikapur Municipality,70810,,,,,,,,,,,6,,,,,,,,,,,38,,,,,,,,2,,,,,,,,,,18,13,,,,,,,,,,,,,,,,,,,,,,,18,,,,,,,,,,,,,,,,,,,,,,,,,,,,,,,5,,33,,,,,,,9,,,,,,14,33,,5,,,,,,,6,,,,,,,,,,,,,,,,,,,,,,,,,,,,,,,,,,,,,,,,,3,,,,,,,,,,,,,,,,,,,,,1,,3,8,,,,3,,,,,,,,,,,,,1,,,,12,,3,,14,,41,,,,,,,,,,,,16,,,13,,,,,,,,,,,,,6,,,,,12,,,1,,,,,,,,,,,
FJI9kFuS86i,10201 Bhotkhola Rural Municipality,10201,,,,,,1,,,,,,,,,,1,,,,,1,1,,,,,,,,,1,,,,,2,,,1,1,1,,,,,,,,,1,,,,,,,1,,,1,4,,,,1,,,1,,,1,2,,,,,,,1,,,,2,,,,,1,,,,,,,1,,4,,1,,1,,,1,,1,,,1,,2,,,,,,3,,,,,1,2,,,,1,,,1,,,,,,,,1,1,4,,,,,,,,,,,,1,1,,,,,2,1,,,,,1,,,,,,,1,,,,,3,,,1,,,,,,,,,,1,,,1,,1,,,,,,4,,,,2,,2,,,,7,,2,,5,,,,,,,,,,1,,,1,,,,,,,,,,,1,,,,,,,,,,,,,,,,,1,,,,2
H4ZqWgyw5qJ,20204 Mirchaiya Municipality,20204,,,,,,,,,,,,,,,,,,,,,,,,,,,,,,,,,,,,,,,,,,,,,,,,,,,,3,,,,,,,,,,,,,,,,,,,,,,,,,,,,,,,,,,,,,,,,,,,,,,,,,,,,,,,,,,,,,,,,,,,,,,,,,,,,,,,,,,,,,,,,,,,,,,,,,,,,,,,,,,,,,,,,,,,,,,,,,,,,,,,,,,,,,,,,,,,,,,,,,,,,,,,,,,,,,,,,,,,,,,,,,,,,,,,,,,,,,,,,,,,,,,,,,,,,,,,,,,,,,,,
H8GitWxvHbU,30505 Kispang Rural Municipality,30505,,,,,,,,,,,,,,,,5,,,,,1,1,,,,1,,,,,,,,,,1,,,,,,,,,,,,,,1,,,,,1,,,,,1,,,,,,,,,,,,1,,,,,,,,2,,,,,,,,1,,,,,,,,,1,,,,1,,1,,,,,,,,,,,,,,,,1,,,1,,,,,,,,,,,,,,,,,,,,,,,,,,,,,,,1,,,,,,,,,,1,,,,,,,,,,,,,,,,,1,,,,,,,,,,,,1,,2,,,,,,1,,,,,,,,,,,,1,,,,,,,,,,,,,,,,,,,,,,,,,,,,,,,,,,,,,,,,,,,,,,,
UXz6AH8q6LY,10508 Khotehang Rural Municipality,10508,,,,,,2,,,,,,,,,,,,,,,2,,,,,,,,,,,,,,,2,,,,,1,,,,,1,,,,2,,,,,1,,,,,1,,,,,,,,,,,,,,,,,,,,,,,,,,,,1,,,,,,,,,,,,,2,,,,,,,,,1,,,,,,,,,1,,,,,,,,,,,,,,,,,,,,,,,,1,,,,1,,1,,,1,1,,,,,1,,,,,,,,,,,,,,,,,,,,,,,,,,,,,,,,,,,,,15,,,,,2,,,,,,,,,,1,,,,,,,,,,,,,,1,,,,,,,,,,,,,,,,,,,,,,,,,,,,,,,,,,,
rtxWESQcq0T,60104 Mudkechula Rural Municipality,60104,,,,,,,,,,,,,,,,,,,,,,,,,,,,,,,,,,,,,,,,,,,,,,,,,,,,,,,1,,,,,,,,,,,,,,,,,,,,,,,,,,,,,,,,,,,,,,,,,,,,,,,,,,,,,,,,,,,,,,,,,,,,,,,,,,,,,,,,,,,,,,,,,,,,,,,,,,,,,,,,,,,,,,,,,,,,,,,,,,,,,,,,,,,,,,,,,,,,,,,,,,,,,,,,,,,,,,,,,,,,,,,,,,,,,,,,,,,,,,,,,,,,,,,,,,,,,,,,,,,,
XFE1qeAnWfW,41103 Tarakhola Rural Municipality,41103,,,,,,,,,,,,,,,,,,,,,,1,,,1,2,,,1,,1,,,,,3,,,,,1,,,,,,,,,2,,,,,5,,2,,,2,2,,,,2,,,,,,,1,,,,,,,,,,,1,,,,,3,,,1,,,,1,,,,,1,3,,1,,,,,,,,,,,,,,,,,,,1,,,,,,,,,1,,,4,,1,,,1,,,,,,,,,,,,,,4,1,,,,,,,,,2,,,,,,,,,,,,,2,1,,,1,18,,,,,,,,,,,1,,1,,,,,,4,,,,1,,,,,,,,,,,,1,,,,,,1,,1,,,1,,,,,,,,,,,1,,,,,,,2,,,,,,,,,,,,,,
zGGY6Sw9Uuw,10105 Aatharai Tribeni Rural Municipality,10105,,,,,,,,,,,,,,,,,,,,,1,1,,,,,,,,,,,,,,3,,,,,,,,,,,,,,,,,,,,,,,,,,,1,,,,,,,,,,,,,,,,,,,,,,,,,,,,1,,,,1,,,1,,1,,,2,,,,,,,,,,,,,,,,1,,,,,,,,,,,,,,,4,,,,,2,2,,,,2,,,,,,,,,,,,2,,,,,,,,,,,,,,,,,,,,,,,1,,,,,,,,,,,,,,1,,,,,,,,,,,,,,,,,,,,,1,,,,,,,,,,,,,1,,,,,,,,,,,,,,,2,,,,,,,1,,,,,,,,,,
U8Rk7sYzFmK,302 SINDHUPALCHOK,302,,3,,3,,43,,11,,,,,,,,17,,,1,4,9,7,,,14,1,,3,,4,4,3,,,,64,1,,3,1,17,,2,2,,,1,,3,18,1,1,3,1,8,,10,,,14,32,,3,9,15,1,,9,,,3,9,,1,1,4,,,6,11,1,,5,,,1,,11,2,,13,2,,1,6,18,19,,,4,14,,11,3,1,9,,,,1,5,,,2,,,9,1,11,,,11,1,,,1,2,,1,2,,,2,16,,1,1,,7,6,7,3,5,5,1,,3,,6,,,32,30,6,,2,1,2,,,6,,6,5,,2,1,,3,1,2,2,1,,,13,,,17,6,1,,9,,5,,,5,3,,,15,3,3,2,7,,1,,18,,2,,14,,,1,,,2,,16,13,10,2,2,,3,,23,1,4,,1,,1,12,,1,1,,,,,,,,2,3,3,2,1,,,1,,1,,2,,2,1,3,,,5,,,3
wFTDjO00OIR,10502 Aiselukharka Rural Municipality,10502,,,,,,3,,,,,,,,,,2,,,,,2,,,,,,,,,,,,,,,7,,,,,1,1,,,,,,,,,,,,,,,1,,,5,1,,,,2,,,3,,,,2,,,1,,,,3,1,,,2,,,,,,,,1,,,,1,,,,,3,3,,,,,,,,,,1,,,,,,,,3,,,,,,,,,,,1,,,1,1,,,,,,,,,2,1,,,,,,,,,1,,,1,,,1,,,,,1,,,,,,,,,,,,1,,,,1,,,,,,,,,,,,3,,1,,,,,,5,,,,2,,,,,,2,,1,,2,,,,,,3,,,,1,,,1,,,,,,,,,,,1,1,,,,,,,,,,,,1,,,,,,,,
EJ6VZgN3gyN,30702 Bhaktapur Municipality,30702,,,,,,,,,1,,,,,,,,,,,,,,,,1,,,1,,,,,,,,5,,1,,,,,,,,,,1,,,,,,,1,,,,,1,,,,,,,,,,1,1,,,,,,,,,,,,,,,,,,,,,,,,1,,,,,,1,,,,,,,,,,,,,,,,,,1,,,,,,,,,,1,,,1,,,,1,,,,,,1,,,,,,,,,,3,1,,,,,,,,,,,,,,,,,1,,,,,,1,,,1,,,,,,,,,,,,,,,,,,,,,1,,1,,1,,1,,,,,,,,2,,,,,,,,,,,,,,,,,,,1,,,,,,,,,,,,,,,,,,,,,,,,,,
f7uYPBZIlpR,50605 Tansen Municipality,50605,,,,,,65,,8,,,1,,,,,53,,,,30,42,45,2,,,3,,4,,5,35,,,3,,173,,8,22,16,27,,20,,4,,,,,36,2,,3,1,,,40,,,53,,,,28,53,,,,,,,26,,3,,1,1,,19,30,3,,36,,,4,,42,,7,41,,,,22,,56,,2,43,67,,47,7,3,25,,,,,57,2,1,1,,,,1,76,,,31,,,4,,3,,,19,,,16,36,2,,,18,40,37,1,2,27,23,,,,,,,1,53,44,,,39,1,28,,,,,,11,,1,,,,,,,,,,44,12,,,43,3,,,1,28,,,,3,,,42,1,25,,,,1,,45,,1,2,32,,8,,,,6,,39,17,67,,,,,,23,,25,,20,,,32,,,,,,3,,,,30,18,28,3,,5,,,37,,,,,,1,,7,,,32,1,,5
FBtbgRuKWDU,10802 Phedap Rural Municipality,10802,,,,,,,,,,2,,,,,,1,,,,,,,,,,,,,,,4,1,,,,,,,,,1,,,,,,,,,,,,,,,,1,,,,,,,,,,,3,,,,1,,,,,,,,1,,,,,,,,,,,,,,,1,,,,,3,,1,2,,,1,,,,,,,,,,,,,,,,1,,,,,,,,1,,,,,,,,,,1,,,,,,2,,,,,,,4,,,,,,,,,,1,1,,,,,,1,,,,,1,1,,,1,,,,,,,,,,,,,,,,,,,,,,,,,,,,1,,,,,,,1,,,,,,,,1,,1,,,1,,,,,,,,,,,1,,,,,,,1,3,,,,,,1,,,,,,,
ifypJag1NZc,20305 Chhireshwornath Municipality,20305,,,,,,,,,,,,,,,,,,,,,,,,,1,,,,,,,,,,,1,,,,,,,,,,,,,1,,,,,,,,,,,,,,,,,,,,,,3,,,,,,,,,,,,,,,,,,,,1,,,,,,,,,,,,,,,,,,,,,,,,,,,,,,,,,,,,,,,,,,,,,,,,,,,,,,,,,,,,,,,,,,,,,,,,,,,,,,,,,,,,,3,,,,,,,,,,,,,,,,,,,,,,,,,,,,,,,,,,,,,,,,,,,,,,,,,,,,,,,,,,,,,,,,,,,,,,,,,,,,,,,,,,,
iEXW2lBlpe5,31107 Ghyanglekha Rural Municipality,31107,,,1,,,,,,,,,,,,,,,,,,,,,,1,,,,,,,,,,,1,,,,,,,,,,,,,,1,,,,,,,,,,,,,,,1,,,,,,,,,,,,,,,,,,,,,,,,,,,,,,,,,,,,1,,,,,,,,,,,,,,,,,,1,,,,,,,,,,,,,,,,,,,,,,,,,1,,,,,,,,,,,,,,,,,,,,,,,,,,,,,,,,,,,,,,,,,,,,,,,,,,,,,,,,,,,,,,,,,,,,,,,,,,,,2,,,,,,,,,,,,,,,,,,,,,,,,,,,1,,,,,,,,,,,,
wgiDXt162Wl,30210 Tripurasundari Rural Municipality,30210,,,,,,,,,,,,,,,,3,,,,,,,,,,,,,,,,,,,,,,,,,3,,,,,,,,,,,,,,,,1,,,,,,,,,,,1,,,,1,,,,,,,,2,,,,,,,,,,,,,,,,,1,,,2,1,,,,,,,,,,1,,,,,,,,2,,,,,,,,,,,,,,,3,,,,,,1,,,,,,,,,,,,,1,,,,,,,,1,,,,,,,,,,,,,,,,,,,,,,,,,,,,,,,,,,,,,,,,,,,1,,,,,,,,4,,,,,,,,,,,,,,,1,,,,,,,,,,,,,1,,,,,1,,,,,,,,,,,1,,,
rB8R9ZD7Ygz,20502 Hariwan Municipality,20502,,,,,,,,,,,,,,,,,,,,,,,,,,,,,,,,,,,,,,,,,,,,,,,,,,,,,,,,,,,,,,,,,,,,,,,,,,,,,,,,,,,,,,,,,,,,,,,,,,,,,,,,,,,,,2,,,,,,,,,,,,,,,,,,,,9,,,,,,,,,,,,,,,,,,,,,,,,,,,,,,,,,,,,,,,,,,,,,,,,,,,,,,,,,,,,,,,,,,,,,,,,,9,,,,,,,,,,,,,,,,,,,,,,2,,,,,,,,,,,,,,,,,,,,,,,,,,,,,,,,,,,
Kkw5qzJDbaB,30504 Bidur Municipality,30504,,,,,,,,,,,,,,,,6,,,,,1,1,,,2,3,,,,,,,,,,4,,,,,,,,,,,,,1,,,,,,1,,2,,,1,,,,,,,,,,,2,1,,,,3,,,,,,,1,,,,,1,,,1,,,,8,,4,,,3,,,2,,,,,,,,1,,,5,,,,1,,,,1,1,,,,,,,,,,,6,,,,,7,3,,,,1,,,,,,,,1,,,,4,1,,,,,,1,1,,,,,,,,,,,,7,,,1,1,,,,,4,,,,,,,,,,,,,,,,,,,,,,1,,,2,,5,5,1,,,,,,,1,,,,,,3,,,,,,,,,,,,,,,,,,,,1,,1,,,,,,,,,,
q92qiDR9n1u,70506 Aalital Rural Municipality,70506,,,,,,,,,,,,,,,,,,,,,,,,,,,,,,,,,,,,,,,,,,,,,,,,,,,,,,,,,,,,,,,,,,,,,,,,,,,,,,,,,,,,,,,,,,,,,,,,,,,,,,,,,,,,,,,,,,,,,,,,,,,,,,,,,,,,,,,,,,,,,,,,,,,,,,,,,,,,,,,,,,,,,,,,,,,,,,,,,,,,,,,,,,,,,,,,,,,,,,,,,,,,,,,,,,,,,,,,,,,,1,,,,,,,,,,,,,,,,,,,,,,,,,,,,,,,,,,,,,,,
Y86rNPKnw2a,20811 Dhobini Rural Municipality,20811,,,,,,,,,,,,,,,,,,,,,,,,,,,,,,,,,,,,,,,,,,,,,,,,,,,,,,,,,,1,,,,,,,,,,,,,,,,,,,,,,,,,,,,,,3,,,,,,,,,,,,1,,,,,,,,,,,,,,,,,,,,,,,,,,,,,,,,,,,,,,,,1,,,,,,1,,,,,,,,,,,,,,,,,,,,,,,,,,,,,,,,,,,,,,,,,,,,,,,1,,,,,,,,,,,,,,,,,,,,,,,,,,,,,,,,,,,,,,,,,,,,,,1,,,,,,,,,,,,,,,,,,,,
Jlabga4mmIy,40502 Machhapuchchhre Rural Municipality,40502,,,,,,1,,,,,,,,1,,1,,,,,3,3,,,,,,,1,,,,,,,3,,,,,,,,,,,,,,2,,,,1,2,,1,,,,1,,,,1,,,4,,,,2,,,1,,,,,3,1,,,,,,,,,,2,,,,1,,,,1,1,,,1,2,,1,,,1,,,,,,,,,,1,,,4,2,,,,,,,,1,,,1,,,,1,1,1,,,,1,,,,,,,,,1,1,,,1,,,,,,1,1,,,,,,,,1,,,,2,,,3,1,,,,,1,,,1,,,,6,,1,,,,,,2,,,,2,,2,1,,,1,,4,1,3,3,,,,,,,,,1,,,,,,,,,,,,,,,,,,,,,1,2,,,,,,,,,,1,,,2
l6h4020yfj1,10507 Diprung Chuichumma Rural Municipality,10507,,,,,,,,1,,,,,,,,,,,,,,,,,,,,,1,,3,,,,,,,,,,1,,1,,,,,,,,,,,,,,1,,,,,,,1,,,,,,,,1,,,,,1,,1,1,,,2,,,,,,,1,,,,,,,,,,1,,,1,,1,,,,,,,,,,,,,,,,,,,,,,,,,,,,,,,,,,,,,,,,,,,,,,,,1,,,,,,,,,,1,,,,,,,,,,,,,,,,,,,,,,2,,,,,,,,,,,,,,,,,,1,1,,,,,,,,,,,,,,,,2,,,,,,,,,,,,,,,,,,,1,,,1,,,,,,,,,,,,,,1,,,
TqihpDvXRdJ,20605 Brindaban Municipality,20605,,,,,,,,,,,,,,,,,,,,,,,,,,,,,,,,,,,,,,,,,1,,,,,,,,,,,1,,,,,,,,,,,,,,,,,,,,,,,,,,,,,,,,,,,,,,,,,,,,,,,,,,,,,,,,,,,,,,,,,,,,,,,,,,,,,,,,,,,,,,,,,,,,,,,,,,,,,,,,,,,,,,,,,,,,,,,,,,,,,,,,,,,,,,,,,,,,,,,,,,,,,,,,,,,,,,,,,,,,,,,,,,,,,,,,,,,,,,,,,,,,,,,,,,,,,,,,,,,,,,,
RW1bIabPbfE,20307 Mithila Bihari Municipality,20307,,,,,,,,,,,,,,,,,,,,,,,,,,,,,,,,,,,,,,,,,,,,,,,,,,,,,,,,,,,,,,,,,,,,,,,,,,,,,,,,,,,,,,,,,,,,,,,,,,,,,,,,,,,,,,,,,,,,,,,,,,,,,,,,,,,,,,,,,,,,,,,,,,,,,,,,,,,,,,,,,,,,,,,,,,,,,,,,,,,,,1,,,,,,,,,,,,,,,,,,,,,,,,,,,,,,,,,,,,,,,,,,,,,,,,,,,,,,,,,,,,,,,,,,,,,,,,,,,,,,
TOA9PlmWliy,40804 Hupsekot Rural Municipality,40804,,,,,,,,,,,,,,,,,,,,,,,,,,,,,,,,,,,,,,,,,,,1,,,,,,,,,,,,,,,,,,,,,,,,,,,,,1,,,,,,,,,,,,,,,,,,,,,,,,,,,,,,,,,,,,,,,,,,,,,,,,,,,,,,,,,,,,,,,,,,,,,,,,,,,,,,,,,,,,,,,,,,,,,,,,,,,,,,,,,,,,1,,,,,,,,,,,,,,,,,,,,,,,,,,,,,,,1,,,,,,,,,,,,,,,,,,,,,,,,,,,,,,,,,,,,,,,,,,,,,,,,
E0BEzyhd8WB,20516 Balara Municipality,20516,,,,,,,,,,,,,,,,,,,,,,,,,,,,,,,,,,,,1,,,,,,,,,,,,,,,,,,,,,,1,,,3,,,1,,,,,,,,,,,,,,,,,,,,,,,,,,1,,,,,,,,,,,,,,,,,,,,,,,,,,,,,,,,,,,,,,,,,,1,2,,,,,,,,,,,,,,,,,,,1,,,,,,,,,,,,,,,,,,,,,,,,,,,,,,,,,,,,1,,,,,,,,,,,,,,,,,,1,,,,,,,,,,,,,,,,,,,,,,,,,,,,,,,,,,,,,,,,,,,,,,,,,,,,,
tzmIM8cMWUM,50804 Kanchan Rural Municipality,50804,,1,,,,,,,,1,,,,,,,,,,,,,,,,,,,,,,,,,,,,,,,,,1,,,,,,,,,,1,,,,,,,,,,,,,,,,,,,,,,,,,,,,,,,,,,,,,,,,,,,,,,,,,,1,,,,,,,,1,,,,,,,,,,,,,,,,,,,,,,,,,,,,,,,,,,,,,,,,,,,,,,,,,,,,,,,,,,,,,,,,,,,,,,,,,,,,,,,,,,,,,,,,,,,,,,,,,,,,,,,,,,,,,,,,,,,,,,,,,,,,,,,,,,,,,,,,,,,,,,,,,,,,
jTp30hcgdic,30102 Bigu Rural Municipality,30102,,,,,,,,,,,,,,,,,,,,,1,,,,,,,,,,,,,,,3,,,,,1,,,,,,,1,,1,,,1,,2,,,,,2,,,,2,,,,,,,,2,,,,,,,,,,,2,,,,,,,,,,,,,,,,,1,,,1,,,,,,,,,,,,,,,,,,,,,,,,,,,,,,,,,,,,,1,,,,,,,,,,,,1,1,,,,,,,,,,1,,,,,,,,1,,,,,,,,,,,,,,,,,,,,,,,2,,,,,,1,,,,,,,,,,,,,2,,,,,,,2,,,,,,,,,,,,,,,,,,,,,,,,,,,,,,,,,,,,,,,
gOCG6lmlpPq,20810 Kalikamai Rural Municipality,20810,,,,,,,,1,,,,,,,,,,,,,,,,,,,,,,,,,,,,,,,,,,,,,,,,,,,,,,,,,,,,,,,,,,,,,,,,,,,,,,,,,,,,,,,,,,,,,,,,,,,,,,,,,,,,,,,,,,,,,,,,,,,,,,,,,,,,,,,,,,,,,,,,,,,,,,,,,,,,,,,,,,,,,,,,,,,,,,,,,,,,,,,,,,,,,,,,,,,,,,,,,,,,,,,,,,,,,,,,,,,,,,,,,,,,,,,,,,,,,,,,,,,,,,,,,,,,,,,,,,,
ZVmULoI6vcV,309 KAVREPALANCHOK,309,,1,,2,,11,,,1,12,,,1,8,,22,5,,,10,5,15,,,3,2,,26,,,8,3,,,,35,1,2,2,6,13,4,7,,,,,1,,27,1,6,3,,7,,11,,,7,2,,8,3,13,,2,16,,,,21,,,,,2,1,9,7,,21,11,,,1,,12,1,1,8,,,,3,4,22,,2,20,12,,18,2,,1,,,,,7,,3,1,1,,2,,7,,1,17,2,3,,,1,,,3,7,,3,12,,,,3,9,9,,1,5,4,,13,,,,,5,15,9,1,,8,8,,1,,1,,1,1,,,13,,,2,6,,1,,,11,1,1,9,7,1,,2,,10,7,,,3,,,5,5,6,,,,,,11,,1,,15,1,2,1,1,,,,15,8,6,3,3,,6,,17,,4,,,,,8,,1,1,,,1,,,1,7,8,3,4,,1,,1,6,3,1,,,,3,1,,,1,10,,,1
efeJVmnEkr5,20111 Rajgadh Rural Municipality,20111,,,,,,,,,,,,,,,,,,,,,,,,,,,,,,,,,,,,,,,,,,,,,,,,,,,,,,,,,,,,,,,,,,,,1,,,,,,,,,,,,,,,,,,,,,,,,,,,,,,,,,,,,,,,,,,,,,,,,,,,,,,,,,,,,,,,,,,,,,,,,,,,,,,,,,,,,,,,,,,,,,,,,,,,,,,,,,,,,,,,,,,,,,,,,,,,,,,,,,,,,,,,,,,,,,,,,,,,,,,,,,,,,,,,,,,,,,,,,,,,,,,,,,,,,,,,,,,,,,,,
tmwWqpt7zGE,10405 Likhu Rural Municipality,10405,,,,,,2,,,,,,,,,,,,,,1,,,,,,,,,,,,,,,,2,,,,,,,,,,,,,,2,,,,,1,,,,,,3,,,,,,,,,,,1,,,,,,,,,,,1,,,,,,,,,,,,,,1,,,1,3,,,,,1,,,,,,,,,,,,,1,,,,,,,,,,,,,,,,,,,,2,,,,,1,,,,,,,,1,1,,,2,,,,,,,1,,,,,,,,,,,,,,,,,1,,,,,,,,,,,,1,,1,,,,,,3,,,,,,,,,,,,,,1,,2,,,,,,,,,,,,,,,,,,,,,,,,,,,,,,,,,,,,,,,,,,,
Kk6Rb9uAb3d,50303 JHIMRUK RURAL MUNICIPALITY,50303,,,,,,,,,,,,,,,,,,,,,,1,,,,,,,,,,,,,,1,,,,,,,,,,,,,,,,,,,,,1,,,,,,,,1,,,,,,,,,,,,,,,3,,,,,,,,1,,,,,,,,,,,,,,,,,,,,,,,,,,,,,,,,,,,,,,,,,,,,,,,,,,,,,,,,,,,,,,,,1,,,,,,,,,,,1,,,,1,,,,,,,,,,,,,1,,,,,,,,,,,,,,,,,,,,1,,,,,,,,,,,,,,,,,,,,1,,,,,,,,,,,,,,,,,,,2,,,,,,,,,,,,,,,,,,,,
p0awRGLIfjx,50607 Rainadevi Chhahara Rural Municipality,50607,,,,,,,,,,,,,,,,,,,,,2,,,,,,,,,,,,,,,2,,,,,,,,,,2,,,,1,,,,,1,,,,,2,,,,,,,,2,,,,,,,,,,,,1,,,,,,,,,,,,,,,,,,,,,,,,,,,,1,,,,,,,,,,,,,,2,,,,,,,,,,,,,,,,,,,,,,,,,,,,,,,1,,,,,,,,,,1,,,,,,,,,,,,,,,,,1,,,,,,,,,,,,1,,,,,,,,,,,,,,,,,,,,1,,,,,,,,,,,,,,,,,,,,,,,,,,,,,,,,,,,,,,,,,,,,,,,
Yacp1fLlWut,402 MANANG,402,,,,,,,,,,,,,,,,,,,,,,,,,,,,,,,,,,,,,,,,,,,,,,,,,,,,,,,,,,,,,,,,,,,,,,,,1,,,,,,,,,,,,,,,,,,,,,,,,,,,,,,,,,,,,,,,,,,,,,,,,,,,,,,,,,,,,,,,,,,,,,,,,,,,,,,,,,,,,,,,,,2,,,,,,,,2,,,,,,,,,,,1,,,,,,,,,,,,,,,,,,,,,,,,,,,,,,,,,2,,,,,,,,,,,,,,2,,,,,,,,,,,,,,,,,,,,,,,,,,,,,,,,
W5rn6JqkqWQ,40105 Aarughat Rural Municipality,40105,,,,,,6,,,,,,,,,,5,,,,,,5,,,2,,,1,,1,1,,,2,,18,,,,2,4,,2,1,,,,,,2,,,,,1,,6,,,11,4,,,1,4,,2,9,,,,2,,,,,,,3,6,4,,6,,,,,6,,1,,,,,1,,4,,1,5,8,,2,,,,,,,,2,,,,,,4,,4,,,10,,,,,,,,,,,,,,2,,3,5,,,,2,1,,,,,1,,,6,7,,,,,,,,,,18,,,,,,,,,,,,,4,,,8,8,,,,,3,,,,1,,,10,,3,1,,,,1,6,,1,1,2,,,,,,1,,5,2,14,,,,,,,,1,,,,,4,,,,,,,4,,,,,6,,,,,,4,,,,,1,,,,,,1,,,1
Sqc4yQCbl8m,31202 Thaha Municipality,31202,,,,,,2,,,,,,,,,,,,,,1,,5,,,1,2,,,,,,,,,,21,,,,,4,,,,,,,,,8,,,1,,4,,11,,,10,,,,2,3,,,1,,,,3,,,,,,,3,4,,,1,,,1,,,,,4,,,,1,,,,1,1,5,,,2,,,,,,,,1,4,,,,1,,11,,,,,,1,,,,,,,,,2,,,,,,3,,,5,,,,,,,,,6,5,,,2,11,1,,,,,1,,,,,,1,1,,,,,,2,,,2,,,,1,,1,,,,,,,2,2,5,,,,3,,15,,,,,,,1,,,,,6,2,1,,,,,,3,,2,,1,,,3,,,,,,1,,,,,,1,,,1,,,1,,,,,,1,,,,,1,,,3
TfaB2muU8a0,41006 Bihadi Rural Municipality,41006,,,,,,1,,,,,,,,,,,,,,,,,,,,,,,,,,,,,,4,,,,,,,,,,,,,,,,,,,,,1,,,2,,,,,,,,1,,,,1,,,,,,,,,,,,,,,,,,,2,,,,,,,,,,3,,,,,,,,,,,,,,,,,,,,,,,,,,,,,,,,,,,,,,,,,,,,,,,,,,,,,,,,,,,,,,1,1,,,,,,,,,,,,,,,,,,,,,,,,,,,,1,,,,,,,,,,,,,,,,,,,,,1,2,,,,,,,,,,,,,,,,1,,,,,,,,,,,,,,,1,,,,,,,,,,,,,,
ewPc6zXy53n,603 HUMLA,603,,,,1,,2,,1,,,,,,,,,,,,,12,,,,1,1,,,,,1,,,,,5,,,,,,,,,,,,,1,,,,,,,,,,,2,,,,,,,,1,,,,2,,,,,,,,,,,,,,,,3,,,1,,,,,,,,1,,1,,,1,,,,,,,,,,,,,,,5,,,4,1,,,,,,,,,,,,,,,,,1,,,,,,,2,,,,,2,,,,,,,,,,,2,,,,,,,,,,,,,3,,,1,,,,,,,,,,,,,2,1,1,,,,,1,3,,,,3,,,,,,1,,1,,3,1,,,,,,,,,,,,,,,,,,,,,,,5,,,,,,,,,,,,,,,,,2,,,,
c8KxkF0tS5o,70108 Budhiganga Municipality,70108,,,1,,,3,,,,,,,,,,6,,,,,1,3,1,,,1,,,,,,,,,,6,,,,,,,,,,,,,,1,,,,,,,,,,3,,,,,1,,,,,,,,,,,,,,,1,,,1,,,,,,,,3,,,,,,,,,,,,1,5,,,,,,,3,,,3,,,,,5,,,,,,,,,,,,,,,,,,,,1,,,,1,,,,,,,,,,,,,,,,,,,,,,,,,,,,,,,,,,,,,,,,,,,,,,,,,,,,,,,,,2,,,,1,,1,,,,,,5,,4,,,,,,,,,,,,,,,,,,,,,,,,1,,,,,,,,,,,,,,,,,,1,,,
OkEamk072ao,70203 Surma Rural Municipality,70203,,,,,,,,,,,,,,,,,,,,,,,,,,,,,,,,,,,,1,,,,,,,,,,,,,,,,,,,,,,,,,,,,,,,,,,,,,,,,,,,,,,,,,,,,,,,1,,,,,,,,,,,,,,,,,,,,,,,,,,,,,,,,,,,,,,,,,,,,,,,,,,,,,,,,,,,,,,,,,,,,,,,,,,,,,,,,,,,,,,,,,,,,,,,,,,,,,,,,,,,,,,,,,,,,,,,,,,,,,,,,,,,,,,,,,,,,,,,,,,,,,,,,,,,,,,,,,,,,,,,,
MXHCNv2Axez,10606 Pauwa Dunma Rural Municipality,10606,,,,,,,,,,,,,,,,,,,,,,,,,,,,,,,,,,,,,,,1,,,,,,,,,,,2,,,,,,,,,,,1,,,2,,,,,,,,,,,,,,,,,,,,,,,,1,,,,,,,,,1,,,,,,,,,,,,,,,,,,,,,,,,,,,,,,,,,,,,,2,,,,,,,,,,,1,,,,,,,,1,,,,,,,,,,,,,,,,,,,,,,,,,,,,,,,,,,,1,,,,,,,,,,,,,,,,,,,,,,,,,,,,,,,,,,,,,,,1,,,,,,,,,,,,,,,,,,,,,,,,,,,,,,,,
xnEfw3zQ0ge,50403 Chandrakot Rural Municipality,50403,,,,,,,,,,,,,,,,2,,,,,6,,,1,,,,,,,2,1,,,,,,,,,1,,2,,,1,,,,,,,,,3,,2,,,,,,,1,3,,,2,,,,,,,,,,,1,,,,2,,,,,4,,,,,,,1,,,,,,,2,1,,,2,,,,,,,,,,,,,,,,,,,,,,,,1,,,,,,,,,3,,1,,1,,,,,,,,,,,,,,1,,,,,,1,3,,,,,,,,,,,2,6,,,4,1,,,,,,,,,,,,,,5,,,,,,3,,,,2,,,,,,,,,2,,,,,,,,,,,,,,1,,,,,,,,,,,1,,,,,,,,,,,,,,,,,,,,,
a6W190BanBu,2 Madhesh Province,2,,17,89,29,1,204,52,37,4,33,100,22,11,2,7,155,30,53,7,145,80,239,19,27,37,26,3,141,36,115,125,25,2,64,13,280,14,131,241,233,104,15,41,9,,10,20,36,6,267,27,27,95,12,135,,196,3,,70,94,34,17,326,321,5,19,338,1,6,20,113,,55,13,38,7,6,97,149,6,41,157,53,8,82,4,365,2,66,33,1,5,50,178,74,247,45,60,70,441,3,249,14,92,45,,46,38,31,203,92,30,24,20,25,169,22,153,85,1,94,66,,13,,52,17,60,184,13,30,103,213,34,8,13,45,118,297,2,86,141,48,68,4,28,,173,1,82,93,190,26,66,479,28,57,9,,11,1,229,57,21,14,19,32,21,11,25,121,5,5,7,144,106,83,71,210,37,7,6,22,180,3,33,54,98,16,18,115,34,55,112,13,7,9,23,204,20,109,6,67,25,242,27,50,,319,5,176,162,239,32,64,69,11,,89,7,174,22,207,17,14,187,13,45,26,16,20,36,,12,8,38,58,179,19,11,122,4,84,126,16,9,25,13,27,16,13,,13,132,54,14,,105
YqZKl4lSpmW,40110 Shahid Lakhan Rural Municipality,40110,,,,,,1,,,,,,,,,,,,,,,1,3,,,,,,,,,1,,,,,,,,,,,,,,,,,,,,,1,,,1,,,,,,3,,,,1,,,1,,,1,1,,,,,,,,1,,,1,,,,,1,,,,,,,1,,1,,,1,,,1,,,,,,,,1,,,,,,,,,,,4,2,,,,1,,,,,,1,1,,,,,1,,,,1,,,,,,,,,,,1,,,,,,,,,2,3,,,,,,,,,,,,1,,,1,,,,,,,,,,,,,1,,1,,,,,,2,,,,,,,1,,,,,1,2,2,,,,,,,,,,,,,2,,,,,,,,,,,2,1,,,,,,1,,,,1,,,,,,,1,,,
afoMvFV0IvH,11101 Mechinagar Municipality,11101,,,,167,,,,,,,,,,,,,,2,,93,,,,,,,,,,,,,,,,,,,,,,,,,,,,26,,,,,,,137,,162,,,,127,,,,,,,,,,,,,,,,,,,2,,,,,,,,,,,,,,,,,,,,,,2,,,,,,,,,,,,,,,,,,,,,,,,,,,,,,,,,,,,,,,,,,,,,,,,,,,,,,,8,,,,,,,,,,,,,,,,,,5,,,,131,,,,,,,,,19,,,,1111,,,30,,,,,,,,,,,,24,,,,,,,,,,,,,,,,,,,,,,,,,,,,,,9,,,,,,,,,,,,,,,,,,,,,,
E9DBRm8T3U9,50903 Shivaraj Municipality,50903,,,,,,,,,,,,,,,,,,,,,,,,,,,,,,,,,,,,,,,,,,,,,,,,,,,,,,,,,,,,,,,,,,,,,,,,,,,,,,,,,,,,,,,,,,,,,,,,,,,,,,,,,,,,,,,,,,,,,,,,,,,,,,,,,,,,,,,,,,,,,,,,,,,,,,,,,,,,,,,,,,,,,,,,,,,,,,,,,,14,,,,,,,,,,,,,,,,,,,,,,,,,,,,,,,,,,,,,,,,,,,,,,,,,,,,,,,,,,,,,,,,,,,,,,,,,,,,,,,,,
cXN4tjQ9drh,40505 Rupa Rural Municipality,40505,,,,,,,,,,,,,,,,1,,,,,,,,,,,,,,,1,,,,,1,,,,,2,,,,,,,,,,,,,,,,,,,1,,,,,,,,,,,,,,,,,,,,,,,,,,,,1,,,,,,,,,,,,1,,,,,,,,,,,,,,,,,,,,,,1,,,,,,,,,,,,1,,,,,1,,,,,,,,,,,,,,,,,,,,,,,,,,,,,,1,,,,,,,,,,1,1,,,,,,,,,,,,1,,,,,,,,1,,,,,,,,,,,,1,1,,1,,,,,,,,,,,,1,,,,,,,,,,,1,,,,,,,,,,,,,,,,,,,,,
eVcocUd7GNO,20414 Matihani Municipality,20414,,,,,,,,,,,,,,,,,,,,,,,,,,,,,,,,,,,,,,,,,,,,,,,,,,,,,,,,,,,,,,,,,,,,,,,,,,,,,,,,,,,,,,,,,,,,,,,,,,,,,,,,,,,,,,,,,,,,,,,,,,,,,,,,,,,,21,,,,,,,,,,,,,,,,,,,,,,,,,,,,,,,,,,,,,,,,,,,,,,,,,,,,,,,,,,,,,,,,,,,,,,,,,,21,,,,,,,,,,,,,,,,,,,,,,,,,,,,,,,,,,,,,,,,,,,,,,,,,,,,,
kWTiMqhMM9Z,11214 Biratnagar Metropolitan City,11214,,,6,1,,68,,,3,,,3,,,,,4,,,,,,,2,22,,,53,11,,,,,2,,208,11,5,31,,,,,4,,,,,,109,,1,,,,1,,,,139,,,1,,32,2,,,,5,,,,,6,,,,45,2,,,,,,34,,3,,,,,,,,,,,,1,,,,,23,,,,,,,,,,4,,,,80,,,,,1,,,30,,,1,,,,1,,14,,2,2,1,,9,67,,3,1,7,,15,,,69,77,14,,,,,1,,,,,,,,2,1,,,,,,,,,,,5,8,1,,8,,1,,1,,,,,1,1,1,,,3,,6,87,,,,,,,5,,,,,,,,,,1,1,,35,,5,,,,1,,,,,,3,,,2,,,,,,,,,,,,,,2,6,,2,,,,,,,47
lx9rLUtsojg,50407 Madane Rural Municipality,50407,,,1,,,,,,,,,,,,,,,,,,5,,,,,,,,,,,,,,,3,,,1,,,,,,,,,,,5,,1,,,3,,3,,,2,3,,,,2,,,2,,,,2,,,,,,,,,,,,,,,,2,,,,,,,,,,,,,1,,1,,,,,,,,2,,,,,,,,3,,,,,,,,,,,,,,,,,,,,1,,,,2,1,1,,,,,,,,2,2,,,,,1,,,,,,,,,,,,,,,,3,3,,,,,,,,,,,,,,,,1,,2,,,,,,2,,,,1,,,,,,,,,2,2,,,,,,1,,1,,,,,,,,,,,,,,,,4,,,,,,,,2,,,,,,,,,,,,,
kjQyLmoS0JC,31001 Umakunda Rural Municipality,31001,,,,,,1,,,,,,,,,,1,,,,,,1,,,,,,,,,,,,,,1,,,1,,2,,,,,,,,,1,,,,,2,,1,,,,,,,1,1,,,,,,1,,,,,,,,,1,,,,,,,,,,,,,,,2,,,,,,1,,1,,,,,,,,1,,1,,,,,,,,,1,,,,,,,,,,,,,,,,,,,,,,,,,,,,,,1,2,,,,,,,,1,,1,1,,,,,,2,,,,,,1,,,,,,,,,1,,,,,,,,,,,,,,,,,,,,,,,,,,,,1,,,,,,,1,,,,,,,1,,,,,,,,,,,,3,,,,,,,,,,,,,,,,,,,,
xWscpDITtKT,50409 Resunga Municipality,50409,,,,,,1,,,,,1,,,,,,,,,,,3,,,,,,,,,4,1,,,,1,,,,,,,,,,,,,,,,,,,,,3,,,1,,,,1,,,,,,,,,,,,,,,,3,,,3,,,,,4,,,,,,,6,,,,,3,,,,,,5,,,,,4,2,,,,,,,,,,,,,,,,,,2,,,3,1,,,,,3,3,,,,,,,,,,,,,,,,1,,1,,,,,,,,,,,,,,,,,,4,1,,,,,2,,1,,,,,1,,,,,,,,,,1,,,2,,5,,1,,,,3,,,,,,,,,,,,,,3,,,2,,,,,,,,,,,,5,,,4,,,1,,,,,,,,,,,,,,
r1eAZIkCTv9,10705 Sahidbhumi Rural Municipality,10705,,,,,,,,,,,,,,,,,,,,,,,,1,,,,,,,,,,,,,,,,,,,,,,,,,,,,,,,,,,,,,,,,,,,,,,,,,,,,,,,,,,,,,,,,1,,,,,,,,,,,,,,,,,,,,,,,,,,,,,,,1,,,,,,,,,,,,,,,,,,,1,,,,,,,,,,,,,,,,,,,,,,,,,,,,,,,,,,,,,,,,,,,,,,,,,,,,,,,,,,,,,,1,,,,,,,,,,,,,,,,,,,,,,,,,,,,,,,,,,,,,,,,,,,,,,,,,,,,,,,,,,,
rTNYEQ9kpvZ,10908 Miklajung Rural Municipality,10908,,,,,,,,,,,,,,,,1,,,,,1,,,,,,,,,,,,,,,1,,,,,1,,,,,,,,,3,,2,,1,2,,,,,,1,,,,,,,,,,,1,,,,,,,,,,4,2,,,,,1,,,,,,2,1,,1,,,1,1,,1,,,1,,,,,,,,,,,1,,1,,,1,,1,,,,,,,,,,3,,,,,1,,1,,1,,,,,,2,,,1,2,,,,,,,,,,2,,,,,,,,1,,,,,,,,,,,,,,,,,,,,,1,,1,,,,,,,,,,1,,,,,,1,,,1,1,1,,,,,,,,,2,,,1,1,,1,,,,,,,,,2,,,,,,,,,,,,,,,,,,,,
rwtuzQ0Hl9y,70304 Naugad  Rural Municipality,70304,,,,,,,,,,,,,,,,,,,,,,,,,,,,,,,,,,,,,,,,,,,,,,,,,,,,,,,,,,,,,,,,,,,,,,,,,,,,,,,1,,,,1,,,,,,,,,,,,,,,,,,,,,,,,,,,,,,,,,,,,,,,,,,,,,,,,,,,,,,,,,,,,,,,,,,,,,,,,,,,,,,,,,,,,,,,,,,,,,,,,,,,,,,,,,,,,,,,1,,,,,,,,,,,,,,,,,,,,,,,,,,,,,,,,,,,,,,,,,,,,,,,,,,,,,,,,,,,,,,,,,
KrUSn9d3nzS,40109 Gorkha Municipality,40109,,,,1,,,,,,,,,,1,,,,,,,,,,,,,,,1,,,,,,,,,,1,,6,,,,,,,,,,,,,,,,,,,,2,,,2,,,,4,,,,1,,,1,,,,,,,,,,,,,1,,,,,,,7,,1,,,,2,,,,,,,,,,,2,,,,,2,,,,,,,,1,,1,,,1,,,,1,,,,,1,,,,,,,,,,,,,,1,1,,,,8,,,,,,,,,,,1,,,,,,,,4,,1,1,1,,,,4,,,,2,,,1,,,,,,3,,1,,,,,,1,,,,,,1,3,1,,1,,,,1,,,,,,,11,,,,,,,,,,,,,,,,,,,,,2,,,,,,,1,2,,,
deDcEgmY79F,40910 Galyang Municipality,40910,,,,,,,,,,,,,,,,,,,,,3,1,,,,,,,,,,,,,,1,1,,,,,,,,,,,,,1,1,,,,,,,,,1,4,,,1,,,,,,2,,1,,,,,,,,,,,,,,,,,,,,,,,,,2,,,2,1,,,,,,,,,,,,1,,,,,,1,,,,,,,,,1,,2,,,1,,,,,1,,1,,7,2,,,,,,,,,,2,,,,,,1,,,,,,,,,,,,,,,,,1,,,4,2,,,,,1,,,,,,,1,,2,,,,,,,,,,,,,,,,,,4,,,,,,,,1,,1,,,,1,,,,,,,,,,,,,,,,,,,2,,,,,,,,,,,,,,
oKUBLr3LZQU,60406 Tatopani Rural Municipality,60406,,,,,,,,,,,,,,,,,,,,,,,,,,,,,,,,,,,,,,,,,,,,,,,,,,,,,,,,,,,,,,,,,,,,,,,,,,,,,,,,,,,,,,,,,,,,,,,,,,,,,,,,,,,,,,,,,,,,,,,,,,,,,,,,,,,,,,,,,,,,,,,,,,,,,,,,,,,,,,,,,,,,,,,,,,,,,,,,,,,,,,,,,,,,,,,,,,,,,,,,,,,,,,,,,,,,,,,,,,,,1,,,,,,,,,,,,,,,,,,,,,,,,,,,,,,,,,,,,,,,
Kz7sKOELAth,50809 Om Satiya Rural Municipality,50809,,,,,,,,,,,,,,,,,,,,,,,,,,,,,,,,,,,,,,,,,,,,,,,,,,,,,,,,,,,,,,,,,,,,,,,,,,,,,,,,,,,,,,,,,,,,,,,,,,,,,,,,,,,,,,,,,,,,,,,,,,,,,,,,,,,,,,,,,,,,,,,,,,,,,,,,,,,,,,,,,,,,,,,,,,,,,,,,,,,,,,,,,,,,,,,,,,,,,,,,1,,,,,,,,,,,,,,,,,,,,,,,,,,,,,,,,,,,,,,,,,,,,,,,,,,,,,,,,,,,
u32KVYtm4F5,50805 Gaidahawa Rural Municipality,50805,,,,,,,,,,,,,,,,,,,,,,,,,,,,,,,,,,,,,,,,,,,,,,,,,,,,,,,,,,,,,,,,,,,,,,,,,,,,,,,,,,,,,,,,,,,,,,,,,,,,,,,,,,,,,,,,,,,,,,,,,,,,,,,,,,,,,,,,,,,,,,,,,,,,,,,,,,,,,,,,,,,,,,,,,,,,,,,,,,5,,,,,,,,,,,,,,,,,,,,,,,,,,,,,,,,,,,,,,,,,,,,,,,,,,,,,,,,,,,,,,,,,,,,,,,,,,,,,,,,,
OV88QAACq49,50505 Panini Rural Municipality,50505,,,,,,1,,,,,,,,,,1,,,,,,,,,,,,,,,1,,,,,2,,,,,1,,,,,,,,,1,,,,,3,,,,,1,,,,,,,,1,,,,,,,,,,,1,1,,,,,,,,,,,,,,,1,,1,,,1,,,,,,,,,,,,,,,,,,,,,,,,,,,,,,,,,,2,,,,,2,,,,,1,,1,,,,,,,,,,1,,4,,,,,,1,,,1,,,1,,,,,,,,,,,,,,,2,,,,,,,1,,,,,,,,,,,,,,,,,,,,,,,,,,1,,3,,,,,,,,,,,,,,,,,,,,,,,,,,,,,,,,,,,,,,,
uyA0701CR1r,20405 Bhangaha Municipality,20405,,,,,,,,,,,,,,,,,,,,,,2,,,,,,,,,,,,,,,,,,1,,,,,,,,,,,,,,,,,,,,,,,,,,,1,,,,,,,,,,,,,,,,,,,,,,,,,,,,,,,,,,,,,,,,,,,,2,,1,,,,,,,,,,,,,,,,,,,,,,,,,,,,,,,,,,,,,,,,,,,,,,,,,,,,,,,,,,,,,,,,,,,,,,,,,,,,,,,,,,8,,,,,,,,,,,,,,,,,,,,,,,,,,,,,,,,,,,,,,,,,,,,,,,,,1,1,,,,,,,,,,,,,,
qIfetL3gOAD,70704 Sanphebagar Municipality,70704,,,,,,,,,,1,,,,,,6,,,,,,8,,,2,1,,,,,,,,,,3,,1,,5,2,,1,1,,,,,,1,,1,,1,,,,,,2,,,,,2,,3,1,,,,6,,,,,,,1,,,,,,,,,7,,,1,,,,7,1,,,,8,1,,1,,,,,,,,10,1,1,6,,,,,,,,6,,,,,,,,2,,,,4,,2,,,8,4,,,,,,3,,,,,,,3,,1,,,,,,4,,,,,,,,,2,,,,,,4,,,,,,,,1,8,,,,,,,3,,1,,,,,,1,,,,3,,,,4,,,,2,,,1,,,1,1,,,2,1,4,,1,12,,,,,,,,,,,,1,,,,,4,11,,,,1,,,,,,,,,,
zvQpN3xs2YZ,60404 Chandannath Municipality,60404,,,,,,,,,,,,,,,,3,,,,,,,,,,,,,,,,,,,,,,1,,,,,,,,,,,,,,,,,3,,,,,,,,,,1,,1,,,,,1,,,,,,,,,,,,,,,,,,,,,,,,,,,,,3,,5,,,,,,,,,,,,,,,,,,,,,,,,,,,,,,,,,,,,,1,,,1,,,,,,,,,,3,,,,,,,,,,,,,,,,,,,,,,,,,,,3,,,,,,,,,,,,,,,,,,,,5,,,,1,,,,,,1,,,1,7,,,,,,,,2,,1,,,,,,,,,,,,,,,,,,,,,2,,,,,,,,,,,,,,6
bT82XWJFT65,30109 Bhimeshwor Municipality,30109,,,1,,,4,,,,,,,,,,5,,2,1,3,2,11,,,,,,,,5,5,1,,,1,9,,1,,4,4,2,,,,,,,,,4,,8,,8,,3,,,,3,,1,,4,,,5,,,,1,,,,,,,2,1,,7,4,,,,,,,,9,,,,3,4,,1,3,2,,,1,,1,1,,,,,7,,1,1,,1,2,,2,,,,2,,,,,,,,,,,10,,,,,3,11,,,2,,,1,,,,,,,,,4,7,,1,,,1,,,,,,,1,,1,1,,,,,2,2,2,2,1,,,,,5,,,,1,,,,1,,8,,,1,,1,,,,,,,1,,,1,,1,2,5,,,,,,,,,,5,,,7,1,,,,,,,,1,1,,1,,1,1,,2,4,,,,1,,,,,,2,1,,,5
B1q1jJMuzSo,60610 Dungeshwor Rural Municipality,60610,,,,,,1,,,,,,,,,,,,,,,,3,,,,,,,,,,,,,,1,,,,,,,,,,,,1,,2,,,,,1,,,,,,2,,,,1,,,1,,,,1,,,,,,,2,1,,,,,,,,,,,,,,,1,,1,,,,,,,,,,,,,,2,,,,,,,,1,,,1,,,,,,,,,,,,,,,,,,,,,1,,,,,,,,,1,,,,,,,,,,,,,,,,,,1,1,,,,,,,,3,,,,,,,,,1,,,,,,,,,,,,1,,,,,,,2,,,,,,,1,,,,,,1,,,,,,,,,,,,,,,,,,,,,,,,,2,,,,,,,,,,,,,,
HL5fSUsp2vJ,609 SALYAN,609,,,,2,,5,,,,,,,,,,1,,,,1,,2,,,3,,,,,,,,,,,19,,,,,,,1,,,,,1,,2,,,1,,20,,1,,,9,6,,,,2,,,5,,,,1,,,,,9,,1,3,,,2,,,,,2,1,,4,,,,2,,4,,,3,3,,1,1,,4,1,,,,1,,,,,,,,3,,,2,2,,,,,,,3,1,,,1,,3,,3,5,2,4,,,1,,1,,,,,,5,1,1,,,1,,,,,,1,1,,,,,,,,,,,,5,,,2,7,,,,,,,,,,,,8,2,,,,,,,7,,,1,1,,,,1,,,,1,,7,1,1,,,,4,,,,,,,1,,,1,,,,,,,,,,2,,,,,,2,,,,,,1,,,,,,,
cl7skUSvPmj,10707 Chaubise Rural Municipality,10707,,,,,,,,,,,,,,,,1,,,,,,1,,,,,,1,1,,2,1,,,,2,,,,,,,,,,,,,,,,,,,,,,,,1,2,,2,,,,,2,,,,3,,,,,,,,,,,1,,,,,2,,,,,,,3,,1,,,,2,,1,,,,,,,,1,,,1,,,,,3,,,3,,,,,,,,,,,1,2,,,,1,1,1,,,3,1,,,1,,,,,,4,,,1,,,1,,,,1,,,,,,,3,,,,,,3,,,1,,,,,,,,,,,,,,,2,,,,,,,,,,1,,,,1,,,,1,,,,,,,,,,2,,,,,1,,,1,,,,,,,,,2,,,,,,,,,,,,,,,,,,,,
Iqy9A4jXY9l,409 SYANGJA,409,,,,,,13,,,,1,5,,,,,31,,,,10,27,63,1,,13,4,,12,4,,13,,,2,,95,2,6,4,15,3,11,22,,,3,,4,3,36,2,7,3,,62,1,23,,,30,38,,,10,27,,8,26,,2,3,18,,9,,,,,9,34,5,,25,4,,2,,30,,2,18,,,4,10,,10,,,44,27,,41,,,17,,,,,48,1,3,,4,,8,,29,,,43,,,,,4,3,1,8,1,,8,33,,7,,6,18,27,,7,8,8,,,,,4,,,36,27,2,13,52,,9,3,,3,,21,3,,,1,,4,,5,,,,,21,6,1,57,20,7,,3,1,13,1,,11,,,1,20,2,17,,,,,,29,,2,,25,1,3,2,2,,2,,30,16,31,2,,,1,,35,,10,,21,,2,34,,,8,1,1,3,,,,1,8,40,,,15,,1,47,1,,1,1,,,4,,,19,30,,1,8
a0T4qfqJY1P,31203 Kailash Rural Municipality,31203,,,,,,,,,,,,,,,,,,,,,,,,,2,,,,,,,,,,,5,,,,,,,,,,,,,1,,,,,,,,,,,2,,,,,1,,,,,,,,,,,,,,,,,,,,,,,,,,1,,,,2,,1,,,,,,,,,,,,1,,,,,,,,,,,,,,,,,,,,,,,,,1,,1,,,,,,,,,,,,,,,,1,1,,,,,,,,,,1,,,,,,,,,,,,2,1,,,2,,,,,,1,,,,,,,,,,,,,,,,,,,,,,,,,,,1,,1,,,,,,,,,,1,,,,,,,,,1,,,,,,,,,,,,,,,,,,,,,,,,,,
slRFdUoESdt,41105 Dhorpatan Municipality,41105,,,,,,,,,,,1,,,,,2,,,,11,,2,,,,,,1,,,4,,,,,2,,,,,,,,,,,,,,2,,,,,,,1,,,,1,,,,9,,,7,,,,3,,,,,,,1,,,,2,,,,,1,,,1,,,,2,,,,,1,9,,1,,1,,,,,,3,,,,,,2,,2,,,2,,,,,,,,,,,1,1,,,,,,2,,,,1,,1,,,,,,,,,,2,,1,,,,,,,,,,,,,,,,,,,1,,8,,,,,,1,,,,,,,,,,,,,,,1,,,,1,,,,,,,,1,2,,,,,,,,,,,1,,,2,,,,,,,,,,,,,,,,,,,,,,,,,,,,,1,,,
NhADUEXz2ca,30202 Jugal Rural Municipality,30202,,,,,,,,,,,,,,,,3,,,,,,,,,,,,,,1,,,,,,2,,,,,2,,,,,,,,,1,,,,,,,1,,,,1,,,,,,,1,,,,,,,,,,,1,,,,,,,,,,,,1,,,1,,,,,,,,,,1,,,,,,,,,,,,,,,,,,1,,,,,,,,,,,,1,,,,,,3,,,,,,,,,,,,1,,,,,,,,,,,,,,,,,,,,,,,,,,,,,,,,,,,,,,,,,3,,,,,1,,,,,,1,,,,,,,,1,,1,1,,,,,1,,,,,,,,,,,,,,,,,,,2,,1,,,,,,,,,,,,,,,1,,,
taIxmXevJeG,10703 Chhathar Jorpati Rural Municipality,10703,,,,,,,,,,,,,,,,,,,,,,,,,,,,,,,,,,,,,,,,,,,,,,,,,,1,,,,,,,,,,,,,1,,,,,,,,,1,,,,,,,,,,,1,,,,,,,,,,,,,,,,,1,,,,,,1,,,,,,,,,,,,,,,,,,,,,,,,,1,,,1,,,,,1,1,,,1,,,,,,1,,,,,,,,,,,,,,1,,,,,,,,,,,,,1,,,,,,,,,,,,,,,,,,,,,,,,,,,,1,,,,,,,,2,,,,,,,,,,,,,,,,,,,,,,,,,,,,,,,,,,,,,,,,,,,,,,,
kdougX7vIet,60607 Dullu Municipality,60607,,,,,,,,,,,,,,,,1,,,,1,3,,,,,,,,,,,,,,,,,,,,,5,,,,,,,,,,,,,6,,2,,,,2,,,1,,,,,,,,3,,,,,,,,1,,,7,,,,,1,,,,,,,2,,1,,,6,,,2,,,2,,,,,4,,,,,,,,,,,4,3,,,,,,,,,,,2,,,,,,1,,,,,,,,,,,,,,,,5,,1,,,,,,,,,,,,2,,,,,,5,,,2,,,,,,,,,,,,1,4,,,,,,,,,,,,2,,,,,,,,,,9,,,,,,,,,,,,,1,,,,,,,,,,,2,,,,,,,,,,,,,,,,,,4,,,
mFmIWxZqEUa,20301 Ganeshman Charnath Municipality,20301,,,,,,,,,,,,,,,,,,,,,,,,,,,,,,,,,,,,,,,,,,,,,,,,,,,,,,,,,,,,,,,,,,,,,,,,,,,,,,,,,,,,,,,,,,,,,,,,,,,,,,,,,,,,,,,,,,,,,,,,,,,,,,,,,,,,,,,,,,,,,,,,,,,,,,,,,,,,,,,,,,,,,,,,,,,,,,,,,1,,,,,,,,,,,,,,,,,,,,,,,,,,,,,,,,,,,,,,,,,,,,,,,,,,,,,,,,,,,,,,,,,,,,,,,,,,,,,,,,,,
tSE6ctwvZmP,303 RASUWA,303,,1,2,,,2,,,,,,,,,,1,,,,1,1,,,,1,,,,3,,,,,,3,5,,,1,,2,,1,1,,,,,,2,,1,1,,3,,1,,,4,,,,1,3,,1,2,,,,1,,,,,,,4,1,,5,2,,,1,,4,,,,,,,,3,4,,,,5,,2,,,,,8,,,1,,,,,1,1,,,,,,1,1,1,,,,,,,,,,,1,,1,1,,,,,,1,,,11,1,,,1,5,,2,,,,,,1,,,,,,,,,,,,,,,2,,,2,1,,,,,7,,,,,,,4,,,,1,,,,1,,,,2,,,1,,,,,3,1,4,,1,,,,7,,1,,1,8,,7,4,,,,1,,,,,,2,,,,1,,,1,1,,,,,,,,,,1,11,,
PwcSyA8Bw91,30601 Shankharapur Municipality,30601,,,1,5,,,,,,,,,,,,,,,,,,,,,,,,,,,,,,,,1,,,,,2,,,,,,,,,1,,,,,,,4,,,,,,,2,1,,,,3,,,1,,,,,,,,,4,,,,,,,3,,,1,,,1,3,,3,,,,,,,,,,,,,,3,1,,,,,,,1,,,1,,,1,,,,,,,,,,,,,3,5,1,,,,,,,1,,,,,,,,,,,3,2,,1,,,,,1,,,,,,,,,,10,,,,1,,,,,3,,,,1,,,7,,4,,,,,,,,,,,,,,,,1,,3,,,,,,,,,,,,,,,1,,,,,,,3,,,,,1,,,,,,1,,,4,,,,,,,,,,,
uieUU0PzxcP,30913 Khanikhola Rural Municipality,30913,,,,,,,,,,,,,,,,1,,,,,,,,,,,,,,,,,,,,2,,,,,,,,,,,,,,,,,,,,,,,,,,,,1,,,,,,,,,,,,,,,,,,,,,,,,,,,1,,,,,,1,,,,,,,,,,,,,,,,,1,,,,,,,,1,,,,,,,,1,,,,1,,,,1,,,,1,,,,,,,,,,,,,,,,,,,,,,,,,,,,,,,,,,,,,,,,,,,1,,,,,,,,,,,,,,,,,,,,,,,,,,,,,,,,,,,1,,,,,,,,,,,,,1,,,,,,,1,,,,,1,,,,,,,,,,,,,,
oOYYlsVSG0Z,11404 Rautamai Rural Municipality,11404,,,,,,,,,,,,,,,,,,,,,,1,,,,,,,,,,,,,,,,1,1,,1,,,,,,,,,,,,,,,,,,,,,,,,,,,,,,,,,,,,,,,,,,,,,,,,,,,,,,,,,,,,,,,,,,,,,,,,,,,,,,,,,,,,,,,,,,,,,,,,,1,,1,,,,,,,,,,,,,,,,,,,,,,,1,,,,,,,,,,,,,,,,,,,,,,,,,,,,,,,,,,,,,,,1,,,,,,,,,,,,,,,,,,,,,,,,,,,,,,,,,,,,,,,,,,,,,,,,,,,,,,,,,
RZxElQxEbZN,601 DOLPA,601,,,1,,,,,,,,,,,,,3,,,,,2,1,,,,,,,,,,,,,,1,,,,,,,,,,1,,,,,,,,,1,,,,,,1,,,,1,,,1,,,,,,,,,,,,,,,,,,,,,,,,,,,,,3,5,,1,3,,,2,,6,,,,,,1,,1,,,,,2,,,,,,,,,,,,,,,,,,,,,,,,,,,,,,,,,1,1,,,,,,,,,,,,,,,,,,,,,,,,,,,,,,,,,,,,,,,,,,,,,,,,,,,2,,,,,,,,3,,,,3,,,,,,,,,,,,,,,,,,,,,,,,,,5,,,,,,,,,,,,,,,,,
mWGNxg5QunN,20805 Sakhuwa Prasauni Rural Municipality,20805,,,,,,,,,,,,,,,,,,,,,,,,,,,,,,,,,,,,,,,,,,,,,,,,,,,,,,,,,1,,,,,,,,,,,,,,,,,,,,,,,,,,,,,,,,,,,,,,,,,,,,,,,,,,,,,,,,,,,,,,,,,,,,,,,,,,,,,,,,,,,,,,,,,,,,,,,,,,,,,,,,,,1,,,,,,,,,,,,,,,,,,,,,,,,,,,,,,,,,,,,,,,,,,,,,,,,,,,,,,,,,,,,,,,,,,,1,,,,,,,,,,,,,,,,,,,,,,,,,,,,,
lIgk0wjLBGn,30212 Sunkoshi Rural Municipality,30212,,,,,,12,,11,,,,,,,,,,,,,,,,,9,,,,,,,,,,,18,,,1,,,,,,,,,,2,3,,,,,1,,,,,1,15,,,,4,,,,,,,,,,,,,,,,,,1,,,,,,,,4,,,,,,10,,,,2,,,,1,,,,,,,,,,,,6,,,,,,,,,,,,,1,,,2,,,,,,,,,,1,,1,,,,,,,13,4,,,,,,,,,,,,,,,,1,,,,,,,,,,,,,,7,,,,,,,,,,,,,6,,,,3,,,,,,,,,,,,1,1,2,,,,,,,,,,,,1,,,,,,,,,,,,,,,,,,,,,,,,,,,3,,,,,,
zWN7lMJ8DIY,40907 Harinas Rural Municipality,40907,,,,,,,,,,,,,,,,1,,,,,,,,,1,,,,,,,,,,,2,,,,,,,,,,,,,,,,,,,3,,,,,2,2,,,,1,,,1,,,,,,,,,,,,1,,,,,,,,1,,,,,,,,,,,,,,,,,,1,,,,,1,,,,,,1,,2,,,2,,,,,,,,,,,,,,1,,,,1,,,,,,,,,,,,,,1,,,,,,,,,,,,,,,,,,,,,,,,,,1,1,,,,1,,,,,,,1,,1,,,,,,2,,,,2,,,,1,,,,,,,,,,,,,,,,,,,,,,,,,,,,,,,,,,,,,,,,,,,,,,,,,,,
yUwjKIAHeH9,11208 Urlabari Municipality,11208,,,,,,,,,,,,,,,,,,,,,,,,,,,,,,,,,,,,,,,,,,,,,,,,,,,,,,,,47,,,,,,,,,,,,,,,,,,,,,,,,,,,,,,,,,,1,,,,,,,,,,,,,,,,,,,,,,,,,,,,,,,,,,,,,,,,,,,,,,,,47,,,,,,,,,,,,,,,,,,,,,,,,,,,,,,,,,,,,,,,,,,,,,,,,,,,,,,,,,,,,,,,,,,,,,,,,,,,,,,,,,,,,1,,,,,,,,,,,,,,,,,,,,,,,,,,1,,,,,,,,,,,
BSHZS7OTAL5,30804 Konjyosom Rural Municipality,30804,,,,,,1,,,,,,,,,,,,,,,1,,,,,,,,,,,,,,,,,,,,,,,,,,,,,,,,,,,,,,,,,,,,,,,,,,,1,,,,,,,,,,,,,,,,,,,,,,,,,,,,,,,,,,,,,,,1,,,,,,,,,,,,,,,,,,,,,,,,,,,,,,,,1,,,,,,,,,,,,,,,,,,,,,,,,,,,,,,,,,,,,,,,,,,,,,,,,,,,,2,,,,,,,,,,,,,,,,,,,,,,,,,1,,,,,,,,,,,,,,,,,,,,,,,,,,,,,,,,,,,,,,,
IP8iwk6mPzl,50604 Baganaskali Rural Municipality,50604,,,,,,,,,,,,,,,,,,,,,,1,,,,,,,,,,,,,,,,,,,,,,,,,,,,,1,,,,,,1,,,,,,,1,,,,,,,,,,,,,,,,,,,,,,,,,,,,,,,,,,,,,,,,,,,,,,,,,,,,,,,13,,,,,,,,,,,1,,,,,,,,,1,,,,,,,,,,,,,,,,,1,,,,,,,,,,,,,1,,,,,,,,,,,,,,,,1,,,,,,,,,,,,,,,,,,,,,,,,,,,,1,,,,,1,,,,,,,,,,,,,,,,,,,,,,,,,,,,,,,,,,,,,,,,,
SLBr0Y4que5,20203 Golbazar Municipality,20203,,,,,,,,,,,,,,,,,,,,,,,,,,,,,,,,,,,,,,,,,,,1,,,,,,,,,,,,,,,,,,,,,,,,,,,,,1,,,,,,,,,,,,,,,,,,,,,,,,,,,,,,,,,,,,,,,,,,,,,,,,,,,,,,,,,,,,,,,,,,,2,,,,,,,,,,,1,,,,,,,,,,,,,,,,,,,,,1,,,,,,,,,,,,,,,,,,,1,,,,,,,,,,,,,1,,,,,,,,1,,,,,,,,,,,,,,,,,,,,,,,,,,,,,,,,,,1,,,,2,,,,,,,,,,
RJLKneQiNQQ,70212 Khaptad Chhanna Rural Municipality,70212,,,,,,,,,,,,,,,,,,,,,,,,,,,,1,,,,,,,,,,,,,,,,,,,,,,,,,,,,,,,,,,,,,,,,,,,,,,,,,,,,1,,,,,,,,,,,,,,,,,,,,,,1,,,,,,,,,,,,,,,,,1,,,,,,,,,,,,,,,,,,,,,,,,,,,,,,,,,,,,,,,,,,,,,,,,,,,,,,,,1,,,,2,,,,,,,,,,,,,,,,,,,,,,,,,,,,,,,,,,,,,,,,,,,,,,,,,,,,,,,,,,,,,,,,,,1,,,,,,,,,,,,,,
jAstzBdFXL6,10801 Aatharai Rural Municipality,10801,,,,,,,,,,,,,,,,,,,,,,,,,,,,,,,,,,,,,,,,,1,,2,,,,,,,,,,,,,,,,,,,,,,,,,,,,,,,,,,,,,,,,,,,,,,,,,,,,,,,,,,,,,,,,,,,,,,,,,,,,1,,,,,,,,,,,,,,,1,,,,,,,,,,,,,,,,,,,,,,,,,,,,,,,,,,,,,,,,,,,,,,1,,,,,,,,,,,,,,,,,,,,,,,,,,,,,,,,,,,,,,,,,,,,,,,,,,,,,,,,,,,,,,,,,,,,,,,,,,,,2,,,
bVEJIxTw9fo,10704 Dhankuta Municipality,10704,,,,,,,,,,,,,,,,,,,,,,,,,2,,,9,,,,,,,,3,,,,,1,,,,,,,,,4,,,,,,,,,,,,,,,,4,,,,,,,,,,,,,,,,,1,,,,,,,,1,,,,,,,,,,,,,,,,,,,,,,,,9,,,,,,,,,,,,4,,,,,,,,,,,,,,,,,,,,,2,4,,,2,,,,,,,,,,,1,,,,,,,,,,4,,,,,,,,,,2,,3,,,,,,,,,,,,,,,,,,,,,,,,4,,,,,,,,,,,,,,,,,,,,,,,,,,,,,,,,,,,,,,,,,,,,,,,,2,,
QVOGCoPM6yb,10510 Baraha Pokhari Rural Municipality,10510,,,,,,,,,,,,,,,,,,,,,,,,,,,,,,,,,,,,,,,,,,,,,,,,,,8,,,,,,,,,,,,,,1,,,,,,,,,,,,,,,,,,,,,,,,,,,,,,,,,,,,1,,,,,,,,,,,,,,,,,,,,,,,1,,1,,,,,,,,,,,,,,,,,,,,,1,,,,,,,,,,,,,,,,,,,,,,,,,,,,,,,,,,,,,,,,,,,,,,,,,,,,,,,,,,,,,,,,,,,,1,,,,,,,,,,,,,,,,,,,,,,,,,,,,,,,,,,,,,,,,,,,,,
Jr8S8L8kRnR,50602 Purbakhola Rural Municipality,50602,,,,,,,,,,,,,,,,,,,,,,,,,,,,,,,1,,,,,,,,,,,,,,,,,,,1,,,,,1,,,,,,,,,,,,,,,,1,1,,,,,,,,,,,2,,,,,,,,,,,,,,,,,,,,,,,,,,,,,,,,,,1,,,,,,,,,,,,,,,,,,,,,,,,,,,,,,,,,,,,1,,,2,,1,,,,,,,,,,,,,,,,,,1,,,,,,,,,,,,,,,,1,,,,,,,,,,,,,,,,,,,,,,,,,,,,,,,,,,,,,,,,,,,,,,,,,,,,,,,,,,,,,,,,,,,
sInu47Mk0wb,30402 Khaniyabas Rural Municipality,30402,,,,,,3,,,,,,,,,,,,,,1,1,,,,,1,,,1,,1,,,,,3,,,,1,4,,,,,,,,,1,,,,,1,,,,,1,1,,,,,,,2,,,,8,,,,,,,2,,,,,,,1,,2,,,2,,,,1,,3,,,1,2,,,,,,,,1,,2,,,,,,2,,3,,,,2,,,,,,,,,,,1,,,,1,,,,,,,,,,,,,,,4,,,,,,,,,,,,,1,,,,1,,,,,,,,,1,,,,,,1,,,,,,,,,,,1,,,,2,,,1,,,,,,,,,1,1,2,,,,,,,,,,1,,,,,,,,,,,,,,,,,,,,,5,,,,,,,,,,,,,,
s81iwIY7rWl,20702 Kolhabi Municipality,20702,,,,,,,,,,,,,,,,,,,,3,,,,,1,,,8,,,,,,,,23,,,,,,,,3,,,,,1,8,,,,,18,,,,,10,9,,,,,,,13,,,,,,,1,,,2,,,,2,,,,,,,,,1,,,,,5,1,,,,,,,,,,,,,,,,,,8,,9,,,,,,,,,,5,,,,,,,,,,,4,,,,,,,,,,,8,,,12,,,,,,,,,,,,,,,4,,,,,,,,,,,,7,7,2,,,,,,,4,,,,,,,1,,,,,,,,,,,,,,,,,,,,,,,,,12,,12,,,,,,,,,,,,,,,,,,,,,,,,1,,,,,,,,,4,,4,,
HkwA8YQgJK6,706 DOTI,706,,,,,,2,,,,2,,,,,,2,,,,,9,4,,,2,,,2,1,,4,1,,,,4,,,,2,3,1,,,1,1,,1,,,,,,,1,,5,,,1,2,,,2,,,,4,,,6,3,,,,1,,,1,12,1,,2,,1,,,2,,2,,,,2,1,9,1,,2,2,3,,4,,6,,,,1,1,6,1,,,,,,,2,,,2,,,,,4,,,,,,,4,,1,,,3,6,,,3,,,2,,3,,,,2,7,,,2,2,3,1,,2,,5,3,,,1,,2,,,,,,,11,2,,,5,,,,,1,,,,2,,2,5,2,1,,,,,2,6,,1,,1,,,,3,,2,,2,11,,,1,,,,1,,1,,3,,,4,,,1,1,,1,,,,,2,4,,,,,1,2,2,,1,,,1,3,,,2,,3,,
QIsyvppylxo,70205 Masta Rural Municipality,70205,,,,,,,,,,,,,,,,,,,,,,,,,,,,,,,,,,,,,,,,,,,,,,,,,,,,,,,,,,,,,,,,,1,,,,,,,,,,,,,,,,,,,,,,,,,,,,,,,,,,,,,,,,,,,,,,,,,,,,,,,,,,,,,,,,,,,,,,,,,,,,,,,,,,,,,,,,,,,,,,,,,,,,,,,,,,,,,,,,,,,,,,,,,,,,,,,,,,,,,,,,,,,,,,,,,,,,,,,,,,,,,,,,,,,,,,,,,,,,,,,,,,,,,,,,,,,,,,,,,,
j4HVtKmVtwQ,207 BARA,207,,4,3,,1,50,,1,1,3,2,3,,,,8,3,,2,45,19,25,3,2,7,,,8,6,13,15,2,,12,1,132,6,23,17,21,10,,14,5,,,3,,4,36,,,12,11,20,,18,,,10,9,3,3,,38,,2,172,,,6,31,,1,6,6,3,2,,30,4,8,24,,,11,,43,,4,29,1,2,3,,46,28,16,5,,32,,23,3,5,9,,1,6,,37,1,5,1,8,,146,4,,,,27,,,,,5,,,10,,,9,25,6,,6,4,,23,1,7,19,21,1,,,,15,,,49,42,5,8,10,3,7,,,7,,132,19,1,2,4,1,4,,2,,,2,4,37,9,21,7,63,9,1,1,4,15,,,4,3,2,2,1,3,,12,11,,6,7,54,,1,4,,,,,3,,3,2,18,35,,1,3,,1,,12,,28,,20,,1,42,,4,9,,1,23,,4,,3,13,22,7,3,16,,1,19,8,2,4,,,5,4,,,67,,4,,14
f8gKN9sAiDz,20705 Prasauni Rural Municipality,20705,,,,,,,,,,,,,,,,,,,,,,,,,,,,,,,,,,,,,,,,,,,,,,,,,,,,,,,,,,,,,,,,,,,,,,,,,,1,,,,,,,,,,,,,,,,,,,,,,,,,,,,,,,,,,,,,,,,,,,,,,,,,,,,,,,,,,,,,,,,,,,,,,,,,,,,,,,,,,,,,,,,,,,,,,,,,,,,,,,,,,,,,,,,,,,,,,,,,,,,,,,,,,,,,,,,,,,,,,,,,,,,,,,,,,,,,,,,,,,,,,,,,,,,,,,,,,,,,,,,,
WuW2eIQKEEM,10501 Kepilasgadhi Rural Municipality,10501,,,,2,,,,,,,,,,,,,,,,,1,,,,1,,,,,,,,,,,2,,,,,3,,,,,,,,,,,,,,,,,,,2,,,,,,,,,,,,,,,,,,,,,,,,,,,,,,,,,,,,,,,,1,1,,,,,,,,,,,,,,,,,,1,,,1,,,,,,,,,,,,1,,1,,,,2,,,,,,,,,,,,,1,2,,,,,,,,,,,,,,,,,,,,,,,,,1,,,,,,,,,,,,,2,2,,,,,2,,2,,,,1,,,,,,,,,2,1,,,,,,,,,,,,,1,,6,,,,,,,,,,,,,,,,,,,,,,,,,,,1,,,
S0dzRo6mP3N,60604 Thantikandh Rural Municipality,60604,,,1,,,1,,,,,,,,,,,,,,,,,,,,,,,1,,,,,,,,,,,,,,,,,,,,,,,,,,,,,,,,,,,,1,,,,,,,,,,,,,,,,,,,,,,,,,,,,,,,,,,,,,,,,,,,,,,,,,,,,1,,,,,,,,,,,,,,,,,,,,,,,,,,,,,,,,,,,,1,,,,,,,,,,,,,,,,,,,,,,,,,,,,,,,,,,,,,,,,,,,1,,,,,,,,,,,,,,,,,,,,,,,,,,,,,,,,,,,,,,,,,,,,,,,,,,,,,,,,,,,,,,,
Ra80Qk48O76,20303 Mithila Municipality,20303,,,,,,,,,,,,,4,,,,,,,,,,,,,,,,,,,,,,,,,,,,,,,,,,,,,,4,,,,,,,,,,,,,,1,,,,,,,,,,,,,,,,,,,,,,,,,,,,,,,,,,,,,,,,,,,,,,,,,,,,,,,,,,,,,,,,,,,,,,,,,,,,,,,,,,,,,,,,,,,,,,,,,,,,,,,,,,,,,1,,,,,,,,,,,,,,,,,,,,,,,,,,,,,,,,,,,,,,,,,,,,,,,,,,,,,,,,,,,,,,,,,,,,,,,,,,,,,,,,,,,,,
iujDcxElwWs,10205 Sabhapokhari Rural Municipality,10205,,,,,,,,,,,,,,,,,,,,,,,,,,,,,,,,,,,,,,,,,1,,,,,,,,,,,,,,,,,,,,,,,1,1,,,1,,,,,,,,,,,,1,,,,,,,,,,,,1,,,1,,,,,,1,,,,,,,,,,,,,,,,1,,,,,,,,,,,,,,,,,,,,,,1,,,,,,,,,,,,,,,,,,,,,,,,,,,1,,,,,,,,,,,,,,,,,,,,,,,,,,,,1,,,,,,,,,,,,,,,,,,1,,1,,1,,,,,,,,,,,,,,,,,,,,,,,,,,,,,,,,,,,,,,,,,,,
itvnxQdZ1St,30303 Uttargaya Rural Municipality,30303,,,,,,1,,,,,,,,,,,,,,,,,,,,,,,,,,,,,,,,,,,,,1,,,,,,,,,,,,,,,,,,,,,,,,,,,,,,,,,,,,,,,,1,,,1,,,,,,,,,,,,,,,1,,,,,,,,,,,,,,,,,,,,,,,,,,,,,,,,,,,,,,,,,,,,,,,,,,,,1,,,,,,,,,,,,,,,,,,,,,,,,,,,,,,,,1,,,,,,,1,,,,,,,,,,,,,,,,,,,,,,,,,,,,,,,,,,,2,,,,,1,,,,,,1,,,,,,,,,,,,,,,,,,,,,
pUqFVjRFjZo,51108 Narainapur Rural Municipality,51108,,,,,,,,,,,,,,,,,,,,,,,,,,,,,,,,,,,,,,,,,,,,,,,,,,,,,,,,,,,,,,,,,,,,,,,,,,,,,,,,,,,,,,,,,,,,,,,,,,,,,,,,1,,,,,,,,,,,,,,,,,,,,,,,,,,,,,,,,,,,,,,,,,,,,,,,,,,,,,,,,,,,,,,,,,,,,,,,,,,,,,,,,,,,,,,,,,,,,,,,,,,,,,,,,,,,,1,,,,,,,,,,,,,,,,,,,,,,,,,,,,,,,,,,,,,,,,,,,,,,,
hi16ZuHEWaY,3 Bagmati Province,3,,18,38,27,3,176,4,20,3,24,4,10,6,13,3,126,176,3,4,67,109,109,4,2,98,30,,97,57,44,87,19,,3,4,547,64,12,61,29,159,14,26,8,2,27,7,6,22,192,14,14,77,14,124,,138,2,,177,169,1,17,131,148,6,14,177,4,1,14,153,1,41,16,11,17,2,67,109,7,55,111,3,22,12,,83,5,14,109,4,1,5,85,38,141,2,25,323,168,1,108,15,15,70,,11,6,6,89,4,25,11,29,2,83,14,152,3,7,139,22,4,21,8,17,7,4,24,12,11,29,121,10,18,1,31,98,92,8,10,131,61,10,31,17,12,47,1,5,158,245,20,11,76,31,32,11,2,23,9,99,25,15,10,37,7,11,18,16,3,13,4,6,123,15,30,160,122,7,3,18,3,102,12,4,23,12,5,3,135,30,64,18,12,1,19,11,204,,21,7,107,5,24,15,7,7,35,,149,140,150,16,17,7,12,,161,5,71,,61,9,4,345,7,16,9,1,2,42,3,1,5,10,57,70,23,6,17,,6,59,18,18,15,7,16,15,23,7,19,56,66,64,,34
TnkKgyVJjqP,31105 Kamalamai Municipality,31105,,4,,,,9,,,,,,4,,,3,,,,,,,,,,5,,,,5,,2,2,,,,6,4,,3,,,,,,,,5,,4,,,,7,,,,,,,,1,,,,,,,,,,,2,,,,,,,6,,,,,,,,,,,,4,,,,,,,,,,,,,,3,,,,,,,,,,,,,,6,,,,,,,,,,,,,,,,,,,,,,,,4,1,3,,3,,,,,1,7,3,,,,,,,,5,2,,,,,3,,,,,5,,,,,,1,,,,1,,,1,4,,,,,,,,,,,,3,8,,,1,,,,,,3,,,,,1,,,6,,,,,,,,,,,,8,,,,,,,,,1,,,,,,,,,,,,3,,,,,,,,,7
byh0saBehjx,11402 Chaudandigadhi Municipality,11402,,,,,,,,4,,4,,,,,,33,,,2,,,9,,,1,,,5,,6,46,3,,,,30,,3,4,3,29,,,,,,,,1,20,,,,1,,,10,,,15,1,,,5,3,,,14,,,,4,,3,,,,,,34,,,31,,,,,5,,20,3,,,1,8,,24,,3,7,8,,31,,,41,,,3,,6,,1,2,5,,3,1,5,,,14,,,1,,,,,2,3,,26,16,,,,4,,15,2,2,,,4,,1,,,,,12,,,,7,,2,,,2,,6,5,,,2,,,1,,,,,,,4,,8,,1,,,,7,,,1,7,,,,,1,7,,,8,,7,,1,,63,,1,,,,1,,4,8,6,,,,,,4,,7,,25,,2,23,,,,,,,,,,,2,28,2,,19,,,2,14,,1,,,1,,,,,11,,,
pxZmNLjeU1d,20413 Pipara Rural Municipality,20413,,,,,,,,,,,,,,,,,,,,,,,,,,,,,,,,,,,,,,,,,,,,,,,,,,,,,,,,,,,,,1,,,,,,,,,,,,,,,,,,,,,,,,,,,,,,,,,,,,,,,,,,,,,,,,,,,,,,,,,,,,,,,,,,,,,,,,,,,,,,,,,,,,,,,,,,,,,,,,,,,,,,,,,,,,,,,,,,,,,,,,,,,,,,,1,,,,,,,,,,,,,,,,,,,,,,,,,,1,,,,,,,,,,,,,,,,,,,,,,,,,,,,,,,,,,,,,,,,,,,,,
wdNmgGSUtFW,20503 Bagmati Municipality,20503,,,,,,,,,,,,,,,,,,,,,,,,,,,,,,,,,,,,,,,,,,,,,,,,,,,,,,,,,,,,,,,1,,,,,,,,,,,,,,,,,,,,,,,,,,,,,,,,,,,,,,,,,,,,,,,,,,,,,,,,1,,,,,,,,,,,,,,,1,,,,,,,,,,,,,,,,,,,,,,,,,,,,,,,,,,,,,,,,,,,,,,,,,,,,,,,,,,,,,,,,,,,,,,,,,,,,,,,,,,,,,,,,,,,,,,,,,,,,,,,,,,,,,,,,,,,,,,,,,,,,,
L5kn1amPA1q,60601 Naumule Rural Municipality,60601,,,,,,,,,,,,,,,,2,,,,,,1,,,,,,,,,,,,,,5,,,,,,,,,,,,,,1,,,,,,,,,,1,,,,1,,,,2,,,,3,,,,,,,,,,,,,,,,,,,4,1,,,,,1,,,1,,,,,,,,,,,,,,1,,,,,1,,,6,,,,,,,,,1,,,5,,,,,1,,,,,,,,,,,,,,,,,,,,,,1,,,,,1,,,,,,,,,,,,,,,1,,,,1,,,,,,,,,,,,,,,1,,,,1,,,,,,,,,,,,,,,,2,,,,,,,3,,,,,,,,,,,,,,,,,,,,,,,,,,,,,,,,
cH1bHmSErN6,51106 Nepalganj Sub-Metropolitan City,51106,,,,,,,,,,,,,,,,,,,,,,,,,,,,,,,,,,,,,,,,,,,,,,,,,,,,,,,,,,,,,,,,,,,,,,,,,,,,,,,,,,,,1,,,,,,,,,,,,,,,,,,,,,,,,,,,,,,,,,,,,,,,,,,,,,,,,,1,,,,,,,,,,,,,,,,,,,,,,,,,,,,,,,,,,,,,,,,,,,1,,,,,,,,,,,,,,,,,,,,,,,,,,,,,,,,,,,,,,,,,,,,,,,,,,,,,,,,,,,,,,,,,,,,,,,,,,,,,,,,,,,
JWW0mCd4cEs,50208 Runtigadhi Rural Municipality,50208,,,,,,,,,,,,,,,,,,,,,,,,,,,,,,,,,,,,4,,,,,,,,,,,,,,,,,,,,,,,,,,,,,,,,1,,,,,,,,,,,,,,,1,,,,,,,,1,,,,,,,,,,3,,1,,,,,,,,,,,,,,,,,,,,,,,,,,,,,,,,,,,,,,,,1,1,,,,,,,,2,,,,,,,,,,,,,,,,,,,,,,,,,,,,,,,,,,,,,,,,,,,,,,,,,,,,,,,,,,,,,,,,1,,,,,,,,,,,,,,,,,,,,,,,,,,1,,,,,,,,,,,,,,,,,
YXEeP5pYtvq,40401 Annapurna Rural Municipality,40401,,,,,,,,,,,,,,,,1,,,,,1,,,,,,,,,,,,,,,,,,,,,,,,,,,,,1,,,,,,,,,,,,,,,,,,,,,,,,,,,,,,,,,,,,,,1,,,,,,,,,,,,,2,,,1,,2,,,,,,,,,,,,,1,,,1,,,,,,,,,,,,3,,,,,1,1,,,,,,,,,,,,,,,,,,,,,1,,,,,,,,,,,,,,,,,,3,,,,,,,,,,,,,,,,,,,,,1,,,,1,,,,,,1,,1,,,,,,,,,,,,1,,,1,,,,,,,,,,,,,,,1,,,1,,,,,,,,,,,,,,
FNsPCtVEyoG,10601 Shadananda Municipality,10601,,,,,,2,,,,,,,,,,,,,,,,2,,,,,1,,,,,,,,,5,,,,1,,,,,,,,,,1,,,,,,,2,,,1,1,,,,,,,1,,,,,,,,,1,,2,,,,,,,,,,,,,,,,,,,,,,,,,,,1,,,,,4,,1,,,,,,3,,,3,,,,,,,,,,1,,1,,,,,2,1,,,3,1,,,,,,,,3,,,,3,,,,,,,,,,,,,,,,1,,,,1,,,,1,,,,,,,,1,,,,,,1,,,,,,3,,,,,,1,,,,,,,1,,,,,,,1,,1,,1,,,,,1,,,,,,,,,,,,,,,,1,,,,,,,,,,,,,,1
yP2GELa6inf,509 KAPILBASTU,509,,,,,,,,,,,3,,,,,1,,,,,2,82,3,,2,4,1,,,,,,,,,3,3,,,29,11,10,,,9,2,,,1,,,,,,,,23,,,,,,11,2,,,12,1,2,1,,,,3,,,4,,,14,2,,,,,,,,1,,2,1,,5,1,,5,2,6,40,,,1,25,,1,,,5,3,68,,26,1,,,,,,,2,39,,,,,1,,2,,,,,27,,,,,,42,,1,3,,,9,,,,,,1,2,,5,35,6,21,,,,,4,4,,4,,,2,1,,8,,,,,,14,,,,3,1,9,3,,,,1,,1,,13,,,,,2,,,,8,,,,,,16,,11,,27,4,,38,,,,4,,,,,16,,,3,,,1,,,,,,1,,,16,,,6,,8,47,,,6,,,,4,,1,,1,,,
T3Fa8euLX3d,31304 Bharatpur Metropolitan City,31304,,,,,,,,,,,2,,,,,,,,,,,3,1,,,,,,,,,,,,,,,,,,3,1,,,,,,,,1,,,,,1,,,,,,1,,,10,,,,,,,,,,,,,,,,,,10,2,,,,,,,,,,,,1,,3,,,3,1,,,,,,,,,,,,2,,,,1,,,2,,,1,,6,,,,,,,1,1,,1,,,,,,,,,,,,,,,,,,,1,,2,,,,,,,1,,,,,,,1,,,,,,,,,1,1,,,,,,,,,,,,,,1,,,,,,2,,,,,,1,,,,,,4,1,1,,1,,,,,,1,,2,,,239,,,,,,,,,,,,,3,,,,,,,,,,,2,,,,1,,,,
f5sr4KVRSGU,20103 Agnisair Krishna Sabaran Rural Municipality,20103,,,,,,,,,,,,,,,,,,1,,,,,,,,,,,,,,,,,,,,,,,,,,,,,,,,,,,,,,,,,,,,,,,,,,,,,,,,,,,,,,,,,,,,,,,,,,,,,,,,,,,,,,,,,,,,,,,,,,,,,,,,,,,,,,,,,,,,,,,,,1,,,,,,,,,,,,,,,,,,,,,,,,,,,,,,,,,,,,,,,,,,,,,,,,,,,,,,,,1,,,,,,,,,,,,,,,,,,,,,,,,,,,,,,,,,,,,,,,,,,,,,,,,,,,,,,1,,,,,,,,,,
wlbToQ1QwgX,50601 Rampur Municipality,50601,,,,5,,,,1,,34,1,,,40,,13,,,,,23,30,1,5,,5,,,,3,15,,,,,,,7,,4,21,3,46,2,,5,,,,,,11,,,9,,27,,,,,,1,,,,,,,,7,19,,9,5,,1,4,,22,,,22,2,,,1,17,2,2,,,,3,4,,15,,3,33,,,63,,,16,,,,,22,,,3,,,,,,,2,13,,3,,,,1,,5,,,9,29,,,,,12,14,4,,,,,3,,,,,,,,,,19,2,,3,,2,,17,7,,,,,3,,5,,,,,16,,,,26,6,1,,1,1,2,,,,,,19,14,16,,,,,,,,,,5,,9,,2,,23,20,,10,26,3,,,,,,,6,,22,,5,42,,,3,,,,,,,,7,8,,,7,,3,7,,,,3,,,7,,2,,40,,,
eyOgs1AMLWG,10402 Siddhicharan Municipality,10402,,,,,,,,,,,,,,,,,,,,,,,,,,,,,,,,,,,,3,,,,,,,,,,,,,,,,,,,,,4,,,2,,,,,,,,,,,,,,,,,,,1,1,,,,,,,,,,1,1,,,,,,,,,,,,,,,2,,,,,,,,,,,,,,,,,,,,,,,,,,,,,,,,,,,,,,,,,,,,,,,2,,,,,,,,,,,,,,,,,,,,,,,,,,,,,,,,,,,,,,,,,,,,,,,3,,,,,,,,,,,,,,,,,,,,,,,,,,,,,,,1,,,,,,,,,,,,,,1,,,,,,,,,,,,,,
vpjSGFCbvE7,50703 Ramgram Municipality,50703,,,,,,,,5,,,2,,,,,,,,1,11,,61,,,,,2,,,19,33,1,,,,,,,,31,99,3,,,2,,,,,,6,,,,,,62,1,,,19,,1,65,,,,42,1,,,,,15,,11,4,,,17,5,,13,,,,,,,8,,,,,63,,66,2,,55,,,,4,,,,,2,1,57,16,,,,,6,,,,,,1,,5,,,,,,,1,,12,,,,15,,49,,,,,,1,,,,,1,,,,,30,5,37,,,6,37,,,2,3,,,,5,,2,,,,,14,,66,64,,3,,7,57,,,,19,,1,,2,,,1,,8,,,,12,,,,31,,2,,21,,91,,51,,,,,,,,52,,44,,,80,,37,,,,,1,,,,,39,3,,17,1,1,28,1,,7,,,1,,,,4,,,,
j0gE31YxwHQ,313 CHITWAN,313,,,1,3,,7,,,,1,3,,,1,,27,,1,,,6,18,2,,,2,,3,2,10,7,,,,,17,,2,5,1,32,1,8,,,,,1,,12,,3,4,,6,,15,,,11,25,,2,43,13,1,,14,,,1,6,,,,4,,,7,11,,14,15,1,,4,,9,,,2,,,,16,,16,,5,16,12,,10,,4,30,,1,,3,18,,6,,1,,12,8,5,2,,6,1,,9,,2,2,,2,,2,7,14,6,,,8,2,12,,3,13,,,2,4,,10,,,4,11,2,2,7,1,6,3,,,,16,1,10,1,4,,,1,1,,2,1,2,7,1,6,39,11,2,,,,25,,,13,,,,22,,13,2,,,2,,11,,6,1,20,1,7,,,1,12,,18,5,8,,1,1,,,22,,6,,10,1,,255,2,,,,1,,,,,,3,9,3,,1,,,1,1,,8,,1,3,,,,4,8,1,,3
SFZBuUvoplo,40503 Annapurna Rural Municipality,40503,,,,1,,1,,,,,,,,,,,,,,,,,,,,,,,1,,,,,,,3,,,,,,,,,,,,,,1,,,,,,,,,,2,1,,,,,,,2,,,,2,,,,,,,,1,,,,,,,,,,,,,,,,,,,,,1,,1,,,1,,,,,,,,,,,,,,,,,,,,,,,,,,,,1,,,,,,,,,,,,,,,,,,1,3,,,,,,,,,,,,,,,,,,,,,,,,,,4,,,,,,,,,,,,,1,,,,,,,1,,,,,,,,,,,,,,,2,,,,,,,,1,,,,,2,,,,,,,,,,,,,,,,,,1,,,,,,,,,,,,,,
NXKDqdR7CUd,70906 Laljhadi Rural Municipality,70906,,,,,,,,,,,,,,,,,,,,,,,,,,,,,,,,,,,,,,,,,,,,,,,,,,,,,,,,,,,,,,,,,,,,,,,,,,,,,,,,,,,,,,,,,,,,,,,,,,,,,,,,,,,,,,,,,,,,,,,,,,,,,,,,,,,,,,,,,,,,,,,,,,,,,,,,,,,,,,,,,,,,,,,,,,,,,,,,,,,,,,,,,7,,,,,,,,,,,,,,,,,,,,,,,,,,,,,,,,,,,,,,,,,,,,,,,,,,,,,,,,,,,,,,,,,,,,,,,,,,
KHY8lkQw5QC,30608 Kathmandu Metropolitan City,30608,,,,3,,,,4,,,1,2,,,,,1,,,,,,,,1,,,,,1,,,,,,1,1,,1,1,15,,,,2,,,,,1,,,,,,,1,,,,,,,,,1,,,,,,2,,1,5,,,,,2,,4,,,1,,,,,,,,,,,,,,1,1,2,,,,,,,,,,,,,,,,,2,,1,,3,1,,,,1,,,3,,5,,,1,,,,,,,,5,,1,,,1,1,,,,,,,,,2,,,2,,,1,3,3,1,,,,2,,1,,,,,1,1,9,,,,,,1,,,,,,3,,,,,1,5,,,,,,,,5,1,,1,,,,,1,3,1,,,,1,2,,,,,3,5,,,,,,1,,,,,1,1,,1,,,1,,,,1,,,,2,4,1,,,1,,2
pd1zu9cgxMT,50907 Kapilbastu Municipality,50907,,,,,,,,,,,3,,,,,1,,,,,,59,3,,,4,1,,,,,,,,,,,,,7,,4,,,4,,,,,,,,,,,,23,,,,,,6,,,,6,,2,,,,,3,,,4,,,14,2,,,,,,,,1,,,1,,5,,,,2,6,15,,,1,,,,,,5,3,33,,15,1,,,,,,,2,,,,,,,,2,,,,,16,,,,,,24,,,,,,3,,,,,,,,,2,12,6,13,,,,,4,4,,4,,,2,,,5,,,,,,,,,,3,,4,,,,,,,,,10,,,,,,,,,8,,,,,,6,,11,,,4,,,,,,1,,,,,16,,,,,,1,,,,,,1,,,16,,,6,,2,20,,,6,,,,4,,1,,1,,,
bjS2Lp3tLxv,510 DANG,510,,,5,12,,73,2,,1,1,1,4,,,,14,8,,1,18,26,5,,20,33,1,,32,5,4,,,,2,,277,4,15,17,2,9,,7,4,,4,1,31,15,160,,3,4,1,80,,8,,,66,26,1,3,1,51,1,3,84,,,4,53,,,6,3,,,54,3,,1,2,,,3,,58,,,90,,,,6,6,12,,,18,65,,2,,4,4,,3,2,1,11,1,1,3,3,,25,,65,1,,28,12,,,,7,1,,48,2,,,15,,8,,28,56,6,1,9,31,52,,3,13,,31,,,50,99,20,1,7,,2,3,,1,,1,,,,25,,4,1,9,2,1,,,68,2,6,83,118,1,,6,,9,,,1,2,,1,102,1,40,2,,,,9,112,,1,2,7,,,2,2,,2,1,,9,119,7,5,,3,,65,,43,,5,,3,10,1,1,,,,19,,,,6,8,,1,,1,,1,8,5,4,,4,5,,,,,10,,4,,15
KvHrEEoouzN,11211 Rangeli Municipality,11211,,,,,,,,3,,2,,,,,,,,5,,,,41,,2,,27,,,,,28,2,,2,,,,,,15,,,,1,,,,,,,,,,,,,44,2,,,5,,2,,,,,,,,3,,,4,,,7,,,48,3,,26,,,,,7,,10,,,,,,,,,8,32,,,45,,,17,,,,,31,,,,,,,,,,,,,,,,,,,,,,16,60,6,,,,13,44,,4,,,,,,,,,2,,,,,19,,12,,,,,,5,,5,,,,,,2,,1,,18,4,,31,,,7,,8,,,,,,,8,,,,5,,,,,,,9,4,,,,1,,,11,,,,,,,,,,,,6,,18,,,,,,,,,,,1,8,,,21,,,13,,,26,,,9,,,,,,,,11,,,
YSLRx59DlQr,40107 Siranchowk Rural Municipality,40107,,,,1,,1,,,,,,,,,,,,,,,,,,,,1,,,1,,1,,,,,4,,,,,,,,,,,,1,,,,,,,1,,1,,,1,,,,,3,,,1,,,,3,,2,,,,,1,1,,,2,,,,,5,,1,1,,,,1,,1,,,,2,,1,,,1,,,,,3,,,,,,1,,1,,,5,,,,,,,,,,,,1,,,,,1,1,,,,,,,,,,,,2,2,,,2,,,,,,,3,,,,,,1,,1,,,,,2,,,1,,1,,,,1,,,,,,,1,,2,,1,,,,,,,,2,,,,,,,,2,5,2,,,,,,,,3,,1,,,,,,,,,,,,,,,2,,,,,,1,,,1,,,,,,2,,,,,
VngHSEILZUe,40905 Bhirkot Municipaity,40905,,,,,,4,,,,,,,,,,,,,,1,,1,,,,,,,,,,,,,,4,,,,2,,,,,,,,,,3,,,,,1,1,,,,3,,,,,2,,,,,,,,,,,,,,1,,2,,,,,1,,,,,,,,,,,,,,2,,,,,,,,,,,3,,1,,,,,,4,,,,,,,,1,,,2,,,,,,,,1,,,,,,1,,,,,3,,,,1,,,,,,,,,,,1,,,,,,,,,,,,,1,,1,,1,,,,1,,,,,,,6,,1,,,,,,4,,,,2,,,,,,,,1,,2,,,,1,,2,,,,,,,,,,,,,,,,,1,,,,,,,,4,,,,,,,,,,,,,,
elOK8Y2b3Qn,306 KATHMANDU,306,,,2,9,,,,4,1,,1,2,,,,1,170,,,,,2,,,4,,,21,1,1,1,1,,,,10,2,1,2,2,20,2,,,2,,,,,12,,,39,9,,,6,,,1,2,,,4,2,1,7,5,3,,,4,,1,5,,,,1,2,4,4,2,,1,,,3,1,,2,,,1,5,,9,,1,3,3,,1,1,,1,,,,,4,1,,,21,,,2,3,1,,5,2,,1,6,1,2,,3,,6,,,1,1,,3,7,3,,,10,,1,1,1,1,9,,,5,4,,,2,,5,2,,3,,7,2,4,4,1,,,1,2,,1,,1,11,,3,3,12,,,2,,4,1,,2,1,,,12,2,4,,,1,5,,2,,,1,1,2,6,1,,1,2,,6,1,4,3,1,,,,1,2,,,2,,3,8,,,,,,2,3,,,,1,2,1,1,,,2,10,1,,5,,,1,2,4,1,26,3,1,,2
lO9MStItdyH,30607 Nagarjun Municipality,30607,,,,,,,,,,,,,,,,,,,,,,,,,,,,,,,1,1,,,,,,,,,,,,,,,,,,,,,,,,,,,,,,,,,,,,,,,,,,,,,,,,,,,,,,,,,,,,,,,,,2,,,,,,1,,,,,,,,,,,,,,,,,,,,,,,,,,,,,,,,,,,,,,,,,,,,,,,,,,,,,,,,,,,,3,,,,,,,,,,,,,,,,,,,,,,,,,,,,,1,,,,,,,,,,,,,,,,,,,,,,,,,,,,,,,,,,,2,,,,,,,,,,,,,,,,,,,,,,,,,,,,,,,,
ldV4E2PsEh4,20714 Mahagadhimai Municipality,20714,,,,,,,,,,,,,,,,,,,,,,,,,,,,,,,,,,,,,,,,,,,,,,,,,,,,,,,,,,,,,,,,,,,,,,,,,,,,3,,,,,,,,,,,,,,,,,2,,,,,,,,,,,,,,,,,,,,,,,,,,,,,,,,,,,,,,,,,,,,3,,,,,,,,,,,,,,,,,,,,,,,,,,,,,,,,,,,,,,,,,,,,,,,,,,,,,,2,,,,,,,,,,,,,,,,,,,,,,,,,,,,,,,,,,,,,,,,,,,,,,,,,,,,,,,,,,,,,,,,,,,,
im7xsl9uLhz,60502 Pachal Jharana Rural Municipality,60502,,,,,,,,,,,,,,,,,,,,,,,,,,,,,,,,,,,,,,,,,,,,,,,,,,1,,,,,,,,,,,,,,,,,,,,,,,,,,,,,,,,,,,,,,,,,,,,,,,,,,,,,1,,,,,,,,1,,,,,,,,,,,,,,,,,,,,,,,,,,,,,,,,,,,,,,1,,,,,,,,,,,,,,,,,,,,,,,,,,,,,,,,,,,1,,,,,,,,,,,,,,,,,,,,,,,,,,,,,,,,,,,1,,,,,,,,,,,,,,,,,,,1,,,,,,,,,,,,,,,,,,,,,
wwOSgp0cOmn,11108 Gauradaha Municipality,11108,,,,,,,,,,,,,,,,,,,,,,,,,,,,,,,,,,1,,,,,,,,,,,,,,,,,,,,1,,,,,,,,,,,,,,,,,,,,,,,,,,,,,,,,,,,,,,,,,,,,,,,,,,,,,,,,,,,,,,,,,,,,1,,,,1,,,,,,,,,,,,,,,,,,,,,,,,,,,,,,,,,,,,,,,,,,,,,,,,,,,,,,,,,,,,,,,,,,,,,,,,,,,,,,,,,,,,,,,,,1,,,,,,,,,,,,,,,,,,,,1,,,,,,,,,,,,,,,,,,,,,,,,
H2t20CMYnL9,20607 Madhav Narayan Municipality,20607,,,,,,,,,,,,,,,,,,,,,,,,,,,,,,,,,,,,,,1,,,,,,,,,,,,,,,,,,,,,,,,,,,,,,,,,,,,,,,,,,,,,,,,,,,,,,,,,,,,,,,,,,,,,,,,,,,,,,,,,,,,,,,,,,,,,,,,,,,,,,,,,,,,,,,,,,,,,,,,,,,,,,,,,,,,,,,,,,,,,,,,,,,,,,,,,,,,,,,,,,,,,,,,,,,,,,,,,,,,,,,,,,,,,,,,,,,,,,,,,,,,,,,,,,,,,,,,,,,,,
MO5GjZ8pyt0,30209 Bahrabise Municipality,30209,,,,3,,2,,,,,,,,,,2,,,1,1,3,2,,,1,,,1,,1,,,,,,5,1,,2,1,10,,,,,,,,,3,1,1,,1,,,2,,,1,7,,3,9,3,,,1,,,3,,,,1,4,,,1,,,,1,,,1,,7,,,1,2,,,4,,3,,,,4,,3,1,,1,,,,1,2,,,,,,,1,3,,,,,,,1,,,1,,,,,4,,,1,,2,1,,3,2,1,,,1,,2,,,2,7,,,1,,,,,1,,,,,2,,,,,,,,,,4,,,4,2,,,,,1,,,5,2,,,5,,1,2,,,,,,,1,,2,,,1,,,1,,4,3,1,,,,1,,,1,,,,,,5,,,,,,,,,,,,,1,,,,,,,1,,,,1,,,,,1,,,2
elTl9yVygGH,20708 Kalaiya Sub-Metropolitan City,20708,,,,,,,,,1,1,,,,,,,,,2,41,,,,,,,,,,,,,,12,1,,,4,1,,,,,,,,,,,,,,,11,,,,,,,,2,,,,,,159,,,,,,,,,,,,,,6,,,,,,,,,,,,,,41,16,,,,,,1,,,,,,,,,,,,,,78,,,,,,,,,,,,,,,,,,,,,,,,,,,,,,,,,,,,,,8,,,,,,,,104,,,,,,1,,,,,,,,,17,,,,,,,2,,,,2,,,,,,11,5,,,,,,,,,,,,,,1,,3,8,,,,,,,,,,,,,,,,,4,,,,,4,,3,,,,,,,,,7,,,,,,,,,35,,,,
A3R7UT64jHf,206 RAUTAHAT,206,,,7,3,,,44,32,,25,3,,,,,63,18,,3,,10,202,4,4,,,3,1,,49,62,22,,,,22,,1,12,126,85,,,,,3,,1,,5,8,1,,,1,,77,,,2,8,1,2,156,77,,15,4,,,1,37,,33,,7,4,2,,38,2,,25,53,,,,25,,30,1,,,35,60,,68,29,26,46,100,,185,,3,1,,,22,21,155,53,24,20,1,,,5,,1,,44,15,,,,,,50,23,,5,73,44,20,,7,,17,45,,,,16,7,3,,,1,,,3,,,,32,21,12,4,,3,1,51,,,6,,,4,3,15,115,,,,12,45,1,1,4,11,,,13,68,,,8,41,4,,18,26,16,,,7,2,,,20,50,,33,,151,,46,,109,,,34,115,23,3,7,5,,,,,20,51,,5,110,,1,5,,,,,,7,,4,108,4,4,106,4,11,90,4,,13,3,,,3,,11,1,,,,
mqGibmoSsMZ,30909 Panauti Municipality,30909,,,,,,,,,,6,,,,8,,9,5,,,8,,4,,,,,,21,,,3,3,,,,7,,,,1,4,3,3,,,,,,,23,,5,,,1,,7,,,,,,7,,,,,3,,,,6,,,,,,,2,,,3,,,,,,,,,,,,,1,4,4,,,13,,,9,,,1,,,,,,,,,,,1,,,,,5,1,3,,,,,,,6,,2,7,,,,,1,6,,,,,,12,,,,,,7,1,,,3,7,,,,,,,,,,,,,,,,,,,,,,1,1,,,,,6,7,,,2,,,,5,1,,,,,,2,,,,8,,,,,,,,9,,1,3,,,6,,,,,,,,,3,,,,,,,,,,7,7,,3,,,,,,1,,,,,,,,,,8,,,
ofnHcaTRfxi,31003 Likhu Rural Municipality,31003,,,,,,1,,,,,,,,,,,,,,,,,,,,,,,1,,,,,,,1,,,,,,,,,,,,,,1,,,,,,,,,,1,,,,,,,,,,,,,,,,,,,,,,,,,,,,,,,,,,,,,,,,,,,,,,,,,,,1,,,,,,,,,,,1,,,,,,,,,,,,,,,,1,,,,,,,,,,,1,,,,1,,,,,,,,,,1,,,,,,,,,,,,,,,,,,,,,,,,,,,,,,,,,,,,,1,,,,,,,,,,,,,,,,,,,,,,,,1,,,1,,,,,,,,,,,,,,,,,,,,,,,,,,,,,,,,
dSOcyKXtRHv,40707 Rhishing Rural Municipality,40707,,,,,,,,,,,,,,,,1,,,,,,,,,,,,,,,,,,,,,,,,,,,,,,,,,,,,,,,,,,,,,,,,,,,,,,,,,,,,,,,,1,,,,,,,,,,,,,,,,,,,,,,,,,,,,,,,2,,,,,,,,,,,1,,,,,,,,1,,,,,,,,,,,,,,,,,,,,,,,1,,,,,,,,,,,,,,,,,,,,,,,,1,,,,,,,,,,,,,,,,,,,,,,,,,,,,,,,,,,,,,,,,,,,,,1,,,,,,,,,,,,,,,,,,,,,,,,,,,,,,,,,,,,,
ZWKia1zshTm,50101 Putha Uttanganga Rural Municipality,50101,,,,,,,,,,,,,,,,,,,,,1,,,,1,,,,,,,,,,,2,,,,,,,,,,,,,,2,,,,,,,,,,1,1,,,,,,,,,,,,,,,,,,,,,,,,,,,,,,,,,,,,,,,,,,1,,,,,,,,,,,,,,,,,,,1,,,,,,,,,,,,,,1,,,,,,,,,,,,,,,,1,,,,,,,,,,,,,,,,,,,,,,,,,,,,2,,,,,,,,,,,,,,,,,,,,,,,,1,,,,,,,,,1,,,,,,,,,,,,,,,,,,,,,,,,,,,,,,,,,,,,,,,,,,,,,,
aM1i0dQi3ox,40901 Putalibazar Municipality,40901,,,,,,,,,,1,5,,,,,,,,,,,1,,,1,,,1,,,,,,,,12,,,,,,,,,,,,,,3,,,,,,,6,,,1,,,,,,,5,,,,,,,6,,,,,,3,3,,,,,1,,,,,3,,,,,,,,,,,,1,,,1,,,,,1,,1,,1,,,,,,,1,,,,,,,1,,,,,,,1,,,,1,,,1,3,,,,,,,,3,,1,,,,,,,,,,,,,,,,,,,,,,,1,,,,,,,,,,,,,,,,1,,,,,,,1,,1,,,,,,,,,,1,,,,,,,,9,,,,,,,,,,,,1,2,,,,,,8,,,,,,5,,,,,,,3,,,,,,,
hgLqgeNWOie,60507 Tilagupha Municipality,60507,,,,,,,,,,,,,,,,,,,,,,,,,,,,,,,,,,,,,,,,,,,,,,,,,,,,,,,,,,,,,1,,,,1,,,,,,,,,,,,,,,,,,,,,,,,,,,,,,,,1,,,,4,,,,,,,,,,,,,,,,,,1,,,,,,,,1,,,,,,,,,,,,,,,,,,,,1,,,,,,,,,,,,,,,,,,,,,,,,,,,,,1,,,1,,,,,,,,,,,,,,,,,,,,,,,,,,,,,,,,,,,,,1,,,,,,,,,,,,,,,,,,,,,,,,1,,,,,,,,,,,,,,,,,,,
xVELZDapXqi,60508 Mahawai Rural Municipality,60508,,,,,,,,,,,,,,,,,,,,,,,,,,,,,,,,,,,,,,,,,,,,,,,,,,,,,,,,,,,,,,,,,,,,,,,,,,,,,,,,,,,,,,,,,,,,,,,,,,,,,,,,,,,,,,,,,,,,,,,,,,,,,,,,,,,,,,,,,,,,,,,,,,,,,,,,,,,,,,,,,,,,,,,,,,,,,,,,,,,,,,,,,,,,,,,,,,,,,,,,,,,,,,,,,,,,,,1,,,,,,,,,,,,,,,,,,,,,,,,,,,,,,,,,,,,,,,,,,,,,
dg95KkHSYuU,10303 Sotang Rural Municipality,10303,,,,,,2,,,,,,,,,5,1,,,,,,,,,2,,,,,,,,,,,18,,,,1,,,1,,,,5,,1,1,,1,,,,,1,,,15,1,,,1,,,,1,,,,1,,,,,,,,1,,,,,,,,1,,,2,,,,1,,4,,,,5,,3,,,6,,,,,,,,,,,,,2,,,,7,,1,,,,,2,,,,1,,,,1,,3,3,,1,1,,,,,,,,,1,,,,,,,,,,1,,,,,,,1,,,,,,,,,2,5,,,,,,,,,,,,,,,,,,,,,,,,2,,,,,,,,3,4,7,,1,,,,,,1,,,,,1,,,,,,,,,,,,,,,,,,,,1,,,,,1,,,,,,,
Lc1kr8bTyYM,50209 Sunil Smriti Rural Municipality,50209,,,,1,,10,,,,3,,,,,,,,,,,1,,,,2,,,,,,,,,,,6,,,2,,1,,,,,,,,,3,,,,,1,,1,,,,1,,,,1,,,1,,,3,5,,,,,,,,2,,,1,,2,,,2,,,,,,,,,2,,,2,3,,3,,,,,,,,4,,,,,,,,,,,4,,,,,,,,,,,,2,,,,,1,,,,2,1,,,,,,,1,3,,,,,,,1,,,,,,,,,,,,5,,,,,3,,,12,2,,,,,,,,,,,,3,,1,,,,,,3,,,,7,,,,2,,,,1,,3,,,,,,,,3,,,,,,,,,,,2,,,,,,,2,,1,,,,,,,1,,,,,,,1,,,
xX7eCpkd7AI,30611 Dakshinkali Municipality,30611,,,,1,,,,,1,,,,,,,1,,,,,,1,,,,,,,,,,,,,,,1,1,,,1,,,,,,,,,,,,6,,,,1,,,,,,,,,,,,,,,,,,,,,,,,,,,,,,,,,,,,,,1,,2,,,,,,,1,,,,,,,1,,,,,,,,,,,1,,,,,,,,,,1,,,,,,,,,,,2,,,,,,,,,,,,,,,,,,,,2,,,,,,,,,,,,,1,,,,,,,,,1,,,,,,,1,,,,,,,,,,,,1,,1,,,,1,,2,,1,,,,,,,,,,1,,,,,,,,,,,,,,,,,,,,,2,,,,,,,,,,,2,,,
pS6VQHJLxbH,31004 Ramechhap Municipality,31004,,,,1,,1,,,,,,,,,,,,,,,,,,,1,,,,,,3,,,,,3,,,,,,,,,,,,,,,,,,,,,,,,3,1,,,,,,,2,,,,1,,,,,,,,11,,,5,,,1,,1,,,,,,2,1,,,,,1,1,,,,,1,,,,,,,,,,,,,,,,1,,,,,,,,,,,,2,,1,,,,,,,,,,,,,,,,,1,,,2,,,,,,,1,,,,,,,,,,,,,1,,,,4,,,,,1,,,,,,,1,,,,,,,,,,,,1,,1,,,,,,1,,,,,,,,,,,,,,,,,,,,,,,,,,1,3,,,,,,,,,,,,,11,,,,1,,,
lAyJC7MtKl6,70505 Parashuram Municipality,70505,,,4,,,5,,,,,,,,,,,,,1,,,1,,,,,,1,,,,,,,,7,,,1,,2,,,,,,,1,,9,,,,,3,,,,,,,,1,2,4,,,1,,,,2,,,1,,,,6,,,,,,,1,,,,,2,,,,,,6,,,,3,,1,1,,4,,,2,,1,,,,,,3,,10,,,,1,,,,,,,2,,,,1,,,,,,1,,,,,,,2,,1,,,5,7,3,,,,,,,,,,,,,,,,,,,,,,,,1,4,3,,,,,2,,,,1,,,,1,,,,,1,,11,,,,,,,2,,,1,,2,,11,,,,,,,,,,2,,,,,,,,1,,,,,,,,1,,,,,,,,,,2,,,,,,1,,,
r7SYGwmQrDC,50603 Rambha Rural Municipality,50603,,,1,,,1,,,1,,,,,,,,,,,,2,,,,,,,,,,,,,,,1,,1,,,2,,,,,,,2,,1,,,,,2,,1,,,,2,,,,2,,,,,,,,,,,,,,,1,,,,,,,,,1,,1,,,,1,,,,,,,,,,,1,,,,,,,,,,,,,1,,,,,,,,,,,,,,,,,,,,,1,,,1,,,,1,,,,,,,,,,,,,,,,,1,,,,,,,,,,,,,,,7,,,,,,3,,,1,1,,,,,,,,,,,,,1,,1,,,,,,,,,,,,,,,,,,,,,,,,,,,,,,,,,,,,,,,,,2,,,1,,,,,,,,,,,
YbzXduozeDW,20409 Samsi Rural Municipality,20409,,,,,,,,,,,,,,,,,,,,,,,,,,,,,,,,,,,,6,,,,,,,,,,,,,,,,,,,,,,,,2,,,,,,,,,,,,,,,,,,,,,,,,,,,,,,,,,,,,,,,,,,,,,,,,,,,,,,,,,,,,,,,,,,,,,,,6,,,,,,,,,,,,,,,,,,,,,4,,,,,,,,,,,,,,,,,,,,,,,,,,,,,,,,,,,,,,,,,,,,,,,,,,,,6,,,,,,,,,,,,,,,,,,,,,,,,,,,,,,,,,,,,,,,,,,,,,,,,,,,,,,,
A2ieAsKcSIe,30603 Gokarneshwor Municipality,30603,,,,,,,,,,,,,,,,,169,,,,,,,,2,,,,,,,,,,,4,,,,,1,,,,,,,,,1,,,,,,,,,,,,,,,,,,3,,,,,,,,,,,,,,,,,,,,,,,,,,,,,,,,1,1,,,,,,,,,,,,,,,,,,,,,,1,,,,,,,,,,,,,,,,,2,,,1,,,1,,,1,,,4,,,,,,,,,,,,,,,,,,,,,,,,,,2,,,,,2,,,,,,,,,,2,,,,,,,,,,,,2,,,,,,,1,,2,,,,,,,,,,,,,,,,,,,,,,,,,,,,,,,,,,,,,,,,,,,,,
BvUU5JiQxxL,50412 Rurukshetra Rural Municipality,50412,,,,,,,,,,,,,,,,1,,,,,,,,,,,,,,,,,,,,1,,,,,,,,,,,,,,,,,,,1,,,,,,,,,,,,,,,,,1,,,,,,,,,,,,,,,,,,,,,,,,,,,,,,,,,,,,,,,,,,1,,,,,,,,,,,,,,,,,,,,,,,,,,,,1,,1,,,,,,,,,,,,,,,2,,,,,,,,,,,,,,,,,3,,,,,,,,,,,,,,,,,,2,,,,,,,,,,,,,,,,,,,1,,,,,,,,,,,,,,,,,,,,,,,,,,,,,,,,,,,,,,,,,,,,,,
JlEwd2MMRwF,70308 Malikarjun Rural Municipality,70308,,,,,,,,,,,,,,,,,,,,,,1,,,,,,,,,,,,,,,,,,,,,,,,,,,,,,,,,,,,,,,,,,,,,,,,,,,,,,,,,,1,,,,,,,,,,,,,,,,,,,,,,,,,,,,,,,,,,,,,,,,,,,,,,,,,,,,,,,,,,,,,,,,,,,,,,,,,,,,,,,,,,,,,,,,,,,,,,,,,,,,,,,,,,,,,,,,,,,,,,,,,,,,,,,,,,,,,,,,,,,,,,,,,,,,,,,,,,,,,,,,,,,,,,,,,,,,,,,,,,,
SIqTXJ5z1r1,51102 Kohalpur Municipality,51102,,,,,,,,,,,,,,,,,,,,,,,,,1,,,,,,,,,,,1,,,,,,,,,,,,,,,,,,,,,,,,1,,,,,,,,,,,,,,,,,,,,,,,,,,,,,,,,,,,,,,,,,,,,,,,,,,,,,,,,,,,,,,,,,,,,,,,,,,,,1,,,,,,,,,,,,,,,,,,,,,,,,,,,,,,,,,,,,,,,,,,,,,,,,,,,,,,,,,,,,,,,,,,,,,,,,,,,,,,,,,,,,,,,,,,,,,,,,,,,,,,,,,,,,,,,,,,,,,,,,,,,
Zx3boDXh1Q5,5 Lumbini Province,5,,1,16,48,4,333,3,14,11,140,15,6,2,65,,107,21,2,2,113,364,261,24,79,173,59,3,99,28,33,112,6,19,32,,1085,9,185,58,88,182,26,141,20,15,37,3,90,56,614,14,50,29,18,455,,205,4,,334,266,3,27,122,160,1,19,615,3,9,61,424,1,31,43,23,10,5,107,178,10,8,160,3,5,16,1,425,9,19,260,4,,20,115,111,167,4,40,226,467,2,401,40,8,95,,4,15,5,241,22,38,15,11,1,254,3,369,7,13,452,27,13,12,,40,43,2,251,4,1,45,167,19,40,5,215,618,173,11,67,88,95,1,28,49,,135,2,3,363,205,102,13,161,17,101,12,2,43,38,47,71,24,12,53,,94,11,74,12,2,7,16,449,33,60,544,724,49,18,60,25,117,8,,18,28,6,4,348,38,235,37,19,,14,31,446,6,31,7,78,1,52,34,29,1,85,33,174,164,350,73,8,5,7,6,302,2,388,,129,,34,597,3,46,19,,,33,1,1,4,39,178,142,10,,58,1,16,144,39,12,14,113,12,16,25,7,4,43,167,20,3,29
S8J6p6tGXNb,108 TERHATHUM,108,,,,,,,,,,3,,,,,1,1,,,,,17,16,,,1,,,,1,1,4,1,,,,3,1,,,,2,5,2,,3,16,1,,,2,,,,,1,,3,,,2,1,,3,2,4,,,4,,,,1,,,,,,,,2,,,1,,,,,1,,,,,,,1,,1,,,9,4,1,8,1,,2,,,,,,,,,,,,,3,,,1,,,,,,,,3,,,,5,,,,,3,2,1,1,3,,,3,2,,1,,,1,7,,,6,2,4,,,,,1,1,,,1,,,1,,,,,1,1,,,3,1,,,1,1,,,,1,,,,,,,,,,,,,,,,1,,4,2,,,,,3,1,3,,,,,,1,,1,,2,,1,2,,,,,,,,,,,1,1,,,,,,2,3,,,,,,1,,,,2,,,
LdPgWOfFvew,20807 Birgunj Metropolitan City,20807,,,,,,,,,3,,,,,,,,,,,,,,,17,,,,,,5,,,2,31,,,1,91,4,,,,,4,,,,,,1,,,,,,,,,,,1,,,,,,,,,2,,,,,,,,,,,,,,,,,,232,,9,,,,,,,4,,,1,11,,,5,3,,,,,,,,,,,,,,,,,,,,,,,,,87,,,,,,,,,11,,,38,1,,,,,,,,,,,,,,,,,,1,,1,,4,,,3,,,,,,,,,,,1,,,,,,,,,1,,,,,,,,,,,,,,,,,,,1,,,,,6,,1,,,,,,,,68,,,,6,2,,,,9,,,,1,,,,,2,4,,,,,,,,,,,,,,,,,,
e5LLR9BS5yO,40807 Madhya Bindu Municipality,40807,,,,,,,,,,,,,,,,,,,,,,,,,1,,,,,,,,,,,4,,,,,,,,1,,,,,1,3,,,,,,,,,,,,,,,,,,1,,,,,,,,,,,,,,,,,,,,,,,2,,,,,,,,,,,,,,,,,,,,,,,,,,,,1,,,,,,,,,,,,,,,1,,,,,,,,,,,,,,,,,,2,1,,,,,,,,,,,,,,,,,,,,,,,,,,,,,,,,,,,,,,,,,,,,,,,,,,,2,,,,,,,,,,1,,,,,,,,1,,,,,,,,,,,,,,,,,,,,,,,,1,,,,,,,,,,,,,
ZwtuC5ZNurI,30413 Dhunibenshi Municipality,30413,,,,,,,,,,,,,,,,2,,,,,,,,,,,,,,,,,,,,1,,,,,1,,,,,,,,,,,,,,,,1,,,,,,,,,,,,,,,,,,,,,,,,,,,,,,,,,,,,,,2,,3,1,,,,,,,,,,,,,,,,,,,,,1,,,2,,,,,,,,,,,,,,,,,,,,,,1,,,,,,,,,,,,,,,,,1,,1,1,,,,,,,,,,,,2,,,,,,,,,,,,,,,,2,,,,,,,,,,,,,,,,,,,,,,,1,,,,,,,,,,,,1,,,1,,,,,,,,,,1,,1,,,1,,,,,,,,,,,,,,
hNXxypRAoOb,30410 Gajuri Rural Municipality,30410,,,9,,,1,,,,,,,,,,1,,,,2,4,5,,,3,,,1,1,,1,,,,,9,1,,3,2,3,,,,,,,,,3,,1,,,2,,1,,,2,3,1,,1,9,,,,,,,5,,,,,,,2,1,,,3,,,,,2,,,2,,,,,,,,2,3,3,,3,,3,2,,,,,3,,,,,,3,,2,,,4,4,,,,,,,,,,2,1,1,2,,,2,2,,,1,4,3,,,,2,,,1,4,1,,2,,,,,,,2,2,,,2,3,,,,,,,,4,1,,1,,,,1,,,,,1,1,,,,,,,3,,,,2,,,1,4,,,,,,,,2,2,7,,3,,,,2,,,,4,,,2,,,,,,,,,,,,2,,,,,,4,,,,,2,,1,,,1,1,,,
cbWHy3GuGSx,50401 Kali Gandaki Rural Municipality,50401,,,1,,,,,,,,,,,,,1,,,,,,,,,,,,,,,,,,,,,,,,,,,,,,,,,,4,1,,,,,,,1,,,,,,6,2,,,1,,,,,,,,1,,,,3,,,1,,,,,,,,,,,,,,,,,,,,1,,,,,,,,,,,1,,,,,,,,,,,,,,,,,,,,,,,,,,,,,,,,,,,,,,,,,,,,,,,,,,,,,,,,,,,,,,,,,,,,,,,1,,,,,,,2,,,,,,,,,,,,,,,,,,,,,,,,,,,,,,,,,,,1,,,,,,,,,,,,,,,,,,,,,,,,,3,,,,,,,
ONTOB5B6FXB,70404 Surnaya Rural Municipality,70404,,,,,,,,,,,,,,,,,,,,,1,,,,,,,,,,,,,,,,,,,,,,,,,,,,,1,,,,,,,,,,,,,,,,,,,,,,1,,,,,,,,,,,,,,,,,,,,,,,,,,,,,,,,,,,,,,,,,,,,,,,,,,,,,,,,,1,,,,,,,,,,,,,,,,,,,,,,,,,,,,,,,,,,,,,,,,,,,,,,,,,,,,,,,,,,,,,,,,,,,,,,,,,1,,,,,,,,,,,1,,,,,,,,,,,,,,,,,,,,,,,,,,,,,,,,,,,,,,,,,,,,,,
zotSDVN3Zuv,30501 Dupcheshwor Rural Municipality,30501,,,,,,,,,,,,,,,,,,,,,,,,,1,,,,,,3,1,,,,1,,,,,1,,1,,,,,,,2,,,,,2,,3,,,,,,,,,,,1,,,,1,,,,,,,,2,,,1,,,,,,,,,,,,,,,,,,2,,,,,1,,,2,,,,,,,,,,1,,,2,,,,,,,,,,,,,,,,,1,3,1,,1,1,,,,,,,,,1,,,,1,,,,,,2,,,,,,,,,,,,,,,,3,1,,,,,,,,,,,,,1,,,,,1,,,,,,,,,,,,,,,,,1,,,,,,,,,2,,,,,,,,,,,,,,,,,,,,,,,1,,,,,,,,,,,,
RJCTklSgeBt,60408 Hima Rural Municipality,60408,,,,,,,,,,,,,,,,,,,,,1,,,,,,,,,,,,,,,,,,,,,,,,,,,,,,,,,,,,,,,,,,,,,,,,,,,,,,,,,,,,,,,,,,,,,,,,,,,,,,,,,,,,,,,,,,,,,,,,,,,,,,,,,,,,,,,,,,,,,,,,,,,,,,,,,,,,,,,,,,1,,,,,,,,,,,,,,,,,,,,,,,,,,,,,,,,,,,1,,,,,,,,,,,,,,,,,,,,,,,,,,,,,,,,,,,,,,,,,,,,,,,,,,,,,,,,,,,,,,,,,
GtSNdnR53Be,30502 Tadi Rural Municipality,30502,,,,,,,,1,,,,,,,,,,,,,3,1,,,1,,,,1,,,,,,,1,1,,,,,,,,,,,,1,,,,,,,,,,,,,,,,1,,,,,,,1,,2,,,,,1,,,,,,,,,,,,1,,,,,,,,,,1,,2,,,,,,,,,1,,,,,,,,,,1,,,,,,,,,,,,,,,,,,2,,,1,,,,,,,,,,1,,,1,,,,,,,1,,,,,,,,,,,,,,,,,,,,,,,,,,,,,,,,,,,,,,,,,1,,,,,,,,2,2,,,,,,,,,,,,,,,,,,,,,,,,,,,,,1,,,,,,,,,,,,,,4,,,
HXvoe91QCtL,50901 Banganga Municipality,50901,,,,,,,,,,,,,,,,,,,,,,5,,,2,,,,,,,,,,,3,,,,,,,,,,,,,1,,,,,,,,,,,,,,,,,,,,,1,,,,,,,,,,,,,,,,,,,,,2,,,,,,,,,,,,,,,,,,,,7,,4,,,,,,,,,,,,,,,,,,,,,,,,,,,,,1,,,,,,,,,,1,,,,,,,,,,,,,,,,,,,,,,,,,,,,,,,1,,,,,,,,,,,,,,,,,,,,,,,,,5,,,,,,,,,,,,,,,,,,,,,,,,,,,,,,,,,,,,,,,,,,,,,,,,,,,
LDhcTMEQwFc,10108 Sirijanga Rural Municipality,10108,,,,,,,,1,,,,,,,,,,,,,,,,,,,,,,,1,,,,,1,1,,,,,,,,,,,,,,,,,,,,1,,,1,,,,,1,,,1,,,,1,,,,,,,,,,,,,,,,,,,,,,,,,1,,,,,,,,,,,,,,1,,,,,,,,,,,,,,,,,,,,,,,,,,,,,1,,,1,,,,,,,,,,,,,,,,,,,,,,,,,,1,,1,,,,,,,,,,,,,,2,,,,1,,,,,,,,,,,,,1,,1,,,,,,,,,1,,,,,,,,,,,,,,,,,,,,,,,,,,,1,,,,,,,,,,,,,1,,,,,,
DX8NaqVcuB9,31301 Rapti Municipality,31301,,,,,,,,,,,,,,,,,,1,,,1,2,,,,,,,,,,,,,,,,,,,,,2,,,,,,,,,,,,,,1,,,,,,,,,,,,,,,,,,,,,,,,,4,,,,,,,,,,,,,,,,,,1,,,,,,,,,,,,,1,,,,5,,,,,,,,,,,,,,,,,,,,,,,,,,,,,,,,,,,,,,2,,,,,,,,,,,,,,,,,,,1,,,,2,,,,,,,,,,,,,,,,,2,,,,,,,2,,,1,,,,,2,,,,,,,1,,,,,,,,,,1,2,,,,,,,,,,,,,,,,,,,,,,,,,,,1,,,,
luYHLAcmJxy,20707 Pheta Rural Municipality,20707,,,,,,,,,,,,,,,,,,,,1,,,,,,,,,,,1,1,,,,,,,,,,,,,,,,,,,,,,,1,,,,,,,,1,,,,,,,,,,,,,,,,,,,,,,,,,,,,,,,,,,,,,,1,,,,,,,,,,,,,,,,,,,,,,,,,,,,,1,,,,1,,,,,,,,,,,,,,,,,,,,,,,,,,,,,,,,,,,,,,,,,,,,,,,,,,,,,,,,,,,,,,,,,,,,,,,,,,,,,,,,,,,,,,,,,,,,,,,,,,,,,,,,,1,,,,,,,,,,,,,,,,,,,,
VwwGw8hqdUJ,11212 Gramthan Rural Municipality,11212,,,,,,,,,,,,,,,,,,,,,,,,,,,,,,,,,,,,,,,,,,,,,,,,,,,,,,,,,,,,,,,,,,,,,,,,,,,,,,,,,,,,,,,,,,,,,,,,,,,,,,,,,,,,,,,,,,,,,,,,,,,,,,,,,,,,,,1,,,,,,,,,,,,,,,,,,,,,,,,,,,,,,,,,,,,,,,,,,,,,,,,,,,,,,,,,,,,,,,,,,,,,,,,,,,,,,,,,,,,,,,,,,,,,,,,,,,,,,,,,,,,,,,,,,,,,,,,,,,,,
oeCd9kH0yob,30610 Chandragiri Municipality,30610,,,,,,,,,,,,,,,,,,,,,,,,,,,,,,,,,,,,1,,,,1,,,,,,,,,,,,,,,,,,,,,2,,,1,,,,,,,,1,,,,,,,,,,,,,,,,,,,1,,,,,,1,,,,,,,,,,,,,,,,,,,,,,,,,,,,,,,,,,,,,,,,,,,,,,1,,,,,,,,,,1,,,,,,,,,,,,,,,,,,,,,,,,,,,,,,,,,,,2,,,,,,,,,,,,,,,,,,,,,,,,,1,,,,,,,,,,,,,,,,,,,,,,,,,,,,,,,1,,,,,,,,,,,16,,,,
VBe1utpoMY6,61008 Panchapuri Municipality,61008,,,,,,7,,,,,,,,,,,,2,,1,,1,,,8,,,1,1,2,1,,,,,42,1,,3,,2,,,,,,,,3,14,,,,,2,,,,,14,1,,,1,3,,,11,,,,1,,1,,,,1,1,,1,,,,1,3,,,,,12,,,,,,6,,,1,13,,,,,,,,1,,,,1,,1,,5,,5,,,,,,,,,,,,,,,,,2,,,3,,,,4,3,,,1,,,,,10,2,1,,1,,,,,,,,,,,1,,,,,,,,,,,,6,,1,,2,,,,,,,,,,,,2,4,,,1,4,,,,,,,1,,,,,1,,12,,,,,,5,,,,1,,,2,,,,,,3,,,,,,,1,1,,,,1,,,,,,,,,1,,,,,5
QzjoCwWDGN4,51208 Badhaiyatal Rural Municipality,51208,,,,,,,,,,,,,,,,,,,,,,,,,,,,,,,,,,,,,,,,,,,1,,,,,,,,,,,,,,,,,,,,,,,,,,,,,1,,,,,,,,,,,,,,,,,,,,,,,,,,,,,,,,,,,,,,,,,,,,,,,,,,,,,,,,,,,,,,,,,,,,,,,,,,,,,,,,,,,,,,,,,,,,,,,,,,,,,,,,,,,,,,,,,,,,,,,,,,,,,,,,,,,,,,,,,,,,,,,,,2,,,,,,,,,,,,,,,,,,,,,,,,,,,,,,,,,,,,,,,,,,
aIGwPXtsX4s,30407 Jwalamukhi Rural Municipality,30407,,,,,1,,,,,,,,,,,5,,,,,1,4,,,1,,,,,1,3,,,,,1,,,1,,1,,,,,,,,,2,,,,,2,,,2,,1,,,,,2,,3,1,,,,1,,,,,,,,2,1,,1,,,,,,,,,,,,,,1,,1,,2,,1,,,2,,,,,,,,,,,2,,,,,1,,,,,,,1,,,,,3,,1,,,,,,,1,,1,,,,,,,,,,,,,,,2,,,2,,,,,,,,,,,2,,,1,,,,,1,,,2,,,,,,,,,,2,,,,,2,,1,,5,,,,,,1,,1,2,2,,,,,,,,,,1,,,2,,,,,,,,,,,2,1,,,1,,,5,,,,,,,,,,1,2,,,
SeAeUI4mRO1,31006 Khandadevi Rural Municipality,31006,,,,,,1,,,,,,,,,,1,,,,,1,1,,,,,,,,,,,,,,4,,,,,,,,,,1,,,,1,,,,,,,,,,1,,,,,,,,3,,,,,,,,,,,,,,,,,,,,,,,,,,,,,,,,1,1,,,,,,,,,1,2,,,,,,,,3,,,1,,,,,,,,,,,,,,,,,3,,,,,,,,2,,,,,3,1,,,,,,1,,,,,,,,,,,,,,,,,,,,,,,,,,,,,,,,,1,,2,,,,,,,,,,,,,,,,1,,,1,,,1,,,,,,,,,,,,,,,,,,,,,,,,,,,,,,3,,,,,,,,,,,,,
jMeH7np95YE,10408 Manebhanjyang Rural Municipality,10408,,,,,,,,1,,,,,,,,,,,,,1,1,,,,,,,,1,,,,,,2,,,2,,,,,,,1,19,,,1,,,,,,,,,,1,,,,,,,,,,,,,,,,,,,,,,,,,,,,,,,,,,,,,,,,,2,,,,,,,20,,1,1,,,,,,,,1,,,,1,,,,,,,,,,,,,,,,,,,,1,1,1,,,,,,,,,,,,,1,,,,,,,,,,,,,,,,,,1,,,,,,,,,,,,,,,,,,,,,,,,,,,,,,,,,,1,,1,,1,,,,,,,,,,,,,,,,,,,,,,,,,,,,,,,,,,,,,,,1,,,,,,
bTTewrxrkF3,30104 Baiteshwor Rural Municipality,30104,,,,,,1,,,,,,,,,,,,,,,,,,,,,,,,,,,,,,3,,,,,,,,1,,,,,,,,,,,1,,,,,1,1,,,,,,,5,,,,,,,,,,,,,,1,1,,,,,,,,,,,,,,2,,,,2,,,,,,,,,,,,,,,,,,,,,,,,,,,,,1,,,,4,,,,,,,,1,,,,,,,,,,2,1,,,3,,1,,,,,,,,,,,,,,,,,,,,,,,,,,,1,,,1,,,,,,,,,,,1,,,,,,,,,,,,,4,,1,,,,,,,,1,,,,,,,,,,,,,,,,,1,1,,,,,,,,,,,1,,,,,,,,
lvgQNGCBZLM,70705 Chaurpati Rural Municipality,70705,,,,,,,,,,,,,,,,,,,,,,,,,,,,,,,,,,,,1,,,,,,,,,,,,,,,,,,,1,,,,,,,,,,,,,,,,,,,,,,,,,,,,,,,,,,,,1,,,,,,,,,,,,,,,,,,,,,,,,,,,,,,,,,,,,,,,,,,,,,,,,,,,,,,,,,,,,,,,,,,,,,,,,,,,,,,,,,,,,,,,,1,,,,,,,,,,,,,,,,,,,,,,,,,,,,,,,,,,,,,,,,,,,,,,,,,,,,,,,,,,,,,,,,,,,,,,,,,,,,,,,,
uR77y1RFLcN,70307 Shailyashikhar Municipality,70307,,,,2,,1,,,,,,,,,,,,,,,,,,,,,,,,,,,,,,,,,,,,,,,,,,,,,,,,,,,,,,,,,,,,,,,,,,,,,,,,,,,,,,,,4,,,,,,,,,,,,,,,,,,,,,,,,,,,,,,,,,,,,,,,,,1,,,,,,,,,,,,,,,,,,,,,,,,,,,,,,,,,,,,,,,,,,,,,,,,,,,,,,,,,,,,,,,,,2,,,,,,,,,,,,,,,,,,,,1,,,,,,,,,,,,,,,,,,,,,,,,,,,,,,,,,,,,,,,,,,,,,,,
NkmeHh5GPgn,40204 Nashon Rural Municipality,40204,,,,,,,,,,,,,,,,,,,,,,,,,,,,,,,,,,,,,,,,,,,,,,,,,,,,,,,,,,,,,,,,,,,,,,,,1,,,,,,,,,,,,,,,,,,,,,,,,,,,,,,,,,,,,,,,,,,,,,,,,,,,,,,,,,,,,,,,,,,,,,,,,,,,,,,,,,,,,,,,,,2,,,,,,,,2,,,,,,,,,,,1,,,,,,,,,,,,,,,,,,,,,,,,,,,,,,,,,2,,,,,,,,,,,,,,2,,,,,,,,,,,,,,,,,,,,,,,,,,,,,,,,
MeDEuAp5vBM,30606 Tarakeshwor Municipality,30606,,,,,,,,,,,,,,,,,,,,,,,,,1,,,21,,,,,,,,2,,,,,1,1,,,,,,,,7,,,,,,,,,,1,,,,1,,,,1,,,,,,,,,,,,,,,1,,,,,,1,,,,,,,,,,,,,,,,,,,,,,,,,,21,,,,,,,,,,,,,,,,,,,,,1,,,,,,,,,,,,,7,,,1,1,,,1,,,,,,,,1,,,,,,,,,,,,,,,,,,,,,,,,,,,,,,,,,,,,,,,,,,,,,,,,,,,,,,,,,,,,,,,,,,,,,,,,,,,,,,,,,,1,,,,,1,,,,8,1,,,
EtDSLuNpLgD,20308 Hansapur Municipality,20308,,,,,,,,,,,,,,,,,,,,,,,,,,,,,,,,,,,,,,,,,,,,,,,,,,,,,,,,,,,,,,,,,,,,,,,,,,,,,,,,,,,3,,,,,,,,,,,,,,,,,,,,,,,,,,,,,,,,,,,,,,,,,,,,,,,,,,,,,,,,,,,,,,,,,,,,,,,,,,,,,,,,,,,,,,,,,,,,,,,,,,,,,,,,,,,,,,,,,,,,,,,,,,,,,,,,,,,,,,,,,,,,,,,,,,,,,,,,,,,,,,,,,,,,,,,,,,,,,,,,
ch8QqKzMNi4,51206 Madhuwan Municipality,51206,,,,,,,,,,,,1,,,,,,,,2,,,,,,,,,,,,,,,,,,,,,,,,,,,,,,,,,,,,,,,,,,,,,,,,,,,,,,,,,,,,,,,,,,,,,,,,,,,,,,,,,,,,,,,,,,,,,,,,,,,,,,,,,,,,,,,,,,,,,,,,,,,,,,,,,,,,,,,,,,,,,,,,,,,,,,,,,,,,,,,,,,,,,,,,,,,,,,,,,,,,,,,,,,,,,,,,,,,,,,,,,,,,,,,,,,,,,,,,,2,,,,,,,,,,,,,,,,,,,,,,1
gZbwskTTWq8,10204 Chichila Rural Municipality,10204,,,,,,,,,,,,,,,,,,,,,,,,,1,,,,,,,,,,,1,,,,,,,,,,,,,,,,,,,,,,,,1,,,,,1,,,,,,,,,,,,,,,,,,,,,,,,,,,,,,,,1,,,,,,1,,,,,,,,,,,,,,,,,,,2,,,,,,,,,,,,,,1,,,1,,,,,,,,,,,,,,,,,,,,,,,,,,,,,,,,,,,,,,,,,,,,,,,,,,,,,,,,,,,,,1,,,,,,,,,,,,,,,1,,,,,,,,,,,,,,,,,,,,,,,,,,,,,,,,,,,,,,,,21,,,,
iDN6TSaZZFU,60908 Kalimati Rural Municipality,60908,,,,,,,,,,,,,,,,,,,,,,,,,,,,,,,,,,,,,,,,,,,,,,,,,,,,,,,,,,,,,,,,,,,,,,,,,,,,,9,,,,,,,,,,,,,,,,,,,,,,,,,,,,,,,,,,,,,,,,,,,,,,,,,,,,,,,,,,,,,,,2,,,,,,,,,,,,,,,,,,,,,,,1,,,,,,,,,,,,,,,,,,,,,,,,,,,,,,2,,,,,,,1,,,,,,,,,,,,,,,,,,,,,,,,,,,,,,1,,,,,,,,,,,,,,,,,,,,,,,,,,,,,
JJrKf4wS7Ve,51101 Rapti Sonari Rural Municipality,51101,,,1,,,6,,,,,,,,,,1,,,,,,,,,3,,,,,,,,,,,24,,,,,,,,,,,,,1,,,3,,,,,,,,,,,,,12,,,44,,,,,,,,,,,5,,,,,,,3,,,,,10,,,,,,,,,,9,,,,,,,,,,,,,,,,,,24,,,,4,3,,,,,,,,,,,,,,,,,,,2,,,,2,,,,,14,15,,,,,,,,,,,,,,,,,,,,,,,,,,,,,,2,,,,,,,,,,,,,,,,,,,,,,,,,,,,,,,20,,2,,,,,,,,,,,,,,,,,,,,,,,,,,,,,,6,,,,,,,,,,,,,1
pPbkIIGKxTf,50815 Sammarimai Rural Municipality,50815,,,,,,,,,,,,,,,,,,,,,,,,,,,,,,,,,,,,,,,,,,,,,,,,,,,,,,,,,,,,,,,,,,,,,,,,,,,,,,,,,,,,,,,,,,,,,,,,,,,,,,,,,,,,,,,,,,,,,,,,,,,,,,,,,,,,,,,,,,,,,,,,,,,,,,,,,,,,,,,,,,,,,,,,,,,,,,,,,,,,,,,,,,,,,,,,,,,,,,,,,,,,,,,,,,,,,,2,,,,,,,,,,,,,,,,,,,,,,,,,,,,,,,,,,,,,,,,,,,,,
bxspQdWJbyA,60505 Naraharinath Rural Municipality,60505,,,,,,,,,,,,,,,,,,,,,,1,,,,,,,,,,,,,,1,,,,,,,,,,,,,,,,,,,,,,,,1,,,,,,,,,,,,,,,,,,,,,,,,,,,,,,,,,,,,,,,,,,,,,,,,,,,,,,,,,,,,,,,,,,,,,,,,,,,,,,,,,,,,,,,,,,,,,1,,,,,,,,,,,,,,,,,,,,,,,,,,,,,,,,,,,,,,,,,,,,,,,,,,,,,,,,,,,,,,,,,,,,,,,,,,1,,,,,,,,,,,,,,,,,,,,,,,,,,,,,,,,
cMWLZfK0O4z,505 ARGHAKHANCHI,505,,,,2,3,2,,,,,6,,,1,,2,,,,,1,20,,,,,,,3,,3,2,,,,3,,,,4,8,2,1,,,1,,,,1,,,,,4,,2,2,,2,1,,6,2,,,3,2,,,,9,,,,,,,1,8,,,16,,,,,4,,1,,3,,7,1,,5,,,8,2,,2,,,1,,,6,,8,,8,,,,1,,2,6,,3,7,,,,,,,7,,,,15,,,,,6,6,,,,1,,5,1,,,,,,5,,,3,,5,,2,,,,1,,4,1,,,1,8,,,,,1,2,,3,,,5,,4,3,,,,,,,15,2,15,,,,2,,3,,,,,,,,3,,1,,2,,7,3,,,1,2,3,,4,,12,,1,2,,,,,,,,,,,,14,,,2,,3,4,,,,,,8,,,,,1,,,1
bYsQAubQrYU,31303 Ichchha Kamana Rural Municipality,31303,,,1,1,,1,,,,,,,,,,,,,,,,,,,,,,,,,,,,,,2,,,,,,,,,,,,1,,,,,,,1,,,,,1,,,,,2,,,,,,,,,,,,,,,,,,,,,1,,,,,,,,,1,,1,,,,2,,,,,,,,,,,,,,,,,,1,,,1,,,,,,,,,,,,1,,,,1,,,,,,,,,,,,,,1,,,,,,,,,,,,,,,,,,,,,,,,,,,,,,,,,,,,,,,,1,,,,,,,,1,,,,,,,,,,,,,,,,,,,,,,,,,,,1,,,,,,,,,,,,,,,,,,1,,,,,,,,,,,,,,
OF6Ct06Stc6,11405 Limchungbung Rural Municipality,11405,,,,,,,,,,,,,,,,,,,,,,,,,,,,,,,,,,,,,,,,,,,,,,,,,,,,,,,1,,,,,,,,,,,,,,,,,1,,,,,,,1,,,,,,,,,,,,,,,,,,1,,,,1,,,,,,,,,,,,,,,,1,,,,,2,1,,,,,,,,,,,,,,,,,,,,,,,,,,,,,,,,,,,,,,,,,,,1,,,,,,,,,,,,1,,,,,,,,,,,,,,,,,1,1,,,,,,,,,,,,,,,,,,2,,,,,,,,,,,,,,,,,,,,,,,,,,,,1,,,,,,,,,,,,,,,,,
uyvw1s0w1rY,70204 Talkot Rural Municipality,70204,,,,,,,,,,,,,,,,,,,,,,,,,,,,,,,,,,,,2,,,,,,,,,,,,,,,,,,,1,,,,,,,,,,,,,,,,,,,,,,,,,,,,,,,,,,,,,,,,,,,,,,,,,,,,,,,,,,,,,,,,,,,,,,,,,,,,,,,,,,,,,,,,,,,,,,,,,2,,,,,,,,,,,,,,,,,,,,,,,,,,,,,,,,,,,,,,,,,,,,,,,,,,,,,,,,,,,,,,,,,,,,,,,,,,,,,,,,,,,,,,,,,,,,,,,,,,,,,,,,,,,
ZULmwVN4Zfv,109 PANCHTHAR,109,,,,,,,,,,,,1,,,,7,,,,1,3,5,,,1,2,,,,,3,,,,,6,,,,1,5,,1,1,,,,,,3,,3,,1,2,,6,1,,1,1,,,,,,,,,,,2,,,,,,,,4,1,4,5,,,,,2,,1,,1,,2,2,,6,,1,5,2,,8,,,1,,,,,1,1,,,,,1,,3,,1,6,,1,,,,1,,,,,1,6,,,,,3,4,1,,1,2,,,1,,2,,,3,3,,,3,,2,1,,,,2,1,,1,,,,,1,,,,,4,2,,2,,,,1,,1,,,,,,,3,,2,,,,,,4,,,1,1,,2,1,,,1,,1,3,1,1,1,,,,,,1,,3,,,3,1,,1,1,,,,,,,1,2,,,,,,4,,,,,,,,,,,4,,,2
TmF0dOJwkow,31210 Bagmati Rural Municipality,31210,,,,,,,,,,1,,,,,,,1,,,,,,,1,1,,,,,,,,,,,2,,,2,,,,,,,,,,,,,,,,,,,,,1,,,,,,,1,,,,,,,,,,,,1,1,,,,,,,,1,,,1,,,,,,,,,,,,2,,,,,,,,,,,,,,,,,,,,,,,,,1,,,1,,,,,1,,,,,,,,,,,,,,,,,,,,,,,,,,,,,,,,,,,,,,,,,,,,,,,,,,,,,,,,,,,,,,,,1,,,,1,,,,,,,,,,,,,,,,,,,,,,,1,,,,,,,,,,,,,,,,,,1,,,,,1,,,,,,,,,
G4tF7L9A53i,50503 Bhumikasthan Municipality,50503,,,,,,,,,,,,,,,,,,,,,,,,,,,,,2,,,,,,,,,,,,,,,,,,,,,,,,,,,,,,,,,,,1,,,,,,,,,,,,,,,,,,,,,,,,1,,,,,,,,,,,,,,,1,,,,,,,,,,,,,,,,,,,,1,,,,,,,,,,,,,,,,,,,,,,,,,,,,,,2,,,,,,,,,,,,,,,,,,,,,,,,,,,,,,,,,,,,,,,,,,,,,,,,,,,,,,,,,,,,,1,,,,,,,,,,,,,,,,,,,,,,,,,,,,,,,,,,,,,,,,,,,,,
xRo2s6fO8RZ,30509 Likhu Rural Municipality,30509,,1,,,,,,,,,,,,,,,,,,,,,,,,,,,,,,,,,,,,,,,,3,,,,,,,,,,,1,,,,,,,,,,,,,,,,,,,,,,,,,,,,,,,,,,,,,,,,,,,,,,,,,,1,,,,,,,,,,,,,,,,,,,,,,,,,,,2,,,,,,,,,,,,,,,,,,,,,,,1,,,3,,,,,,,,,,,,,,,,,,,,,,,,1,,,,,,,,,,,,,,,,,,,,,,,,,,,,,,,,,,,,,,,,,,,,,,,,,,,,,,,,,,,,,,,,,,,,,,,,,,,,,,,1
c8DlVHakEnq,30106 Tamakoshi Rural Municipality,30106,,,,,,1,,,,,,,,,,,,,,1,1,2,,,,,,,,,,,,,,3,,,,,2,,,,,,,,,1,,,,,,,,,,,,,,,,,,1,,,,2,,,,,,,,1,,,,,,,,,,,,,,,1,,,,1,1,,,1,,,,,,,,,,2,,,,,,,,,,,,,,,,,,,,,,,,,,,,,,,,,,,,,,,1,,,,,,,,,,,2,2,,,,,,1,,,,,,,,,,,,,,,,,,,,,,,,,,,,1,,,,,,1,,,,,,,,,1,,,,,,,,,,,,,,,,,,,,2,,,,,,,,,,,,,,,,,,,1,,,,,1,,
A4PA29cyQWN,70408 Melauli Municipality,70408,,,,,,,,,,,,,,,,,,,,,,,,,,,,2,,,,,,,,17,,,1,,,,,,,,,,,,,,,,,,,,,2,,,,,,,,,,,,,,,,,,,,,,,,,,,,,,,7,,,,,,,,,,2,,1,,,,,,,,,,,,,,,,,,,1,,,,,,,,,,,,,,,,,,,,,,1,1,,,,,,,7,,,,,,,,,1,,,,,,1,,,,,,,,,,,,,,,,,,,,,,,,,,,,,,,,,,,,,,,,,,,,,,,,,,,,,1,,,,,,,1,,,,,,,,,,,,,,,,,,,,,,,,,,,,,,,,
MO5gPhUVx1t,40703 Myagde Rural Municipality,40703,,,,,,,,,,,,,,,,,,,,,,,,,,,,,,,1,1,,,,,,,,,,,,,,,,,,,,,,,,,,,,,,,,,,,,,,,,,,,1,,,,,1,,,,,,,,,,,,,,,,,,,,,,,,,,,,,,,,,,,,,,,,,,,,,,,,,,,,,,,,,,,,,,,,,,,,,,,,,,,,,,,,,,,1,,,,,,,,,,,,,,,,,1,,,,1,1,,,,,,,,,,,,,,,1,,,,,,,,,,,,,,,,,,,,,,,,,,,1,,,,,,,,,,,,,,,,,,,,,,,,,,,,,,,,
NJRFRHdhKXf,70901 Krishnapur Municipality,70901,,,,,,,,,,,,,,,,,,,,,,,,,1,,,,,,,,,,,1,,,,,,,,,,,,,1,,,,,,,,,,,,,,,,,,,,,,,,,,,,,,,,,,,,,,,,,,1,,,,,,,,,3,,,,,,,,,,,,,,,,,,,,,,,,,,,,,,,,,,,,,,,,,,,,,,,,,,,,,,,,,,,,,,,,,,,,,,,,,,,,,,,,,,,,,,,,,,,,,,,,,,,,,,,,,,,,,,,,,,,,,,,,,,,,,,,,,,,,,,,,,,,,,,,,,,,,,,,,,,,,,,,
GvgqqErqwFP,4 Gandaki Province,4,,1,21,14,1,165,2,12,6,5,7,9,1,6,,253,7,3,2,83,182,282,27,17,85,46,,102,27,49,154,5,3,12,1,704,17,40,60,96,121,14,68,20,1,16,3,14,14,286,18,17,47,2,204,4,174,7,,227,176,8,5,79,202,,20,241,1,3,20,211,,16,13,11,5,1,105,223,25,1,207,29,1,40,,268,1,17,157,,1,43,155,18,154,1,20,174,238,1,196,36,19,103,,19,6,2,216,30,33,9,11,,79,18,202,1,6,300,46,2,8,1,65,29,2,70,13,4,63,110,7,37,1,80,207,133,5,27,136,88,6,4,16,,24,3,9,202,240,42,19,149,5,38,8,,24,,199,58,10,14,12,3,17,13,19,3,13,3,17,267,45,12,251,253,52,5,23,40,140,6,3,36,31,15,4,199,10,140,44,6,2,14,59,262,2,17,4,187,1,39,27,11,1,29,10,187,166,274,19,29,7,7,1,163,4,208,4,95,,3,262,,36,17,2,4,30,4,3,2,3,122,133,7,3,33,1,13,220,52,10,26,14,20,10,20,4,5,63,124,10,3,51
dQphAmskjKr,20212 Sakhuwa Nankarkatti Rural Municipality,20212,,,,,,,,,,,,,,,,,,,,,,,,,,,,,,,,,,,,,,,,,,,,,,,,,,,,,,,,,,,,,,,,,,,,,,,,,,,,,,,,,,,,,,,,,,,,,,,,,,,,,,,,,,,,,,,,,,,,,,,,,,,,,,,,,,,,,,1,,,,,,,,,,,,,,,,,,,,,,,,,,,,,,,,,,,,,,,,,,,,,,,,,,,,,,,,,,,,,,,,,,,,,,,,,,,,,,,,,,,,,,,,,,,,,,,,,,,,,,,,,,,,,,,,,,,,,,,,,,,,,
kRYymWsSu69,70802 Chure Rural Municipality,70802,,,,,,,,,,,,,,,,,,,,,,,,,,,,,,,,,,,,2,,,,,,,,,,,,,,1,,,,,,,1,,,2,,,,,,,,,,,,,,,3,,9,,,,,,,,,,,,,,,,,,,,,,,,,,,,,,,,,,,,,,,,,,,,,,,,,,,,,,,,,,,,,,,,,,,,,,,,,,,,,,,,,,,,,,,,,,,,,,,,,,,,,,,3,,,,,,,,,,,,,,,,,,,,,,,,,,,,,,,,,,,,,,,,,,,,,,,,,,,,,,,,,,,,,,,,,,,,,,,,,,,,,,,
xGO56QuFIYs,10608 Hatuwagadhi Rural Municipality,10608,,,,,,,,,,,,,,,,,,,,,,,,,,1,,,,,1,,,,,1,,,,,1,,,,,,,,,1,,,,,1,,,,,,,,,,,,3,3,,,,,,,,,,,,1,,,,,,,,1,,,,,,,,,,,,,1,,1,,,,,,,,,,,,,,,,,,1,,,,,,,,,,,,,,,,,,,1,,,,,,,,,,,,1,,,,,,,,,,,1,,,,,,,,,,,,,1,1,,,,,,,,,,,,,,,,,,,,,,,,,,,,,,,,,,,,,,,,,,,,,1,,,,,1,,,,,,,,,,,,2,,,,,,4,,,,,,,,,,,,,,
MPVGGKIA6G4,70306 Marma Rural Municipality,70306,,,,,,,,,,,,,,,,,,,,,,,,,,,,,,,,,,,,1,,,,,,,,,,,,,,,,,,,,,,,,,,,,,,,,,,,,,,,,,,,,,,,,,,,,,,,1,,,,,1,,,,,,,,,,,,,,,,,,,,,,,,,,,,,,,,,,,,,,,,,,,1,,,,,,,,,,,,,,,,,,,,,,,,,,,,,,,,,,,,,,,,,,,,,,,,,,,,,,,,,,,,,,,,,,,,,,,,,,,,,,,,,1,,,,,,,,,,,,,,,,,,,,,,,,,,,,,,,,,,,,,,,
G3hlaNbqWlq,31207 Bhimphedi Rural Municipality,31207,,,1,,,1,,,,1,,,,,,,,,,,1,,,,,,,,,,,,,,,,,,,,1,,,,,,,,,,,,,,1,,1,,,,,,,,1,,,,,,,1,,,,,,,,1,,,,1,,,,,,,,,,,,,,,,,,,1,,,,,,1,,,,,,,,,,1,,,,,,,,,,,,,,1,,,,,,1,,,,,,,,,,,,,,,,,,1,,,,,,,,,,,,,,,,,,,,,,,,,,,,,,,,,,,1,,3,,,,,,,,,,1,,,,,,,,,,1,,,,,,,,,,1,,,,,,,,,,,,,,,,,,,,,,,,,,,,,,,,,,,
uYoqkSry0gN,41106 Nisikhola Rural Municipality,41106,,,,,,1,,,,,,,,,,,,,,,,4,,,,,,,,,,,,,,,,,,,,,1,,,,,,,1,,,,,1,,,,,,,,,,,,,1,,,,,,,,,,,,,,,3,,,,,,,,,,,,,,1,,,,2,,,1,,,,,,,1,,,,,,,,3,,,,,,,,,,,,,,,,,,,,1,,,,,,,,,,1,,,,4,,,,,,,,1,,3,,,,,,,,,,,,,1,,,2,,,,,,,,,,,,,,,,,,,,,1,,,,,,,,,,1,,3,1,1,,,,,,2,,,,1,,,2,,,,,,,,,,,,,,,,,,,,,,,,,,,,,,,,
wBYpHj97IZo,70809 Joshipur Rural Municipality,70809,,,,,,,,,,,,,,,,,,,,,,,,,,,,,,,,,,,,,,,,,,,,,,,,,,,,,,,,,,,,,,,,,,,,,,,,,,,,,,,,,2,,,,,,,,,,,,,,,,,,,,,,,,,,,,,,,,,,,,,,,,,,,,,,,,,,,,,,,,,,,,,,,,,,,,,,,,,,,,,,,,,,,,,,,,,,,,,,,,,,,,,,,,,,,,,,,,,,,,,,,,,,,,,,,,,,,,,,,,,,,,,,,,,,,,,,,,,2,,,,,,,,,,,,,,,,,,,,,,,,,
pQ9sfTqDPzf,30507 Tarakeshwor Rural Municipality,30507,,,,,,,,,,,,,,,,,,,,,,,,,,,,,,,,,,,,,,,,,,,,,,,,,,,,,,,,,,,,,,,,,,,,,,,,,,,,,,,,,,,,,,,,,,,,,,,,,,,,,,,,,,,,,,,,,,,,,,,,,,,,,,,,,,,,,,,,,,,,,,,,,,,,,,,,,,,,,,,,,,,,,,,,,,,,,,,,,,,,,,,,,,,,,,,,,,,,,,,,,,,,,,,,,,,,,,,,,,,,,,,,1,,,,,,,,,,,,,,,,,,,,,,,,,,,,,,,,,,,
IDp6QAC1Prv,11010 Rong Rural Municipality,11010,,,,,,,,,,,,,,,,,,,,,,1,,,,,,,,,,,,,,,,,,1,,,,,,,,,,,,,,,,,,,1,,,,,,,,,,,,,1,,,1,,,,,,,,,,,,,,,,,,,,,,,,,,1,,,,,,,,,,,,,,,,,,,,,,,,,,,,,,,,,,,,,,,,,,,,,,,,,,1,,,,,,,,,,,,,,,,,,,,,,,,,,,,,1,,,,,,,,,,,,,,,,,,,,,,,,,,,,,,,,,,,,,,,,,,,,,,,,,,,,,,,,,,,,,,,,,,,,,,,,,,,,,,,
PAcfAwNtnry,10506 Sakela Rural Municipality,10506,,,,,,,,,,,,,,,,,,,,,,1,,,,,,,,,,,,,,,,,,,1,,,,,,,,,,,,,,,,1,,,,,,,,1,,,,,,,,,,,,,,,1,,,,,,,,,,,,,,,,,,,,,1,,,,,,,,,,1,,,,,,,,,,,,,,,,,,,,,,,,,,,,,1,,,,,,,,,,,,,,,,,,,,,,,1,,,,,,,,,,,,,,,,,,,,,,,,,,,,,,,,,,,,,1,,,,1,,,,,,,,,1,,,,,,,,,,,,,,,,,,,,,,,,,,,,,1,,,,,,,,,,,,,,,,,
EPL0DIwxK38,11106 Kamal Rural Municipality,11106,,,,,,,,,,,,,,,,,,,,,,,,,,,,,,,,,,,,,,,,,,,,,,,,,,,,,,,,,,,,,,,,,,,,,,,,,,,,,,,,,,,,,,,,,,,,,,,,,,,,,,,,,,,,,,,,,,,,,,,,,,,,,,,,,,,,,,,,,,,,,,,,,,,,,,,,,,2,,,,,,,,,,,,,,,,,,,,,,,,,,,,,,,,,,,,,,,,,,,,,,2,,,,,,,,,,,,,,,,,,,,,,,,,,,,,,,,,,,,,,1,,,,,,,,,,,,,,,,,,,,,
Aqx5bnogLPJ,50404 Musikot Municipality,50404,,,,1,,,,,,,,,,,,1,,,,,2,,,,,,,,,,1,,,,,,,,,,,,1,,,,,,,,,,,,,,,,,,1,,,,2,,,1,,,,2,,,,,,,1,1,,,,,,,,,,,,,,,1,,,,,,2,,4,,,1,,,,,,,,,,,,,,,,2,,,,,,1,,,,,,,5,,,,3,,1,,3,,,,,,,,,,1,,,,,,,,,,1,,,,,,,,,,,,,,,,,,,,,,,,,,,,,1,,1,,,,,,,5,,,,,,,,,,,1,,,,,,,,,,,,,,,,,,,,,,,,,,,,,,,,,,1,,,3,,,,,,,,,,
IowlrcJuWwg,50806 Suddhodhan Rural Municipality,50806,,,,,,1,,,,,,,,,,,,,,,,,,,,,,,,,,,6,,,,,,,,,,,,,,,,,,,,,,,,,,,,,,,,,,,,,,,,,,,,,,,,,,,,,,,,,,,,,1,,1,,,,,,,,,,,,,,,,,,,,,,,,,,,,,,,,,,,,,,,,,,,,1,,,,,,,,,,,,,,,,,,,,,,,,,6,,,,,,,,,,,,,,,,,,,,,,,,,,,,,,,,,,,,,,,1,,,,,,,,,,,,,,,,,,,,,,,,,,,,,,,,,,,1,,,,,,,,,,,,,,,,,,,,
KiK0q7eLwHM,60402 Kanaka Sundari Rural Municipality,60402,,,,,,,,,,,,,,,,,,,,,,,,,,,,,,,,,,,,,,,,,,,,,,,,,,,,,,,,,,,,,,,,,,,,,,,,,,,,,,,,,,,,,,,,,,,,,,,,,,,,,,,,,,,,,,,,,,,,,,,,,,,,,,,,,,,,,,,,,,,,,,,,,,,,,,,,,,,,,,,,,1,,,,,,,,,,,,,,,,,,,,,,,,,,,,,,,,,,,,,,,,,,,,,,,,,,,,,,,,,,,,,,,,,,1,,,,,,,,,,,,,,,,,,,,,,,,,,,,,,,,
sW7CMn96Vbt,51203 Thakurbaba Municipality,51203,,,2,,,,,,,,,,,,,,,,,,,,,,,,,,,,,,,,,,,,,,,,,,,,,,,,,,,,,,,,,,,,,,2,,,,,,,,,,,,,,,,,,,,,,,,,,,,,,,43,,,,,,,,,,,,,,,,,,,,,1,,,,,,,,,,,,,,,,,,,,,,,,,,,,,,,,,,,,,,,,,,,,,,,,,,,,,,,,,,,1,,,,,,,,,,,,,,,,,,,,,,,,,,,,,,,,,,,,,,,,,,,,,,,,,,,,,,,,,,,,,,,,,,,,,,,,,,,,,,,,,,,
Vaz2akuQgf5,70905 Dodharachadani  Municipality,70905,,,7,,,5,,,,,,,,2,,,,,,,,,,,,,,2,,,,,,,,10,2,,2,,,,,,,,,,,13,,,,,,,,,,3,4,,,,7,,,7,,,,,,,,,,,3,,,,,,,,,,,,2,,,,,,,,,,3,,,,,,,,,,,,,,,,,,4,,,,,,,,1,,,,,,,8,,,,,,,,,2,,,,,,,,,5,7,6,,,,,,,,,,,,,,,,,,,,,,,,,,,,,,,,,,4,,,,,,,,,,,,6,,,,,,,,,,,,,,,,3,,,,5,,,,,,,,,,,,,,,,,,,,,,,,,,7,,,,3,,,,,,2,2,,
FluZyDqgK8D,30203 Panchpokhari Thangpal Rural Municipality,30203,,2,,,,27,,,,,,,,,,4,,,,1,,,,,2,,,,,,,,,,,9,,,,,,,,,,,,,,4,,,2,,3,,1,,,5,5,,,,5,,,1,,,,1,,,,,,,,1,1,,,,,,,,1,,2,,,,,,,,,,1,,5,1,,1,,,,,,,,,,,3,,3,,,2,1,,,,,,,,,,,1,,,,,,,1,,1,,,,1,,3,,,2,4,,,,,,,,1,,1,1,,,,,,,,,,,,,,,11,,,,2,,,,,,,,,,,,,1,,,,2,,1,,3,,,,,,,,1,,1,,,,,,20,,,,,,,1,,,,,,,,,,,1,,,,,,,,,,,,,,,,,,,,,1
jyzaWGbY6vG,50205 Madi Rural Municipality,50205,,,,,,,,,,,,,,,,,,,,,,,,,,,,2,,,1,1,,,,3,,,,,,,,,,,,,,,,,,,2,,,,,1,,,,1,,,,,,,,3,,,,,,,,,,,,,,,,,,,1,,,,,,1,,,3,2,,,,,,,,,,,,,,,,,,6,,,3,,,,,,,,,,,,,,,,,,,,,,,,,1,,,,,1,,,,,,,,,1,,,,,,,,,,,,,3,,1,,,3,1,,,,,,,,,,1,,,,,,,,,,3,,,,,,,,,,,,,,3,,,,,,,,,,,,,1,,,,,,,,,,,,2,,,1,,,2,,,,,,,,,,,,,,1
ORfqiWQXI4y,30803 Godawari Municipality,30803,,,,,,1,,,,,,,1,,,,,,,10,,,,,,,,,,,1,1,,,,3,,,,,1,,,,,,,,,,1,,,,1,,1,,,1,,,,1,1,,,,,,,1,,,,,,,,,,,1,,,,,,,,,1,,,,,2,,2,,2,,,1,,1,,,,,,,,,,,,,,,,,1,,1,,,,,,,,1,2,,,,,,,,,,,,,,,,,,2,,,,,,,,,,,,1,,1,,,,,,,,,,,,,,,,,,,,,,,,,,,,,,,,,,1,,,,,,1,,,,,,2,1,1,,,,,,,,,,,,,1,,,,,,,,,2,,,1,2,,1,,,,,,,,,,,,,,,,,
JH8RPnwv8kB,308 LALITPUR,308,,,,,,2,,,,,,,1,1,,1,,,,10,1,3,1,,,,,,,,2,1,,,,5,,,,,4,,,,,,,,,4,1,,,,1,,3,,,1,,,,6,2,,,1,,,,2,,,,,,,,1,,,2,,,1,,,,,,1,,,4,,7,,2,1,2,,1,1,,1,,,,,3,,1,,,,2,1,1,,,,1,,2,,,,,,,,1,4,,,,,,,,,2,,,1,1,,,,,3,4,,,,,,,,3,,,1,,1,,,,2,,,,,,,,1,,,,,,,6,,,,1,,,,,,2,,,,,1,,,,,1,2,,,,,,8,3,2,,,,2,,2,,1,,,,,7,,,,,,1,,,2,,,1,5,,1,,,,1,,,,,,,,,,2,,,1
xh6T1nEbcgU,10406 Champadevi Rural Municipality,10406,,,,,,,,,,,,,,,,1,,,,,2,,,,,,,,,,,,,,,12,,,,,1,1,,,,,,,,,,,,,,,,,,12,,,,,2,,,,,,,1,,,,,,,,,,,,,,,,,,,,,,,,,4,,,2,,,1,,,,,,,,5,,,,,,,,1,,,1,,,,,,,,,,,,,,,,,2,,,,,,,,,,,,,,,,,1,,,,,,,2,,,,,,,,,,,,,1,,,4,,,,,,,,,,,,,3,,,,,,,,,,,,,,,1,5,,,,,1,,,,,,,,,,,,,,,,,1,,,,,,,,,,,,,,,1,,,,,,,,,,,,,,
kZSDETMIlBs,31002 Gokulganga Rural Municipality,31002,,,2,,,,,,,,,,,,,2,,,,,,5,,,,1,,,,,1,,,,,6,,,,,6,,,1,,,,,,1,,1,,,,,3,,,5,,,,4,3,,,1,,,,5,,,,,,,1,,,,3,,,,,,,,,,,,1,,1,,,2,1,,,,1,1,,,,,1,,5,,,,,,,,,1,,,,,,,,,2,,1,1,,,,,,3,,,,,,1,,,,,,1,3,,1,1,2,2,,,3,,2,,,,,,,,,,,,,,,,,,,,,,4,,,,,,,2,2,2,,,,,,,,,,2,,,,,,,,2,4,2,,,,,,,,2,,,,,3,,,,,,,,,,,2,,,,,,,1,,,,,,1,,,,,,,,
F5xI4hl77mT,508 RUPANDEHI,508,,1,,24,1,127,,,7,94,,,2,24,,2,13,2,,38,211,,18,35,86,29,,57,18,,,,15,27,,437,,140,3,,1,7,58,13,,12,,50,20,219,4,31,12,15,318,,,,,157,180,2,,11,,,,386,,8,28,267,1,,23,,,,12,,,7,1,,3,,,255,4,,82,,,2,5,46,,,25,14,273,,204,3,,,,,,,2,1,,2,5,1,197,,143,,,280,,7,3,,29,37,,162,,,1,,12,26,,141,344,1,,54,,2,,7,25,,22,,,188,18,39,7,14,,,,,2,,,36,18,,15,,84,3,39,,,4,10,252,,36,331,430,38,1,35,,4,5,,13,1,3,,142,,110,32,14,,1,15,212,1,,2,2,1,,30,,,,12,5,103,2,12,,,2,,135,,236,,,,23,4,2,7,,,,8,,1,3,1,129,2,,,,,,,22,2,,51,2,,,,,29,90,12,1,
iqLM1XBMxyu,405 KASKI,405,,1,9,3,,34,1,5,,,,,1,3,,127,,,,6,60,60,9,2,28,3,,8,4,15,68,,,,1,82,3,2,,27,32,2,22,5,,7,,1,,34,3,1,12,1,16,,54,4,,40,27,2,,8,13,,7,35,1,,,42,,2,2,,4,,13,87,1,,94,,1,,,64,,5,13,,,37,30,1,43,,2,55,15,,56,23,2,37,,14,3,2,73,4,18,,2,,2,1,4,,1,88,23,,1,,16,11,1,4,1,,16,9,3,21,,10,60,47,,5,3,12,,2,1,,1,,4,16,7,15,2,56,2,,1,,3,,54,8,,,1,2,6,6,4,1,,3,11,71,16,,22,29,5,1,5,23,40,2,,1,7,12,,39,3,22,17,2,,2,26,24,,5,1,71,,6,15,6,,12,7,45,72,27,5,12,,,,24,,27,4,26,,,49,,27,1,,,1,,,,,46,39,,1,6,1,4,70,28,1,7,,13,,3,2,2,2,48,,2,3
wIOJ0eVF34c,40802 Bulingtar Rural Municipality,40802,,,,,,1,,,,,,,,,,,,,,,,,,,,,,1,,,,,,,,5,,1,,,,,,,,,,,,1,,,1,,1,,,,,2,,,,,2,,,2,,,,,,,,,,,,,,,,,,,,,,,1,,,,,,,,,,,,,,,,,,,,,,,,,,,,,,,,,,,,,,,,,,1,,,,,3,,,,,,1,,,,,,,,1,2,,,,,1,,,,,,,,,,,,,,,1,,,1,,,1,,,,,,,,,,,,,1,,,1,,,,,3,,,,,,,,,,,,,,1,,,,,,,,1,,,,,,,1,,,,,,,,,,,,,,,,,1,,,,,,,,,,,,,
h6i4S2EZfnc,60302 Kharpunath Rural Municipality,60302,,,,,,,,,,,,,,,,,,,,,,,,,,,,,,,,,,,,1,,,,,,,,,,,,,,,,,,,,,,,,,,,,,,,,1,,,,,,,,,,,,,,,,,,,,,,,,,,,,,,,,,,,,1,,,,,,,,,,,,,,,1,,,1,,,,,,,,,,,,,,,,,,,,,,,,,,,,,,1,,,,,,,,,,,,,,,,,,,,,,,,,,,1,,,,,,,,,,,,,,,,,,,,,,,,,,,,,,,,,1,,,1,,,,,,,,,,,,,,,,,,,,,,,,,,,,,,,,,,,,,,,,,,,,
LrZTejRas1h,20415 Jaleshwor Municipality,20415,,,,10,,,,,,,,,,,,,,5,,,,,,,,,,4,,,,,,,,11,,,,,,,,,,,,,,,,,,,,,33,,,6,,,,,,,,,,,,,,,,,,,,,,,,,,,,,,,,,,,28,,,,,,,,,,,,,,,,,,,,4,,,,,,,,,,,,,,,,,,,,,,,,6,,,8,,,,,,,,,,,,,,,,,,,,,,,,,,,,,,,,,,5,5,,,10,,,,,,,,,,,,10,,,5,,,,,,,,,,,,,,,,,,,,,,,,,,,,,,,,31,,,,,,5,,,,,,30,,,,,,,,,,,,,,,,,,,,
X4ptvPQX4oH,20318 Mukhiyapatti Musaharmiya Rural Municipality,20318,,,,,,,,,,,,,,,,,,,,,,,,,,,,,,2,,,,,,,,,,,,,,,,,,,,1,,,,,,,,,,,,,,,,,,,,,,,,,,,,,,,,,,,,,,,,,,,,,,,,,,,,,,,,,,,,,,1,,,,,,,,,,,,,,,,,,,,,,,,,,,,,,,,,,,,,,,,,,,,,,,,,,,,,,,,,,,,,,,,,2,,,,,,,,,,,,,,,,,,,,,,,,,,,,,,,,,,,,,,,,,,,1,,,1,,,,,,,,,,,,,,,,,,,,,,,,,,,,,,,,,,,,
MidYQV1Jxnv,70909 Beldandi Rural Municipality,70909,,,,,,,,,,,,,,,,,,,,,,,,1,,,,,,,,,,,,2,,,,,,,,,,,,,,,,,,,,,,,,,,,,,,,,10,,,,,,,,,,,,,,,,,,,,1,,,,,,,,,,,,,8,,,,,,,,,,,,,,,,,,,,,,,,,,,,,,,,,,,,,,,,,,,,,,,,,,,2,,,,,,,,,,,,,,,1,,,,,,,,,,,,,,,,,,,,,,,,,,,,,,,,,,,,,,,,,,,,,,,8,,,,,,3,,,,,,,,,,,,,,,,,,,,,,,,,,1,,,,,,,,,,,,,
WZx3wCWLlU2,20211 Laxmipur Patari Rural Municipality,20211,,,,,,,,,,,,,,,,,,,,,,,,,,,,,,,,,,,,,,,,,,,,,,,,,,,,,,,,,,,,,,,,,,,,,,,,,,,,,,,,,,,,,,,,,,,,,,,,,,,,,,,,,,,,,,,,,,,,,,,,,,,,,,,,,,,,,,,,,,,,,,,,,,,,,,,82,,,,,,,,,,,,,,,,,,,,,,,,,,,,,,,,,,,,,,,,,,,,,,,,,,,,,,,,,,,,,,,,,,,,,,,,,,,,,,,,,,,,,,,,,,,,,,,,,,,,,,,,,,,,
gannbFbizVo,310 RAMECHHAP,310,,,2,1,,4,,,,,,,1,,,5,,,1,1,3,7,,,1,1,,,1,,7,,,,,18,,,1,2,9,,,1,,1,,,,4,1,1,,,2,,6,,,11,7,,,6,5,,,7,,,2,11,,,2,,,,3,13,,,12,,,1,,3,,,1,,,2,4,,2,,,9,7,,1,1,1,2,,,1,1,7,,6,,,,,,9,,,9,,,,,,1,,1,2,,1,3,,1,,1,8,10,,,1,,,5,2,,1,,,6,10,,1,4,3,2,1,,4,,6,2,,,,,,2,1,,,,,7,,,1,7,,,,,8,,,,1,1,,12,9,4,,,,1,,3,,,,3,,1,1,,,1,,5,11,2,,1,,,,2,,2,,12,,,6,,,,,,,,,,,3,6,,,,,1,1,3,,,,2,1,11,,,,1,,,
ZxJiWxbQnck,51008 Rapti Rural Municipality,51008,,,,,,,,,,,,1,,,,,,,,,,,,,,,,,,,,,,,,53,,,,,,,,,,,,,,2,,,,,,,,,,,,,,,,,,,,,,,,,,,,,,,,,,,,,,,,,28,,,,,,,,,,,,,,,,,,,,,,,,,,,,,,,,,,,,,,,,,,,,,,,,,,,,,25,,,,,,,,,,,,,,,,,,,,,,,,,,,,,,,,,,,,,,,,,,,,,,,1,,,,,,,,,,,,,,,,,,,,,,,5,,,,,,,,,,,,,,,,,,,,,,,,,,,,,,,,,,,,,,,,,,,,,1
Jder3u2LeBr,20401 Bardibas Municipality,20401,,2,1,,,,,,,,,,,,,,,,,,,,,,12,,,1,,,,,,,,12,,,1,,2,,,,,,,,,,,,2,,,,,,,7,,,,,1,,,1,,,,,,,,,,,,,,,,,,,,,,,,,,,1,,,,,,,,,,,,,,,,,,,,1,,2,,5,,,,,,,,,,,,,,,,,7,,,,,,,,,1,,5,,,,,5,,2,,,,,,,,,,,,,6,,,1,,,,,,,,,,,,,5,,,,,,,,,,,,,2,,,,2,,,,,,,,,,,,,,,,,,,,6,,,,,,,,,,,,,,,,,,,,,,,,,,1,,,,,,,,,,,,,
REJz6rWHGxN,10609 Aamchowk Rural Municipality,10609,,,,,,1,,,,,1,,,,,,,,,,,,,,,,,,,,,,,,,,,,,,,,,,,,,,,,,,,,,,,,,,,,,1,,,,,,,,,,,,,,,,,,,2,,,,,,,,,,,,,,1,,,,,,,,,,,,,,1,,,,,,,,,,,1,,,,,,,,,,,,,,,,,,1,,,3,,,,,,,,,,,,,,,,,,,,,,,,,,,,,,,,,1,,,,,,,,,1,,,,,,,,,1,,,,,,,,,,,,,,,,,,,,1,,,,,,,,,,1,,,3,,,,,,,,,,,,,,,,,,,,,,,,,,,,,,,,
PjkAYw0M8s9,61005 Bheriganga Municipality,61005,,,,,,,,,,,,,,,,,,,,,,,,,,,,,,,,,,,,1,,,,,,,,,,,,,,,,,,,1,,,,,,,,,,,,,,,,,,,,,,,,,,,,,,,,,,,,,,,,,,,,,,,,,,,,,,,,,,,,,,,,,,,,,,,,,,,,,,,,,,,,,,,,,,,,,,,,,1,,,,,,,,,,,,,,,,,,,,,,,,,,,,,,,,,,,,,,,,,,,,,,,,,,,,,,,,,,,,,,,,,,,,,,,,,,,,,,,,,,,,,,,,,,,,,,,,,,,,,,,,,,,
piWZ5DyW8lE,30408 Siddhalek Rural Municipality,30408,,,,,,3,,,,,,,,,,,,,,,,,,,,,,,,,,,,,,10,,,,,,,,,,,,,,1,,,,,,,,,,5,1,,,,1,,,,,,,,,,,,,,,,,,,,,,,,,,2,,,,,,,,,,,,,,,,,,,,,,,,,,,,1,,,,,,,,1,,,,,,,,,,,,,,,,1,,,,1,,,,,1,1,,,,,,,,,,1,,,,,,,,,,,,,,,,,,,,,,,1,,,,,,,,,,,,,3,2,,,,,,,,,,,,,,,,,,,,,,,,,,,,,,1,,,2,,,,,1,,,,,,,,,,,,,,,,,,,,,1
JOFQcGku0Bj,50203 Paribartan Rural Municipality,50203,,,,,,5,,,,1,,,,,,,,,,,,,,2,,,,,,,,,,,,4,,,,,,,,,,,,,,,,,,,,,,,,2,,,,,,,,,,,,1,,,,,,,1,2,,,,,,,,3,,,,,,,,,,,,,,,2,,,,,,,,,,,,,,,,3,,,,,,,,,,,,,,,1,,,,,1,,,,,,,,,,,,,2,,,,,,,1,,1,,,,,,1,,,,,,,,,1,,,,,,,,,,,,,,,,4,,2,,,,,,,,,,,,,,,,,,,,,,,1,,,2,,,,,,,1,,,,,,,,,,,,,,,,,,,,,,,,,2,,,,,,,
NSLL7YIXBJH,704 BAITADI,704,,,,,,,,,,,,,,,,,,,,2,1,,,,1,,,2,,,,,,,,29,,,3,,,,,,,,,,,2,,1,,,,,1,,,4,,,,1,2,,,2,,,1,2,,,2,,,,1,3,,1,2,,,,,3,,,8,,,,,,4,,,1,6,,1,,,,,,,,,,,,,,,,3,,,1,1,,,,,,1,,1,,1,,,,,,4,,,1,,2,1,,,,,,,14,,,,,,,,,1,,,,,,1,,1,,,,,,,3,,,2,3,,,1,,,,,,,,,,,,,,,,,2,,1,,1,,,,,,,,2,2,2,,,,,,3,,,,,,,1,,,,,,1,,,,,,,,,,,,,1,,,,,,,,,,,1,,
BnMyon9qUaj,10306 Necha Salyan Rural Municipality,10306,,,,,,2,,,,,,,,,,,,,,,1,,,,,,,,,,,,,,,3,,,,,,,1,,,,,,,,,,1,,,,,,,,,,,,,,,,,,,,,,,,,,,1,,,,,,1,,,,,1,,,,,,,,,,5,,1,,,,,,,,,,,,,,,,,,,,,,,,,,,,,,,,,,,,,,,,,,,,,,,,,1,,,,,,,,,,,,,,,,,,,,,,,,1,,,,,,,,,,,,,,,,,,,,,,,,,,,,1,,,,,,,,,1,1,,,,,,,,,,,,,,,1,,,,1,,,,,,,,,,,,,,,,,,,,,,,1,,,
RGfG4rzHv7x,50610 Nisdi Rural Municipality,50610,,,,,,,1,,,,,,,,,,,,,,1,,,1,,2,,,,,,,,,,1,,,,,,,,,,,,,,,,,,,1,,,,,,,,,,,,,,,,,,,,,,,1,,1,,,1,,,,,1,,,1,,,,,,,,,,,,,,,,,,,,1,,,,,,1,,,,,,,,,,,,,1,,,,,,,,,,,,,,,,,,,,,,,,1,,,,,,,,,,,,,,,,,,,,,,2,1,,,,1,,,,2,,,,,,,,,,,,,,,1,,,,,,,,,,,,,,,,,,,,,,,,,,1,,,,,,,,,,,,,,,,,,,,,,,,,,,,,,,,,
MaArAXGzq0b,30405 Netrawati Rural Municipality,30405,,,,,,,,,,,,,,,,3,,,,,,,,,,,,,2,,,,,,,,,,,,,,,,,,,,,1,,,,,3,,,,,,3,,,,,,,2,,,,5,,,,,,,,,,,,,,,,,,,,,,,,,,,,,,,,,,,,,,,,,,,,,,,,,,1,,,,,,,,,,,,,,,,,,1,,,,,,,,,1,,,,2,,,,,,,,,,,1,,,1,,,,,,,,,,,,4,1,,,,,,,,,,,,,,,,,,,,,,,,,,,,,,,,1,,2,,,,,,1,,,,,,,,,,,,,,,,,,,,,,,,,1,2,,,,,,,,,,,,,
BfVFDcrQ4c9,41001 Modi Rural Municipality,41001,,,1,,,2,,,,,,,,,,,,,,,,1,,,2,,,,,,,,,1,,3,,,,,,,,,,,,,,,,,,,,,1,,,1,,1,,,1,,,2,,,,1,,,1,,,,1,1,,,,,,,,,,,,,,,,,,,,1,1,,,,,,,,,,,,,,,,,,1,,,,,,,,,1,,,,,,,,,,,1,1,,2,,,,,,,,,,2,,1,,1,,,,,,,2,,,,,,,,,,,,,1,,,1,1,,,2,,3,,,,,,,,,,,,,,,1,,,,1,,,,,,,,,,,,,,,,,,,,,,,1,,,,,,,,1,,,,,,,,,,,,,,,,,,,,1,,,,
yPHX34J5S5u,30703 Madhyapur Thimi Municipality,30703,,,,,,,,,,,,,,,,,,,,,,1,,1,,,,,,,,,,2,,,,,,,1,,,,,,,,,,,,,,,,,,,,,,,,,,,,,,,,,,5,,,,,,,,,,,,,1,,,,,,,,,1,,,,1,,,,,,,,,,,,,,,,,,,,,,,,,,,,,,,,,,,,,,,,,,,,,,,,,,,,1,,,,,,1,,,1,1,,,,,,,,,,2,,,,,,1,6,,,,,,,,,,,,,,1,,,,1,,,,,,,,,,,1,,,,,2,,1,,,,,,,,,,,,,2,,,,,,1,,,,,1,,,,,,,,,,,,,,,,,,,
bdOniUUPLUd,11406 Tapli Rural Municipality,11406,,,,,,,,,,,,,,,,,,,,,,,,,,,,,,,,,,,,,,,,,,,,,,,,,,,,,,,,,,,,,,,,,,,,,,,,,,,,,,,,,1,,,,,,,,,,,,,,,,,,,1,,,,,,,,,,,,,,,,,,1,,,,,,,,,,,,,,,,,,,,,,,,,,,,,,,,,,,,1,,,,,,,,,,,,,,,,,,,,,,,,1,,,,,,,,,,,,,,,,,,,,,,1,,,,,1,,,,,,,1,,,,,,,,,,,,,,,,,,,,,,1,,,,,,,,,,,,,,,,,,,,,,,,,
zqnuKR0JAhJ,70309 Lekam Rural Municipality,70309,,,,,,,,,,,,,,,,,,,,,,,,,,,,,,,,,,16,,4,,,,,,,,,,,,,,,,,,,,,,,,,,,,,,,,,,,,,,,,,,,,,,,,,,,,,,,,,,,,,,,,,,,,,,,,,,,,,,,,,,,,,,,,,,,,,,,,,,,,,,,,,,,,,,,,,,,,4,,,,,,,,,,,,,,,,,,,,,,,,,,,,,,,,,,,,,,,,,,,,,,,,,,,,,,,,,,,,,,,,,,,,,,,,,,,,,,,,,,,,,,,,,,,,,,,,,,,,,,,,,,,
XG7X38Ke2bh,10302 Mahakulung Rural Municipality,10302,,,,,,1,,,,,,,,,,1,,,,3,4,2,,,,,,,,,3,,,,,5,,1,,,2,,,,,,,,,4,,,1,,1,,,,,2,,,3,2,3,,,3,,,,3,,,,,,,1,2,,,4,,,,,1,,,1,,,,,,2,,1,,,,5,1,,9,,,,,,,,,,,2,,6,,,5,,,2,,,,,1,,,2,4,,,,1,,5,,,1,,,,,,,,,2,5,,,,,,,,,,1,,,,,,,,,,,1,,,1,,3,4,,,,,,,,,,,1,3,,1,,,,2,,1,,,,6,,,,,,1,,5,5,2,,,,,,7,,3,,1,,,,,,,,,,,,,,1,,1,,,,,,,,,,,,,,,1,5,,,
PPGIT7pWlmR,10605 Arun Rural Municipality,10605,,,,,,1,,,,,,,,,,,,,,,,,,,,,,,,,,,,,,,,,,,,,,,,,,,,,,,,,,,,,,,,,,,,,,,,,,,,,,,,,,,,,,,,,,,,,,,,,2,,,,,,,,,,,1,,,,,,,,,,,,,1,,,,,,,,,,,,,,,,,,,,,,1,,,,,,,,,,,,,,1,,,,,,,,,,,,,,,1,,,,,,,,,,,,,,,,,,,,,,,,,,,,,,,,,,,,,,,,,,2,,,,,,,,,,,,,,,,,,,,,,,,,,,,,,,,,,,,,,,,,,,,,,,
cMni1fmiBhC,50702 Sunawal Municipality,50702,,,,,,,,,,1,,,,,,,,,,,,2,,,,,,,,,,,4,,,,,,,,,,,,,,,,,,,,,,,,,,,,,,,,,,,,,,,,,,,5,,,,,,,,,,,,,,,,,,,,,,,4,,,,10,,,,,,,,,,,,,,,2,,,,,,,,,,,,,,,,,,,5,,,,,,,,,,,,,,,,,,,,,,,,3,,,5,4,,,,,,,,,,,1,,,,,,,,,,,,,,,,,,,,,,,,,,,,,,1,,,,,,,,,,,,,,,2,,,,,,6,,,,,,,,,,,,,,,,,,,,,,,,,,,,,,,,
